NC_000915.1	NC_011333.1	NC_011498.1	NC_012973.1	NC_014256.1
HP1530	HPG27_RS07590	HPP12_RS07705	HELPY_RS07310	HPB8_RS00005
HP1529	HPG27_RS07585	HPP12_RS07700	HELPY_RS07305	HPB8_RS00010
-	-	HPP12_RS07695	HELPY_RS07300	HPB8_RS00015
HP1527	HPG27_RS07580	HPP12_RS07690	HELPY_RS07295	HPB8_RS00020
HP1526	HPG27_RS07570	HPP12_RS07680	HELPY_RS07285	HPB8_RS00030
HP1525	HPG27_RS07565	HPP12_RS07675	HELPY_RS07280	HPB8_RS00035
HP1524	HPG27_RS07560	HPP12_RS07670	HELPY_RS07275	HPB8_RS00040
HP1523	HPG27_RS07555	HPP12_RS07665	HELPY_RS07270	HPB8_RS00045
-	HPG27_RS07550	HPP12_RS07660	HELPY_RS07265	HPB8_RS00050
-	HPG27_RS07545	-	HELPY_RS07260	HPB8_RS00055
HP1521	HPG27_RS02880	HPP12_RS07655	HELPY_RS07255	HPB8_RS00060
-	HPG27_RS07530	HPP12_RS07640	-	HPB8_RS00070
-	HPG27_RS07525	-	-	HPB8_RS00075
-	HPG27_RS07520	-	-	HPB8_RS00080
HP1514	HPG27_RS07515	HPP12_RS07625	HELPY_RS07230	HPB8_RS00085
HP1513	HPG27_RS07510	HPP12_RS07620	HELPY_RS07225	HPB8_RS00090
HP1512	HPG27_RS07505	HPP12_RS07615	HELPY_RS07220	HPB8_RS00095
HP1511	HPG27_RS07500	HPP12_RS07610	HELPY_RS07215	HPB8_RS00100
HP1510	HPG27_RS07495	HPP12_RS07605	HELPY_RS07210	HPB8_RS00105
HP1509	HPG27_RS07490	HPP12_RS07600	HELPY_RS07205	HPB8_RS00110
HP1508	HPG27_RS07485	HPP12_RS07595	HELPY_RS07200	HPB8_RS00115
HP1507	HPG27_RS07480	HPP12_RS07590	HELPY_RS07195	HPB8_RS00120
HP1506	HPG27_RS07475	HPP12_RS07585	HELPY_RS07190	HPB8_RS00125
HP1505	HPG27_RS07470	HPP12_RS07580	HELPY_RS07185	HPB8_RS00130
HP1504	HPG27_RS07465	HPP12_RS07575	HELPY_RS07180	HPB8_RS00135
HP1503	-	HPP12_RS07570	HELPY_RS07175	HPB8_RS00140
HP1502	HPG27_RS07455	HPP12_RS07565	HELPY_RS07170	HPB8_RS00145
HP1501	HPG27_RS07450	HPP12_RS07560	HELPY_RS07165	HPB8_RS00150
-	-	-	HELPY_RS07160	HPB8_RS00155
-	HPG27_RS07440	-	-	HPB8_RS00160
-	HPG27_RS07435	-	-	HPB8_RS00165
HP1498	HPG27_RS07430	HPP12_RS07545	HELPY_RS07150	HPB8_RS00170
HP1497	HPG27_RS07425	HPP12_RS07540	HELPY_RS07145	HPB8_RS00175
HP1496	HPG27_RS07420	HPP12_RS07535	HELPY_RS07140	HPB8_RS00180
HP1495	HPG27_RS07415	HPP12_RS07530	HELPY_RS07135	HPB8_RS00185
HP1494	HPG27_RS07410	HPP12_RS07525	HELPY_RS07130	HPB8_RS00190
HP1493	HPG27_RS07405	HPP12_RS07520	HELPY_RS07125	HPB8_RS00195
HP1492	HPG27_RS07400	HPP12_RS07515	HELPY_RS07120	HPB8_RS00200
HP1491	HPG27_RS07395	HPP12_RS07510	HELPY_RS07115	HPB8_RS00205
HP1490	HPG27_RS07390	HPP12_RS07505	HELPY_RS07110	HPB8_RS00210
HP1489	HPG27_RS07385	HPP12_RS07500	HELPY_RS07105	HPB8_RS00215
HP1488	HPG27_RS07380	HPP12_RS07495	HELPY_RS07100	HPB8_RS00220
HP1487	HPG27_RS07375	HPP12_RS07490	HELPY_RS07095	HPB8_RS00225
HP1486	HPG27_RS07370	HPP12_RS07485	HELPY_RS07090	HPB8_RS00230
HP1485	HPG27_RS07365	HPP12_RS07480	HELPY_RS07085	HPB8_RS00235
HP1484	HPG27_RS07360	HPP12_RS07475	HELPY_RS07080	HPB8_RS00240
HP1483	HPG27_RS07355	HPP12_RS07470	HELPY_RS07075	HPB8_RS00245
HP1482	HPG27_RS07350	HPP12_RS07465	HELPY_RS07070	HPB8_RS00250
HP1480	HPG27_RS07340	HPP12_RS07455	HELPY_RS07060	HPB8_RS00260
HP1479	HPG27_RS07335	HPP12_RS07450	HELPY_RS07055	HPB8_RS00265
HP1478	HPG27_RS07330	HPP12_RS07445	HELPY_RS07050	HPB8_RS00270
HP1477	HPG27_RS07325	HPP12_RS07440	HELPY_RS07045	HPB8_RS00275
HP1476	HPG27_RS07320	HPP12_RS07435	HELPY_RS07040	HPB8_RS00280
HP1475	HPG27_RS07315	HPP12_RS07430	HELPY_RS07035	HPB8_RS00285
HP1474	HPG27_RS07310	HPP12_RS07425	HELPY_RS07030	HPB8_RS00290
HP1473	HPG27_RS07305	HPP12_RS07420	HELPY_RS07025	HPB8_RS00295
HP1472	HPG27_RS07300	HPP12_RS07415	HELPY_RS07020	HPB8_RS00300
-	HPG27_RS07295	HPP12_RS07410	HELPY_RS07015	HPB8_RS00305
HP1471	-	-	HELPY_RS07010	HPB8_RS00310
HP1470	HPG27_RS07290	HPP12_RS07405	HELPY_RS07005	HPB8_RS00315
HP1469	HPG27_RS07285	HPP12_RS07400	HELPY_RS07000	HPB8_RS00320
HP1468	HPG27_RS07280	HPP12_RS07395	HELPY_RS06995	HPB8_RS00325
HP1467	HPG27_RS07275	HPP12_RS07390	HELPY_RS06990	HPB8_RS00330
HP1466	HPG27_RS07270	HPP12_RS07385	HELPY_RS06985	HPB8_RS00335
HP1465	HPG27_RS07265	HPP12_RS07380	HELPY_RS06980	HPB8_RS00340
HP1464	HPG27_RS07260	HPP12_RS07375	HELPY_RS06975	HPB8_RS00345
HP1463	HPG27_RS07255	HPP12_RS07370	HELPY_RS06970	HPB8_RS00350
HP1462	HPG27_RS07250	HPP12_RS07365	HELPY_RS06965	HPB8_RS00355
HP1461	HPG27_RS07245	HPP12_RS07360	HELPY_RS06960	HPB8_RS00360
HP1460	HPG27_RS07240	HPP12_RS07355	HELPY_RS06955	HPB8_RS00365
HP1459	HPG27_RS07235	HPP12_RS07350	HELPY_RS06950	HPB8_RS00370
HP1458	HPG27_RS07230	HPP12_RS07345	HELPY_RS06945	HPB8_RS00375
HP1457	HPG27_RS07225	HPP12_RS07340	HELPY_RS06940	HPB8_RS00380
HP1456	HPG27_RS07220	HPP12_RS07335	HELPY_RS06935	HPB8_RS00385
HP1455	HPG27_RS07215	HPP12_RS07330	HELPY_RS06930	HPB8_RS00390
HP1454	HPG27_RS07210	HPP12_RS07325	HELPY_RS06925	HPB8_RS00395
-	HPG27_RS07205	HPP12_RS07320	HELPY_RS06920	HPB8_RS00400
HP1453	HPG27_RS07200	HPP12_RS07315	HELPY_RS06915	HPB8_RS00405
HP1452	HPG27_RS07195	HPP12_RS07310	HELPY_RS06910	HPB8_RS00410
HP1451	HPG27_RS07190	HPP12_RS07305	HELPY_RS06905	HPB8_RS00415
HP1450	HPG27_RS07185	HPP12_RS07300	HELPY_RS06900	HPB8_RS00420
HP1449	HPG27_RS07180	HPP12_RS07295	HELPY_RS06895	HPB8_RS00425
HP1448	-	HPP12_RS07290	HELPY_RS06890	HPB8_RS00430
HP1447	HPG27_RS07170	HPP12_RS07285	HELPY_RS06885	HPB8_RS00435
HP1446	HPG27_RS07165	HPP12_RS07280	HELPY_RS06880	HPB8_RS00440
HP1445	HPG27_RS07160	HPP12_RS07275	HELPY_RS06875	HPB8_RS00445
HP1444	HPG27_RS07155	HPP12_RS07270	HELPY_RS06870	HPB8_RS00450
HP1443	HPG27_RS07150	HPP12_RS07265	HELPY_RS06865	HPB8_RS00455
HP1442	HPG27_RS07145	HPP12_RS07260	HELPY_RS06860	HPB8_RS00460
HP1441	HPG27_RS07140	HPP12_RS07255	HELPY_RS06855	HPB8_RS00465
HP1440	HPG27_RS07135	HPP12_RS07250	HELPY_RS06850	HPB8_RS00470
-	-	-	-	HPB8_RS00480
-	HPG27_RS07120	-	HELPY_RS06840	HPB8_RS00485
HP1436	HPG27_RS07105	HPP12_RS07215	HELPY_RS06825	HPB8_RS00500
HP1435	HPG27_RS07100	HPP12_RS07210	HELPY_RS06820	HPB8_RS00505
HP1434	HPG27_RS07095	HPP12_RS07205	HELPY_RS06815	HPB8_RS00510
HP1383	-	HPP12_RS07730	HELPY_RS07330	HPB8_RS00515
-	HPG27_RS07080	HPP12_RS07190	HELPY_RS06805	HPB8_RS00520
HP1431	HPG27_RS07075	HPP12_RS07185	HELPY_RS06800	HPB8_RS00525
HP1430	HPG27_RS07070	HPP12_RS07180	HELPY_RS06795	HPB8_RS00530
HP1429	HPG27_RS07065	HPP12_RS07175	HELPY_RS06790	HPB8_RS00535
HP1428	HPG27_RS07060	HPP12_RS07170	HELPY_RS06785	HPB8_RS00540
-	-	-	-	HPB8_RS00555
HP1424	HPG27_RS07050	HPP12_RS07155	HELPY_RS06770	HPB8_RS00560
HP1423	HPG27_RS07045	HPP12_RS07150	HELPY_RS06765	HPB8_RS00565
HP1422	HPG27_RS07040	HPP12_RS07145	HELPY_RS06760	HPB8_RS00570
HP1421	HPG27_RS07035	HPP12_RS07140	HELPY_RS06755	HPB8_RS00575
HP1420	HPG27_RS07030	HPP12_RS07135	HELPY_RS06750	HPB8_RS00580
HP1419	HPG27_RS07025	HPP12_RS07130	HELPY_RS06745	HPB8_RS00585
HP1418	HPG27_RS07020	HPP12_RS07125	HELPY_RS06740	HPB8_RS00590
HP1351	HPG27_RS06795	HPP12_RS06750	HELPY_RS06520	HPB8_RS00600
HP1350	HPG27_RS06790	HPP12_RS06745	HELPY_RS06460	HPB8_RS00605
HP1349	HPG27_RS06785	HPP12_RS06740	HELPY_RS06455	HPB8_RS00610
HP1348	HPG27_RS06780	HPP12_RS06735	HELPY_RS06450	HPB8_RS00615
HP1347	HPG27_RS06775	HPP12_RS06730	HELPY_RS06445	HPB8_RS00620
HP1346	HPG27_RS06770	HPP12_RS06725	HELPY_RS06440	HPB8_RS00625
HP1345	HPG27_RS06765	HPP12_RS06720	HELPY_RS06435	HPB8_RS00630
HP1344	HPG27_RS06760	HPP12_RS06715	HELPY_RS06430	HPB8_RS00635
HP1343	HPG27_RS06755	HPP12_RS06710	HELPY_RS06425	HPB8_RS00640
HP1342	HPG27_RS01135	HPP12_RS06705	HELPY_RS06420	HPB8_RS00645
HP1341	HPG27_RS06745	HPP12_RS06700	HELPY_RS06415	HPB8_RS00650
HP1340	HPG27_RS06740	HPP12_RS06695	HELPY_RS06410	HPB8_RS00655
HP1339	HPG27_RS06735	HPP12_RS06690	HELPY_RS06405	HPB8_RS00660
HP1338	HPG27_RS06730	HPP12_RS06685	HELPY_RS06400	HPB8_RS00665
HP1337	HPG27_RS06725	HPP12_RS06680	HELPY_RS06395	HPB8_RS00670
HP1336	HPG27_RS06720	HPP12_RS06675	HELPY_RS06390	HPB8_RS00675
HP1335	HPG27_RS06715	HPP12_RS06670	HELPY_RS06385	HPB8_RS00680
HP1333	HPG27_RS06705	HPP12_RS06665	HELPY_RS06380	HPB8_RS00685
HP1332	HPG27_RS06700	HPP12_RS06660	HELPY_RS06375	HPB8_RS00690
HP1331	HPG27_RS06695	HPP12_RS06655	HELPY_RS06370	HPB8_RS00695
HP1330	HPG27_RS06690	HPP12_RS06650	HELPY_RS06365	HPB8_RS00700
HP1329	HPG27_RS06685	HPP12_RS06645	HELPY_RS06360	HPB8_RS00705
HP1328	HPG27_RS06680	HPP12_RS06640	HELPY_RS06355	HPB8_RS00710
HP1327	HPG27_RS06675	HPP12_RS06635	HELPY_RS06350	HPB8_RS00715
HP1326	HPG27_RS06670	HPP12_RS06630	HELPY_RS06345	HPB8_RS00720
HP1325	HPG27_RS06665	HPP12_RS06625	HELPY_RS06340	HPB8_RS00725
HP1324	-	-	HELPY_RS06335	HPB8_RS00730
HP1323	HPG27_RS06655	HPP12_RS06615	HELPY_RS06330	HPB8_RS00735
HP1322	HPG27_RS06650	HPP12_RS06610	HELPY_RS06325	HPB8_RS00740
HP1321	HPG27_RS06645	HPP12_RS06605	HELPY_RS06320	HPB8_RS00745
HP1320	HPG27_RS06640	HPP12_RS06600	HELPY_RS06315	HPB8_RS00750
HP1319	HPG27_RS06635	HPP12_RS06595	HELPY_RS06310	HPB8_RS00755
HP1318	HPG27_RS06630	HPP12_RS06590	HELPY_RS06305	HPB8_RS00760
HP1317	HPG27_RS06625	HPP12_RS06585	HELPY_RS06300	HPB8_RS00765
HP1316	HPG27_RS06620	HPP12_RS06580	HELPY_RS06295	HPB8_RS00770
HP1315	HPG27_RS06615	HPP12_RS06575	HELPY_RS06290	HPB8_RS00775
HP1314	HPG27_RS06610	HPP12_RS06570	HELPY_RS06285	HPB8_RS00780
HP1313	HPG27_RS06605	HPP12_RS06565	HELPY_RS06280	HPB8_RS00785
HP1312	HPG27_RS06600	HPP12_RS06560	HELPY_RS06275	HPB8_RS00790
HP1311	HPG27_RS06595	HPP12_RS06555	HELPY_RS06270	HPB8_RS00795
HP1310	HPG27_RS06590	HPP12_RS06550	HELPY_RS06265	HPB8_RS00800
HP1309	HPG27_RS06585	HPP12_RS06545	HELPY_RS06260	HPB8_RS00805
HP1308	HPG27_RS06580	HPP12_RS06540	HELPY_RS06255	HPB8_RS00810
HP1307	HPG27_RS06575	HPP12_RS06535	HELPY_RS06250	HPB8_RS00815
HP1306	HPG27_RS06570	-	HELPY_RS06245	HPB8_RS00820
HP1305	HPG27_RS06565	HPP12_RS06525	HELPY_RS06240	HPB8_RS00825
HP1304	HPG27_RS06560	HPP12_RS06520	HELPY_RS06235	HPB8_RS00830
HP1303	HPG27_RS06555	HPP12_RS06515	HELPY_RS06230	HPB8_RS00835
HP1302	HPG27_RS06550	HPP12_RS06510	HELPY_RS06225	HPB8_RS00840
HP1301	HPG27_RS06545	HPP12_RS06505	HELPY_RS06220	HPB8_RS00845
HP1300	HPG27_RS06540	HPP12_RS06500	HELPY_RS06215	HPB8_RS00850
HP1299	HPG27_RS06535	HPP12_RS06495	HELPY_RS06210	HPB8_RS00855
HP1298	HPG27_RS06530	HPP12_RS06490	HELPY_RS06205	HPB8_RS00860
HP1297	HPG27_RS06525	HPP12_RS06485	HELPY_RS06200	HPB8_RS00865
HP1296	HPG27_RS06520	HPP12_RS06480	HELPY_RS06195	HPB8_RS00870
HP1295	HPG27_RS06515	HPP12_RS06475	HELPY_RS06190	HPB8_RS00875
HP1294	HPG27_RS06510	HPP12_RS06470	HELPY_RS06185	HPB8_RS00880
HP1293	-	HPP12_RS06465	HELPY_RS06180	HPB8_RS00885
HP1292	HPG27_RS06500	HPP12_RS06460	HELPY_RS06175	HPB8_RS00890
HP1291	HPG27_RS06495	HPP12_RS06455	HELPY_RS06170	HPB8_RS00895
HP1290	HPG27_RS06490	HPP12_RS06450	HELPY_RS06165	HPB8_RS00900
HP1289	HPG27_RS03305	HPP12_RS06445	HELPY_RS06160	HPB8_RS00905
HP1288	-	HPP12_RS06440	-	HPB8_RS00910
HP1287	HPG27_RS06485	-	HELPY_RS06150	HPB8_RS00915
HP1286	HPG27_RS06480	-	HELPY_RS06145	HPB8_RS00920
HP1285	HPG27_RS06475	HPP12_RS06425	HELPY_RS06140	HPB8_RS00925
HP1284	HPG27_RS06470	HPP12_RS06420	HELPY_RS06135	HPB8_RS00930
HP1282	HPG27_RS06430	HPP12_RS06410	HELPY_RS06130	HPB8_RS00935
HP1281	HPG27_RS06425	HPP12_RS06405	HELPY_RS06125	HPB8_RS00940
HP1280	HPG27_RS06420	HPP12_RS06400	HELPY_RS06120	HPB8_RS00945
HP1279	HPG27_RS06415	HPP12_RS06395	HELPY_RS06115	HPB8_RS00950
HP1278	HPG27_RS06410	HPP12_RS06390	HELPY_RS06110	HPB8_RS00955
HP1277	HPG27_RS06405	HPP12_RS06385	HELPY_RS06105	HPB8_RS00960
HP1276	HPG27_RS06395	-	-	HPB8_RS00965
HP1275	HPG27_RS06390	HPP12_RS06375	HELPY_RS06095	HPB8_RS00970
HP1274	HPG27_RS06385	HPP12_RS06370	HELPY_RS06090	HPB8_RS00975
HP1273	HPG27_RS06380	HPP12_RS06365	HELPY_RS06085	HPB8_RS00980
HP1272	-	HPP12_RS06360	HELPY_RS06080	HPB8_RS00985
HP1271	HPG27_RS06370	HPP12_RS06355	HELPY_RS06075	HPB8_RS00990
HP1270	HPG27_RS06365	HPP12_RS06350	HELPY_RS06070	HPB8_RS00995
HP1269	HPG27_RS06360	HPP12_RS06345	HELPY_RS06065	HPB8_RS01000
HP1268	HPG27_RS06355	HPP12_RS06340	HELPY_RS06060	HPB8_RS01005
HP1267	HPG27_RS06350	HPP12_RS06335	HELPY_RS06055	HPB8_RS01010
HP1266	HPG27_RS06345	HPP12_RS06330	HELPY_RS06050	HPB8_RS01015
HP1265	HPG27_RS06340	HPP12_RS06325	HELPY_RS06045	HPB8_RS01020
HP1264	HPG27_RS06335	HPP12_RS06320	HELPY_RS06040	HPB8_RS01025
HP1263	HPG27_RS06330	HPP12_RS06315	HELPY_RS06035	HPB8_RS01030
HP1262	HPG27_RS06325	HPP12_RS06310	HELPY_RS06030	HPB8_RS01035
HP1261	HPG27_RS06320	HPP12_RS06305	HELPY_RS06025	HPB8_RS01040
HP1260	HPG27_RS06315	HPP12_RS06300	HELPY_RS06020	HPB8_RS01045
-	HPG27_RS06310	HPP12_RS06295	HELPY_RS06015	HPB8_RS01050
HP1258	HPG27_RS06305	HPP12_RS06290	HELPY_RS06010	HPB8_RS01055
HP1257	HPG27_RS06300	HPP12_RS06285	HELPY_RS06005	HPB8_RS01060
HP1256	HPG27_RS06295	HPP12_RS06280	HELPY_RS06000	HPB8_RS01065
HP1255	HPG27_RS06290	HPP12_RS06275	HELPY_RS05995	HPB8_RS01070
HP1254	HPG27_RS06285	HPP12_RS06270	HELPY_RS05990	HPB8_RS01075
HP1253	HPG27_RS06280	HPP12_RS06265	HELPY_RS05985	HPB8_RS01080
HP1252	-	HPP12_RS06260	HELPY_RS05980	HPB8_RS01085
HP1251	HPG27_RS06270	HPP12_RS06255	HELPY_RS05975	HPB8_RS01090
HP1250	HPG27_RS06265	HPP12_RS06250	HELPY_RS05970	HPB8_RS01095
HP1249	HPG27_RS06260	HPP12_RS06245	HELPY_RS05965	HPB8_RS01100
HP1247	HPG27_RS06250	HPP12_RS06235	HELPY_RS05955	HPB8_RS01110
HP1246	HPG27_RS06245	HPP12_RS06230	HELPY_RS05945	HPB8_RS01115
HP1245	HPG27_RS06240	HPP12_RS06225	HELPY_RS05940	HPB8_RS01120
HP1244	HPG27_RS06235	HPP12_RS06220	HELPY_RS05935	HPB8_RS01125
-	-	-	-	-
HP1242	HPG27_RS06220	HPP12_RS06210	HELPY_RS05925	HPB8_RS01135
HP1241	-	HPP12_RS06205	HELPY_RS05920	HPB8_RS01140
HP1240	HPG27_RS06210	HPP12_RS06200	HELPY_RS05915	HPB8_RS01145
-	-	HPP12_RS06190	HELPY_RS05910	HPB8_RS01150
HP1238	HPG27_RS06200	HPP12_RS06185	HELPY_RS05905	HPB8_RS01155
HP1237	HPG27_RS06195	HPP12_RS06180	HELPY_RS05900	HPB8_RS01160
HP1236	HPG27_RS06190	HPP12_RS06175	HELPY_RS05895	HPB8_RS01165
HP1235	HPG27_RS06185	HPP12_RS06170	HELPY_RS05890	HPB8_RS01170
HP1233	HPG27_RS06175	HPP12_RS06160	HELPY_RS05880	HPB8_RS01180
HP1232	HPG27_RS06170	HPP12_RS06155	HELPY_RS05875	HPB8_RS01185
HP1231	HPG27_RS06165	HPP12_RS06150	HELPY_RS05870	HPB8_RS01190
HP1230	HPG27_RS06160	HPP12_RS06145	HELPY_RS05865	HPB8_RS01195
HP1229	HPG27_RS06155	HPP12_RS06140	HELPY_RS05860	HPB8_RS01200
HP1228	HPG27_RS06150	HPP12_RS06135	HELPY_RS05855	HPB8_RS01205
HP1227	HPG27_RS06145	HPP12_RS06130	HELPY_RS05850	HPB8_RS01210
HP1226	HPG27_RS06140	HPP12_RS06125	HELPY_RS05845	HPB8_RS01215
HP1225	HPG27_RS06135	HPP12_RS06120	HELPY_RS05840	HPB8_RS01220
HP1224	HPG27_RS06130	HPP12_RS06115	HELPY_RS05835	HPB8_RS01225
HP1223	HPG27_RS06125	HPP12_RS06110	HELPY_RS05830	HPB8_RS01230
HP1222	HPG27_RS06120	HPP12_RS06105	HELPY_RS05825	HPB8_RS01235
HP1221	HPG27_RS06115	HPP12_RS06100	HELPY_RS05820	HPB8_RS01240
HP1220	HPG27_RS06110	HPP12_RS06095	HELPY_RS05815	HPB8_RS01245
HP1388	-	HPP12_RS06085	-	HPB8_RS01255
HP1387a	-	HPP12_RS06080	-	HPB8_RS01260
HP1218a	HPG27_RS06105	-	HELPY_RS05810	HPB8_RS01265
HP1218	HPG27_RS06100	HPP12_RS06075	HELPY_RS05805	HPB8_RS01270
HP1217	HPG27_RS06095	HPP12_RS06070	HELPY_RS05800	HPB8_RS01275
-	HPG27_RS06090	HPP12_RS06065	HELPY_RS05795	HPB8_RS01280
HP1214	HPG27_RS06085	HPP12_RS06060	HELPY_RS05790	HPB8_RS01285
HP1213	HPG27_RS06080	HPP12_RS06055	HELPY_RS05785	HPB8_RS01290
HP1212	HPG27_RS06075	HPP12_RS06045	HELPY_RS05780	HPB8_RS01295
HP1210	HPG27_RS06060	HPP12_RS06030	HELPY_RS05765	HPB8_RS01310
HP1208	HPG27_RS06050	HPP12_RS06020	HELPY_RS05750	HPB8_RS01320
HP1207	HPG27_RS06045	HPP12_RS06015	HELPY_RS05745	HPB8_RS01325
HP1206	HPG27_RS06040	HPP12_RS06010	HELPY_RS05740	HPB8_RS01330
HP1205	HPG27_RS06015	HPP12_RS05985	HELPY_RS05715	HPB8_RS01355
HP1204	HPG27_RS06010	-	HELPY_RS05710	HPB8_RS01360
HP1203a	HPG27_RS06000	HPP12_RS05970	HELPY_RS05700	HPB8_RS01370
HP1203	HPG27_RS05995	HPP12_RS05965	HELPY_RS05695	HPB8_RS01375
HP1202	HPG27_RS05990	HPP12_RS05960	HELPY_RS05690	HPB8_RS01380
HP1201	HPG27_RS05985	HPP12_RS05955	HELPY_RS05685	HPB8_RS01385
HP1200	HPG27_RS05980	HPP12_RS05950	HELPY_RS05680	HPB8_RS01390
HP1199	HPG27_RS05975	HPP12_RS05945	HELPY_RS05675	HPB8_RS01395
HP1198	-	-	HELPY_RS05670	HPB8_RS01400
HP1197	HPG27_RS05960	HPP12_RS05930	HELPY_RS05665	HPB8_RS01405
HP1196	HPG27_RS05955	HPP12_RS05925	HELPY_RS05660	HPB8_RS01410
HP1195	HPG27_RS05950	HPP12_RS05920	HELPY_RS05655	HPB8_RS01415
HP1193	HPG27_RS05945	HPP12_RS05915	HELPY_RS05650	HPB8_RS01420
HP1192	HPG27_RS05940	HPP12_RS05905	HELPY_RS05645	HPB8_RS01425
HP1191	HPG27_RS05935	HPP12_RS05900	HELPY_RS05640	HPB8_RS01430
HP1190	HPG27_RS05930	HPP12_RS05895	HELPY_RS05635	HPB8_RS01435
HP1189	HPG27_RS05925	HPP12_RS05890	HELPY_RS05630	HPB8_RS01440
-	-	HPP12_RS05885	-	HPB8_RS01445
HP1186	HPG27_RS05900	HPP12_RS05875	HELPY_RS05620	HPB8_RS01450
HP1185	HPG27_RS05895	HPP12_RS05870	HELPY_RS05615	HPB8_RS01455
HP1184	HPG27_RS05890	HPP12_RS05865	HELPY_RS05605	HPB8_RS01460
HP1183	HPG27_RS05885	HPP12_RS05860	HELPY_RS05600	HPB8_RS01465
HP1182	HPG27_RS05880	HPP12_RS05855	HELPY_RS05595	HPB8_RS01470
HP1181	HPG27_RS05875	HPP12_RS05850	HELPY_RS05590	HPB8_RS01475
HP1180	HPG27_RS05865	HPP12_RS05840	HELPY_RS05580	HPB8_RS01485
HP1179	HPG27_RS05860	HPP12_RS05835	HELPY_RS05575	HPB8_RS01490
HP1178	HPG27_RS05855	HPP12_RS05830	HELPY_RS05570	HPB8_RS01495
-	-	-	-	HPB8_RS01500
-	-	-	-	HPB8_RS01505
-	-	-	-	-
HP1175	HPG27_RS05845	HPP12_RS05820	HELPY_RS05560	HPB8_RS01515
HP1174	HPG27_RS05840	HPP12_RS05815	HELPY_RS05555	HPB8_RS01520
HP1173	HPG27_RS05835	HPP12_RS05810	HELPY_RS05550	HPB8_RS01525
HP1172	HPG27_RS05830	HPP12_RS05805	HELPY_RS05545	HPB8_RS01530
HP1171	HPG27_RS05825	HPP12_RS05800	HELPY_RS05540	HPB8_RS01535
HP1170	HPG27_RS05820	HPP12_RS05795	HELPY_RS05535	HPB8_RS01540
HP1169	HPG27_RS05815	HPP12_RS05790	HELPY_RS05530	HPB8_RS01545
HP1168	HPG27_RS05810	-	HELPY_RS05525	HPB8_RS01550
HP1167	-	HPP12_RS05775	HELPY_RS05520	HPB8_RS01555
HP1166	HPG27_RS05800	HPP12_RS05770	HELPY_RS05515	HPB8_RS01560
HP1165	HPG27_RS05795	HPP12_RS05765	HELPY_RS05510	HPB8_RS01565
HP1164	HPG27_RS05790	HPP12_RS05760	HELPY_RS05505	HPB8_RS01570
HP1163	HPG27_RS05785	HPP12_RS05755	HELPY_RS05500	HPB8_RS01575
HP1162	HPG27_RS05780	HPP12_RS05750	HELPY_RS05495	HPB8_RS01580
HP1161	HPG27_RS05775	HPP12_RS05745	HELPY_RS05490	HPB8_RS01585
HP1160	HPG27_RS05770	HPP12_RS05740	HELPY_RS05485	HPB8_RS01590
HP1158	HPG27_RS05760	HPP12_RS05730	HELPY_RS05475	HPB8_RS01600
HP1157	-	HPP12_RS05725	HELPY_RS05470	HPB8_RS01605
HP1156	HPG27_RS05750	HPP12_RS05720	HELPY_RS05465	HPB8_RS01610
HP1155	HPG27_RS05745	HPP12_RS05715	HELPY_RS05460	HPB8_RS01615
HP1154	HPG27_RS05740	HPP12_RS05710	HELPY_RS05455	HPB8_RS01620
HP1153	HPG27_RS05735	HPP12_RS05705	HELPY_RS05450	HPB8_RS01625
HP1152	HPG27_RS05730	HPP12_RS05700	HELPY_RS05445	HPB8_RS01630
HP1151	HPG27_RS05725	HPP12_RS05695	HELPY_RS05440	HPB8_RS01635
HP1150	HPG27_RS05720	HPP12_RS05690	HELPY_RS05435	HPB8_RS01640
HP1149	HPG27_RS05715	HPP12_RS05685	HELPY_RS05430	HPB8_RS01645
HP1148	HPG27_RS05710	HPP12_RS05680	HELPY_RS05425	HPB8_RS01650
HP1147	HPG27_RS05705	HPP12_RS05675	HELPY_RS05420	HPB8_RS01655
-	HPG27_RS05685	HPP12_RS05650	HELPY_RS05400	HPB8_RS01670
HP1143	HPG27_RS05680	HPP12_RS05645	HELPY_RS05395	HPB8_RS01675
-	-	HPP12_RS05640	-	HPB8_RS01680
HP1141	HPG27_RS05670	HPP12_RS05635	HELPY_RS05385	HPB8_RS01685
HP1140	HPG27_RS05665	HPP12_RS05630	HELPY_RS05380	HPB8_RS01690
HP1139	HPG27_RS05660	HPP12_RS05625	HELPY_RS05375	HPB8_RS01695
HP1138	HPG27_RS05655	HPP12_RS05620	HELPY_RS05370	HPB8_RS01700
HP1137	HPG27_RS05650	HPP12_RS05615	HELPY_RS05365	HPB8_RS01705
HP1136	HPG27_RS05645	HPP12_RS05610	HELPY_RS05360	HPB8_RS01710
HP1135	HPG27_RS05640	HPP12_RS05605	HELPY_RS05355	HPB8_RS01715
HP1134	HPG27_RS05635	HPP12_RS05600	HELPY_RS05350	HPB8_RS01720
HP1133	HPG27_RS05630	HPP12_RS05595	HELPY_RS05345	HPB8_RS01725
HP1132	HPG27_RS05625	HPP12_RS05590	HELPY_RS05340	HPB8_RS01730
HP1131	HPG27_RS05620	HPP12_RS05585	HELPY_RS05335	HPB8_RS01735
HP1130	HPG27_RS05615	HPP12_RS05580	HELPY_RS05330	HPB8_RS01740
HP1129	HPG27_RS05610	HPP12_RS05575	HELPY_RS05325	HPB8_RS01745
-	HPG27_RS05605	HPP12_RS05570	HELPY_RS05320	HPB8_RS01750
HP1126	HPG27_RS05600	HPP12_RS05565	HELPY_RS05315	HPB8_RS01755
HP1125	HPG27_RS05595	HPP12_RS05560	HELPY_RS05310	HPB8_RS01760
HP1124	HPG27_RS05590	HPP12_RS05555	HELPY_RS05305	HPB8_RS01765
HP1123	HPG27_RS05585	HPP12_RS05550	HELPY_RS05300	HPB8_RS01770
HP1122a	HPG27_RS05580	HPP12_RS05545	HELPY_RS05295	HPB8_RS01775
HP1122	HPG27_RS05575	HPP12_RS05540	HELPY_RS05290	HPB8_RS01780
HP1121	HPG27_RS05570	HPP12_RS05535	HELPY_RS05285	HPB8_RS01785
HP1120	HPG27_RS05565	HPP12_RS05525	HELPY_RS05280	HPB8_RS01790
HP1119	HPG27_RS05560	HPP12_RS05520	HELPY_RS05275	HPB8_RS01795
HP1118	HPG27_RS05555	HPP12_RS05515	HELPY_RS05270	HPB8_RS01800
HP1117	HPG27_RS05550	HPP12_RS05510	HELPY_RS05265	HPB8_RS01805
-	-	-	-	-
HP1115	-	-	-	HPB8_RS01825
HP1114	HPG27_RS05520	HPP12_RS05490	HELPY_RS05245	HPB8_RS01830
HP1113	HPG27_RS05515	HPP12_RS05485	HELPY_RS05240	HPB8_RS01835
HP1112	HPG27_RS05510	HPP12_RS05480	HELPY_RS05235	HPB8_RS01840
HP1111	HPG27_RS05505	HPP12_RS05475	HELPY_RS05230	HPB8_RS01845
HP1110	HPG27_RS05500	HPP12_RS05470	HELPY_RS05225	HPB8_RS01850
HP1109	HPG27_RS05495	HPP12_RS05465	HELPY_RS05220	HPB8_RS01855
HP1108	HPG27_RS05490	HPP12_RS05460	HELPY_RS05215	HPB8_RS01860
HP1107	HPG27_RS05485	HPP12_RS05455	HELPY_RS05210	HPB8_RS01865
HP1106	HPG27_RS05480	HPP12_RS05450	HELPY_RS05205	HPB8_RS01870
HP1105	HPG27_RS05475	HPP12_RS05445	HELPY_RS05200	HPB8_RS01875
HP1104	HPG27_RS05470	HPP12_RS05440	HELPY_RS05195	HPB8_RS01880
HP1103	HPG27_RS05465	HPP12_RS05435	HELPY_RS05190	HPB8_RS01885
HP1102	HPG27_RS05460	HPP12_RS05430	HELPY_RS05185	HPB8_RS01890
HP1101	HPG27_RS05455	HPP12_RS05425	HELPY_RS05180	HPB8_RS01895
HP1100	HPG27_RS05450	HPP12_RS05420	HELPY_RS05175	HPB8_RS01900
HP1099	HPG27_RS05445	HPP12_RS05415	HELPY_RS05170	HPB8_RS01905
HP1098	HPG27_RS05440	HPP12_RS05410	HELPY_RS05165	HPB8_RS01910
HP0357	HPG27_RS05435	HPP12_RS05405	HELPY_RS05160	HPB8_RS01915
HP0358	HPG27_RS05430	HPP12_RS05400	HELPY_RS05155	HPB8_RS01920
HP0360	HPG27_RS05410	HPP12_RS05385	HELPY_RS05135	HPB8_RS01935
HP0361	HPG27_RS05405	HPP12_RS05380	HELPY_RS05130	HPB8_RS01940
HP0362	HPG27_RS05400	HPP12_RS05375	HELPY_RS05125	HPB8_RS01945
HP0363	HPG27_RS05395	HPP12_RS05370	HELPY_RS05120	HPB8_RS01950
HP0364	HPG27_RS05390	HPP12_RS05365	HELPY_RS05115	HPB8_RS01955
HP0366	HPG27_RS05380	HPP12_RS05355	HELPY_RS05105	HPB8_RS01965
HP0367	HPG27_RS05375	HPP12_RS05350	HELPY_RS05100	HPB8_RS01970
-	HPG27_RS05370	HPP12_RS05345	HELPY_RS05095	HPB8_RS01975
-	HPG27_RS05365	HPP12_RS05340	HELPY_RS05090	HPB8_RS01980
HP0370	HPG27_RS05360	-	HELPY_RS05085	HPB8_RS01985
HP0371	HPG27_RS05355	HPP12_RS05330	HELPY_RS05080	HPB8_RS01990
HP0372	HPG27_RS05350	HPP12_RS05325	HELPY_RS05075	HPB8_RS01995
HP0373	HPG27_RS05345	HPP12_RS05320	HELPY_RS05070	HPB8_RS02000
HP0374	HPG27_RS05340	HPP12_RS05315	HELPY_RS05065	HPB8_RS02005
HP0375	HPG27_RS05335	HPP12_RS05310	HELPY_RS05060	HPB8_RS02010
HP0376	HPG27_RS05330	HPP12_RS05305	HELPY_RS05055	HPB8_RS02015
HP0377	HPG27_RS05325	HPP12_RS05300	HELPY_RS05050	HPB8_RS02020
HP0378	HPG27_RS05320	HPP12_RS05295	HELPY_RS05045	HPB8_RS02025
HP0380	HPG27_RS05310	HPP12_RS05285	HELPY_RS05035	HPB8_RS02035
HP0381	HPG27_RS05305	HPP12_RS05280	HELPY_RS05030	HPB8_RS02040
HP0382	HPG27_RS05300	-	HELPY_RS05025	HPB8_RS02045
HP0383	HPG27_RS05295	HPP12_RS05270	HELPY_RS05020	HPB8_RS02050
HP0384	HPG27_RS05290	HPP12_RS05265	HELPY_RS05015	HPB8_RS02055
HP0385	HPG27_RS05285	HPP12_RS05260	HELPY_RS05010	HPB8_RS02060
HP0386	HPG27_RS05280	HPP12_RS05255	HELPY_RS05005	HPB8_RS02065
HP0387	HPG27_RS05275	HPP12_RS05250	HELPY_RS05000	HPB8_RS02070
HP0388	HPG27_RS05270	HPP12_RS05245	HELPY_RS04995	HPB8_RS02075
HP0389	HPG27_RS05265	HPP12_RS05240	HELPY_RS04990	HPB8_RS02080
HP0390	HPG27_RS05260	HPP12_RS05235	HELPY_RS04985	HPB8_RS02085
HP0391	HPG27_RS05255	HPP12_RS05230	HELPY_RS04980	HPB8_RS02090
HP0392	HPG27_RS05250	HPP12_RS05225	HELPY_RS04975	HPB8_RS02095
HP0394	HPG27_RS05240	HPP12_RS05215	HELPY_RS04965	HPB8_RS02105
HP0395	HPG27_RS05235	HPP12_RS05210	HELPY_RS04960	HPB8_RS02110
HP0396	HPG27_RS05230	HPP12_RS05205	HELPY_RS04955	HPB8_RS02115
HP0397	HPG27_RS05225	HPP12_RS05200	HELPY_RS04950	HPB8_RS02120
HP0398	HPG27_RS05220	HPP12_RS05195	HELPY_RS04945	HPB8_RS02125
HP0399	HPG27_RS05215	HPP12_RS05190	HELPY_RS04940	HPB8_RS02130
HP0400	HPG27_RS05210	HPP12_RS05185	HELPY_RS04935	HPB8_RS02135
HP0401	HPG27_RS05205	HPP12_RS05180	HELPY_RS04930	HPB8_RS02140
HP0402	HPG27_RS05200	HPP12_RS05175	HELPY_RS04925	HPB8_RS02145
HP0403	HPG27_RS05195	HPP12_RS05170	HELPY_RS04920	HPB8_RS02150
HP0404	HPG27_RS05190	HPP12_RS05165	HELPY_RS04915	HPB8_RS02155
HP0405	HPG27_RS05185	HPP12_RS05160	HELPY_RS04910	HPB8_RS02160
HP0406	HPG27_RS05180	HPP12_RS05155	HELPY_RS04905	HPB8_RS02165
HP0407	HPG27_RS05175	HPP12_RS05150	HELPY_RS04900	HPB8_RS02170
HP0408	HPG27_RS05170	HPP12_RS05145	HELPY_RS04895	HPB8_RS02175
HP0409	HPG27_RS05165	HPP12_RS05140	HELPY_RS04890	HPB8_RS02180
HP0410	HPG27_RS05160	HPP12_RS05135	HELPY_RS04885	HPB8_RS02185
-	HPG27_RS05135	HPP12_RS05110	HELPY_RS04860	HPB8_RS02210
HP0415	HPG27_RS04980	HPP12_RS05105	HELPY_RS04855	HPB8_RS02215
HP0416	HPG27_RS04975	HPP12_RS05100	HELPY_RS04850	HPB8_RS02220
HP0417	HPG27_RS04970	HPP12_RS05095	HELPY_RS04845	HPB8_RS02225
HP0418	HPG27_RS04965	HPP12_RS05090	HELPY_RS04840	HPB8_RS02230
HP0419	HPG27_RS04960	HPP12_RS05085	HELPY_RS04835	HPB8_RS02235
HP0420	HPG27_RS04955	HPP12_RS05080	HELPY_RS04830	HPB8_RS02240
HP0421	HPG27_RS04950	HPP12_RS05075	HELPY_RS04825	HPB8_RS02245
HP0422	HPG27_RS04945	HPP12_RS05070	HELPY_RS04820	HPB8_RS02250
-	-	-	HELPY_RS07445	HPB8_RS02255
-	-	-	HELPY_RS07450	HPB8_RS02260
HP1412	HPG27_RS06985	-	HELPY_RS06705	HPB8_RS02265
-	HPG27_RS06980	HPP12_RS07085	-	HPB8_RS02270
-	HPG27_RS06975	HPP12_RS07080	HELPY_RS06695	HPB8_RS02275
-	HPG27_RS04920	HPP12_RS05045	-	HPB8_RS02280
-	-	HPP12_RS02420	-	HPB8_RS02310
HP0444	-	-	-	HPB8_RS02315
HP0443	HPG27_RS04995	HPP12_RS02410	-	HPB8_RS02320
HP0442	HPG27_RS05000	HPP12_RS02405	-	HPB8_RS02325
-	-	-	-	HPB8_RS02330
HP0441	-	-	-	HPB8_RS02335
HP0440	HPG27_RS05010	-	-	HPB8_RS02340
-	-	HPP12_RS02375	-	HPB8_RS02360
-	-	-	-	HPB8_RS02365
-	HPG27_RS05030	HPP12_RS02370	-	HPB8_RS02370
-	HPG27_RS05035	HPP12_RS02365	-	HPB8_RS02375
-	-	HPP12_RS02360	-	HPB8_RS02380
-	HPG27_RS05045	HPP12_RS02355	-	HPB8_RS02385
-	HPG27_RS05050	HPP12_RS02350	-	HPB8_RS02390
-	HPG27_RS05055	HPP12_RS02345	-	HPB8_RS02395
HP0996	HPG27_RS05080	HPP12_RS02320	-	HPB8_RS02405
HP1002	HPG27_RS05085	HPP12_RS02315	-	HPB8_RS02410
HP1001	HPG27_RS05090	HPP12_RS02310	-	HPB8_RS02415
HP1000	HPG27_RS05095	HPP12_RS02305	-	HPB8_RS02420
-	HPG27_RS05100	HPP12_RS02300	-	HPB8_RS02425
-	-	HPP12_RS02295	-	HPB8_RS02435
-	-	-	-	HPB8_RS02440
-	HPG27_RS05115	-	-	HPB8_RS02445
-	HPG27_RS05120	HPP12_RS02280	-	HPB8_RS02450
-	-	HPP12_RS02275	-	HPB8_RS02455
-	HPG27_RS04735	-	-	HPB8_RS02470
HP1008	HPG27_RS04740	-	-	HPB8_RS02475
HP0995	HPG27_RS05130	-	-	HPB8_RS02485
HP0994	-	HPP12_RS06910	-	HPB8_RS02490
HP0993	-	HPP12_RS06905	-	HPB8_RS02495
-	-	-	-	HPB8_RS02500
-	-	HPP12_RS06885	-	HPB8_RS02505
-	-	HPP12_RS06880	-	HPB8_RS02510
-	-	-	-	HPB8_RS02515
-	-	-	-	HPB8_RS02520
-	-	HPP12_RS08180	-	HPB8_RS02525
-	-	-	-	HPB8_RS02530
-	-	-	-	HPB8_RS02535
-	-	HPP12_RS06875	-	HPB8_RS02540
-	-	HPP12_RS06870	-	HPB8_RS02545
-	-	HPP12_RS06865	-	HPB8_RS02550
-	-	HPP12_RS06860	-	HPB8_RS02555
-	-	-	-	HPB8_RS02560
HP1006	HPG27_RS05065	HPP12_RS06850	-	HPB8_RS02565
-	-	HPP12_RS06845	-	HPB8_RS02570
-	-	HPP12_RS06840	-	HPB8_RS02575
-	-	HPP12_RS06835	-	HPB8_RS02580
-	-	HPP12_RS06830	-	HPB8_RS02585
-	-	-	-	HPB8_RS02590
-	-	HPP12_RS06820	-	HPB8_RS02595
-	-	HPP12_RS06815	-	HPB8_RS02600
-	-	HPP12_RS06810	-	HPB8_RS02605
-	-	HPP12_RS06805	-	HPB8_RS02610
HP0459	-	HPP12_RS06800	-	HPB8_RS02615
HP0458	-	HPP12_RS06795	-	HPB8_RS02620
HP0457	-	HPP12_RS06790	-	HPB8_RS02625
-	-	HPP12_RS06785	-	HPB8_RS02630
HP0456	-	HPP12_RS06780	-	HPB8_RS02635
HP0456a	-	HPP12_RS06775	-	HPB8_RS02640
HP0446	HPG27_RS04985	HPP12_RS06770	-	HPB8_RS02645
-	-	HPP12_RS02265	-	HPB8_RS02650
-	-	HPP12_RS02260	-	HPB8_RS02655
HP0982	HPG27_RS04830	-	-	HPB8_RS02660
-	-	-	-	HPB8_RS02665
HP0983	HPG27_RS04840	HPP12_RS04965	HELPY_RS04705	HPB8_RS02670
-	-	-	-	HPB8_RS02680
-	-	-	-	HPB8_RS02685
HP0979	HPG27_RS04810	HPP12_RS04950	HELPY_RS04675	HPB8_RS02690
HP0978	HPG27_RS04805	HPP12_RS04945	HELPY_RS04670	HPB8_RS02695
HP0977	HPG27_RS04800	HPP12_RS04940	HELPY_RS04665	HPB8_RS02700
HP0976	-	-	HELPY_RS04660	HPB8_RS02705
HP0975	HPG27_RS04790	HPP12_RS04930	HELPY_RS04655	HPB8_RS02710
HP0974	HPG27_RS04785	HPP12_RS04925	HELPY_RS04650	HPB8_RS02715
HP0973	HPG27_RS04780	HPP12_RS04920	HELPY_RS04645	HPB8_RS02720
HP0972	HPG27_RS04775	HPP12_RS04915	HELPY_RS04640	HPB8_RS02725
HP0971	HPG27_RS04770	HPP12_RS04910	HELPY_RS04635	HPB8_RS02730
HP0970	HPG27_RS04765	HPP12_RS04905	HELPY_RS04630	HPB8_RS02735
HP0969	HPG27_RS04760	HPP12_RS04900	HELPY_RS04625	HPB8_RS02740
-	HPG27_RS04755	HPP12_RS04895	HELPY_RS04620	HPB8_RS02745
HP0967	-	HPP12_RS04890	-	HPB8_RS02750
HP0966	HPG27_RS04750	HPP12_RS04880	HELPY_RS04615	HPB8_RS02755
HP0965	HPG27_RS04730	HPP12_RS04875	HELPY_RS07780	HPB8_RS02760
HP0961	HPG27_RS04720	HPP12_RS04865	HELPY_RS04590	HPB8_RS02775
HP0960	HPG27_RS04715	HPP12_RS04860	HELPY_RS04585	HPB8_RS02780
HP0959	HPG27_RS04710	HPP12_RS04855	HELPY_RS04580	HPB8_RS02785
HP0958	HPG27_RS04705	HPP12_RS04850	HELPY_RS04575	HPB8_RS02790
HP0957	HPG27_RS04700	HPP12_RS04845	HELPY_RS04570	HPB8_RS02795
HP0956	HPG27_RS04695	HPP12_RS04840	HELPY_RS04565	HPB8_RS02800
HP0955	HPG27_RS04690	HPP12_RS04835	HELPY_RS04560	HPB8_RS02805
HP0954	HPG27_RS04685	HPP12_RS04830	HELPY_RS04555	HPB8_RS02810
HP0953	HPG27_RS04680	HPP12_RS04825	HELPY_RS04550	HPB8_RS02815
HP0952	HPG27_RS04675	HPP12_RS04820	HELPY_RS04545	HPB8_RS02820
HP0951	HPG27_RS04670	HPP12_RS04815	HELPY_RS04540	HPB8_RS02825
HP0950	HPG27_RS04665	HPP12_RS04810	HELPY_RS04535	HPB8_RS02830
HP0949	HPG27_RS04660	HPP12_RS04805	HELPY_RS04530	HPB8_RS02835
HP0948	HPG27_RS04655	HPP12_RS04800	HELPY_RS04525	HPB8_RS02840
-	-	-	-	HPB8_RS02845
HP0947	HPG27_RS04640	HPP12_RS04795	HELPY_RS04520	HPB8_RS02850
HP0946	HPG27_RS04635	HPP12_RS04790	HELPY_RS04515	HPB8_RS02855
HP0944	HPG27_RS04610	HPP12_RS04765	HELPY_RS04490	HPB8_RS02880
HP0943	HPG27_RS04605	HPP12_RS04760	HELPY_RS04485	HPB8_RS02885
HP0942	HPG27_RS04600	HPP12_RS04755	HELPY_RS04480	HPB8_RS02890
HP0941	HPG27_RS04595	HPP12_RS04750	HELPY_RS04475	HPB8_RS02895
HP0940	HPG27_RS04590	-	HELPY_RS04470	HPB8_RS02900
HP0939	HPG27_RS04585	HPP12_RS04740	HELPY_RS04465	HPB8_RS02905
HP0938	-	-	HELPY_RS04460	HPB8_RS02910
-	-	-	-	HPB8_RS02915
HP0936	HPG27_RS04575	HPP12_RS04725	-	HPB8_RS02920
-	-	-	-	-
HP0935	HPG27_RS04565	HPP12_RS04715	HELPY_RS04440	HPB8_RS02930
HP0934	HPG27_RS04560	HPP12_RS04710	HELPY_RS04435	HPB8_RS02935
HP0933	HPG27_RS04555	HPP12_RS04705	HELPY_RS04430	HPB8_RS02940
-	HPG27_RS04550	HPP12_RS04700	HELPY_RS04425	HPB8_RS02945
HP0930	HPG27_RS04545	HPP12_RS04695	HELPY_RS04420	HPB8_RS02950
HP0929	HPG27_RS04540	HPP12_RS04690	HELPY_RS04415	HPB8_RS02955
HP0928	HPG27_RS04535	HPP12_RS04685	HELPY_RS04410	HPB8_RS02960
HP0927	HPG27_RS04530	HPP12_RS04680	HELPY_RS04405	HPB8_RS02965
HP0926	HPG27_RS04525	HPP12_RS04675	HELPY_RS04400	HPB8_RS02970
HP0925	HPG27_RS04520	HPP12_RS04670	HELPY_RS04395	HPB8_RS02975
HP0924	HPG27_RS04515	HPP12_RS04665	HELPY_RS04390	HPB8_RS02980
HP0477	HPG27_RS04510	HPP12_RS04660	-	HPB8_RS02985
HP0922	HPG27_RS04505	HPP12_RS04655	HELPY_RS04380	HPB8_RS02990
HP0921	HPG27_RS04500	HPP12_RS04650	HELPY_RS04375	HPB8_RS02995
HP0920	HPG27_RS04495	HPP12_RS04645	HELPY_RS04370	HPB8_RS03000
HP0919	HPG27_RS04490	HPP12_RS04640	HELPY_RS04365	HPB8_RS03005
HP0918	HPG27_RS04485	HPP12_RS04635	HELPY_RS04360	HPB8_RS03010
HP0914	HPG27_RS04475	HPP12_RS04625	HELPY_RS04350	HPB8_RS03020
HP0913	HPG27_RS04470	HPP12_RS04620	HELPY_RS04345	HPB8_RS03025
HP0912	HPG27_RS04465	HPP12_RS04615	HELPY_RS04340	HPB8_RS03030
HP0911	HPG27_RS04455	HPP12_RS04610	HELPY_RS04335	HPB8_RS03035
HP0910	HPG27_RS04450	HPP12_RS04605	HELPY_RS04330	HPB8_RS03040
HP0909	HPG27_RS04445	HPP12_RS04600	HELPY_RS04325	HPB8_RS03045
HP0908	HPG27_RS04440	HPP12_RS04595	HELPY_RS04320	HPB8_RS03050
HP0907	HPG27_RS04435	HPP12_RS04590	HELPY_RS04315	HPB8_RS03055
HP0906	HPG27_RS04430	HPP12_RS04585	HELPY_RS04310	HPB8_RS03060
-	-	-	HELPY_RS04305	HPB8_RS03065
HP0902	HPG27_RS04420	HPP12_RS04570	HELPY_RS04295	HPB8_RS03075
HP0901	HPG27_RS04415	-	HELPY_RS04290	HPB8_RS03080
HP0900	HPG27_RS04410	HPP12_RS04560	HELPY_RS04285	HPB8_RS03085
HP0899	HPG27_RS04405	HPP12_RS04555	HELPY_RS04280	HPB8_RS03090
HP0898	HPG27_RS04400	HPP12_RS04550	HELPY_RS04275	HPB8_RS03095
HP0897	HPG27_RS04395	HPP12_RS04545	HELPY_RS04270	HPB8_RS03100
HP1243	HPG27_RS01595	HPP12_RS04530	HELPY_RS04255	HPB8_RS03115
-	-	-	-	HPB8_RS03120
HP0895	HPG27_RS04370	HPP12_RS04525	HELPY_RS04250	HPB8_RS03125
HP0894	HPG27_RS01585	HPP12_RS02330	HELPY_RS04245	HPB8_RS03130
HP0891	HPG27_RS04350	HPP12_RS04515	HELPY_RS04230	HPB8_RS03135
HP0890	HPG27_RS04345	HPP12_RS04510	HELPY_RS04225	HPB8_RS03140
HP0889	HPG27_RS04340	HPP12_RS04505	HELPY_RS04220	HPB8_RS03145
HP0888	HPG27_RS04335	HPP12_RS04500	HELPY_RS04215	HPB8_RS03150
HP0886	HPG27_RS04325	HPP12_RS04490	HELPY_RS04205	HPB8_RS03160
HP0885	HPG27_RS04320	HPP12_RS04485	HELPY_RS04200	HPB8_RS03165
HP0884	HPG27_RS04315	HPP12_RS04480	HELPY_RS04195	HPB8_RS03170
HP0883	HPG27_RS04310	HPP12_RS04475	HELPY_RS04190	HPB8_RS03175
-	-	-	HELPY_RS04185	HPB8_RS03180
-	-	-	HELPY_RS05260	HPB8_RS03185
HP1116	HPG27_RS02345	HPP12_RS05500	HELPY_RS05255	HPB8_RS03190
-	-	-	-	HPB8_RS03200
HP0489	HPG27_RS05525	HPP12_RS05495	HELPY_RS04175	HPB8_RS03205
HP0490	HPG27_RS02360	HPP12_RS02560	HELPY_RS04170	HPB8_RS03210
HP0491	HPG27_RS02365	HPP12_RS02565	HELPY_RS04165	HPB8_RS03215
HP0492	HPG27_RS02370	HPP12_RS02570	HELPY_RS04160	HPB8_RS03220
HP0493	HPG27_RS02375	HPP12_RS02575	HELPY_RS04155	HPB8_RS03225
HP0494	HPG27_RS02380	HPP12_RS02580	HELPY_RS04150	HPB8_RS03230
HP0495	HPG27_RS02385	HPP12_RS02585	HELPY_RS04145	HPB8_RS03235
HP0496	HPG27_RS02390	HPP12_RS02590	HELPY_RS04140	HPB8_RS03240
HP0497	HPG27_RS02395	HPP12_RS02595	HELPY_RS04135	HPB8_RS03245
HP0498	HPG27_RS02400	HPP12_RS02600	HELPY_RS04130	HPB8_RS03250
HP0499	-	HPP12_RS02605	-	HPB8_RS03255
HP0500	HPG27_RS02410	HPP12_RS02610	HELPY_RS04120	HPB8_RS03260
HP0501	HPG27_RS02415	HPP12_RS02615	HELPY_RS04115	HPB8_RS03265
-	HPG27_RS02420	HPP12_RS02620	HELPY_RS04110	HPB8_RS03270
-	HPG27_RS02425	HPP12_RS02625	HELPY_RS04100	HPB8_RS03280
HP0506	HPG27_RS02430	HPP12_RS02630	HELPY_RS04095	HPB8_RS03285
HP0507	HPG27_RS02435	HPP12_RS02635	HELPY_RS04090	HPB8_RS03290
HP0508	HPG27_RS02440	HPP12_RS02640	HELPY_RS04085	HPB8_RS03295
HP0509	HPG27_RS02445	HPP12_RS02645	HELPY_RS04080	HPB8_RS03300
HP0510	HPG27_RS02450	HPP12_RS02650	HELPY_RS04075	HPB8_RS03305
HP0546a	HPG27_RS02650	HPP12_RS02845	-	HPB8_RS03310
HP0546	HPG27_RS02645	HPP12_RS02840	-	HPB8_RS03315
HP0545	HPG27_RS02640	HPP12_RS02835	-	HPB8_RS03320
HP0544	HPG27_RS02635	HPP12_RS02830	-	HPB8_RS03325
HP0543	HPG27_RS02630	HPP12_RS02825	-	HPB8_RS03330
HP0542	HPG27_RS02625	HPP12_RS02820	-	HPB8_RS03335
-	HPG27_RS02620	HPP12_RS02815	-	HPB8_RS03340
HP0541	HPG27_RS02615	HPP12_RS02810	-	HPB8_RS03345
HP0540	HPG27_RS02610	HPP12_RS02805	-	HPB8_RS03350
HP0539	HPG27_RS02605	HPP12_RS02800	-	HPB8_RS03355
HP0538	HPG27_RS02600	HPP12_RS02795	-	HPB8_RS03360
HP0537	HPG27_RS02595	HPP12_RS02790	-	HPB8_RS03365
HP0536	HPG27_RS02590	HPP12_RS02785	-	HPB8_RS03370
-	HPG27_RS02585	-	-	HPB8_RS03375
HP0535	HPG27_RS02580	HPP12_RS02780	-	HPB8_RS03380
HP0534	HPG27_RS02565	HPP12_RS02775	-	HPB8_RS03385
HP0532	HPG27_RS02560	HPP12_RS02770	-	HPB8_RS03390
HP0531	HPG27_RS02555	HPP12_RS02765	-	HPB8_RS03395
HP0530	HPG27_RS02550	HPP12_RS02760	-	HPB8_RS03400
HP0529	HPG27_RS02545	HPP12_RS02755	-	HPB8_RS03405
HP0528	HPG27_RS02540	HPP12_RS02750	-	HPB8_RS03410
HP0527	-	HPP12_RS02745	-	HPB8_RS03415
HP0526	HPG27_RS02530	HPP12_RS02740	-	HPB8_RS03420
HP0525	HPG27_RS02525	HPP12_RS02735	-	HPB8_RS03425
HP0524	HPG27_RS02520	HPP12_RS02730	-	HPB8_RS03430
HP0523	HPG27_RS02515	HPP12_RS02725	-	HPB8_RS03435
HP0522	HPG27_RS02510	HPP12_RS02720	-	HPB8_RS03440
-	HPG27_RS02505	HPP12_RS02715	-	HPB8_RS03445
HP0520	HPG27_RS02500	HPP12_RS02710	-	HPB8_RS03450
HP0519	HPG27_RS02495	HPP12_RS02700	HELPY_RS04005	HPB8_RS03455
-	-	-	-	HPB8_RS03460
HP0512	HPG27_RS02460	HPP12_RS02665	HELPY_RS04065	HPB8_RS03465
HP0513	-	HPP12_RS02670	HELPY_RS04060	HPB8_RS03470
HP0514	HPG27_RS02470	HPP12_RS02675	HELPY_RS04030	HPB8_RS03475
HP0515	HPG27_RS02475	HPP12_RS02680	HELPY_RS04025	HPB8_RS03480
HP0516	HPG27_RS02480	HPP12_RS02685	HELPY_RS04020	HPB8_RS03485
HP0517	HPG27_RS02485	HPP12_RS02690	HELPY_RS04015	HPB8_RS03490
HP0518	HPG27_RS02490	HPP12_RS02695	HELPY_RS04010	HPB8_RS03495
-	-	HPP12_RS02855	-	HPB8_RS03500
-	-	-	-	HPB8_RS03505
-	-	-	-	HPB8_RS03510
-	-	-	-	HPB8_RS03515
-	-	-	-	HPB8_RS03520
-	-	-	-	-
HP0511	HPG27_RS02455	HPP12_RS02660	HELPY_RS04070	HPB8_RS03530
HP0547	HPG27_RS02655	HPP12_RS02850	-	HPB8_RS03535
HP0447	HPG27_RS02660	-	-	HPB8_RS03540
HP0549	HPG27_RS02665	HPP12_RS02860	HELPY_RS04000	HPB8_RS03545
HP0550	HPG27_RS02670	HPP12_RS02865	HELPY_RS03995	HPB8_RS03550
HP0551	HPG27_RS02675	HPP12_RS02870	HELPY_RS03990	HPB8_RS03555
HP0552	-	HPP12_RS02875	HELPY_RS03985	HPB8_RS03560
HP0553	HPG27_RS02685	HPP12_RS02880	HELPY_RS03980	HPB8_RS03565
HP0554	HPG27_RS02690	HPP12_RS02885	HELPY_RS03975	HPB8_RS03570
HP0555	HPG27_RS02695	HPP12_RS02890	HELPY_RS03970	HPB8_RS03575
HP0557	HPG27_RS02705	HPP12_RS02900	HELPY_RS03960	HPB8_RS03585
HP0558	HPG27_RS02710	HPP12_RS02905	HELPY_RS03955	HPB8_RS03590
HP0559	HPG27_RS02715	HPP12_RS02910	HELPY_RS03950	HPB8_RS03595
HP0561	HPG27_RS02720	HPP12_RS02915	HELPY_RS03945	HPB8_RS03600
HP0562	HPG27_RS02725	HPP12_RS02920	HELPY_RS03940	HPB8_RS03605
HP0563	HPG27_RS02730	HPP12_RS02925	HELPY_RS03935	HPB8_RS03610
HP0564	HPG27_RS02735	HPP12_RS02930	HELPY_RS03930	HPB8_RS03615
HP0565	HPG27_RS02740	HPP12_RS02935	HELPY_RS03925	HPB8_RS03620
HP0566	HPG27_RS02745	HPP12_RS02940	HELPY_RS03920	HPB8_RS03625
HP0567	HPG27_RS02750	HPP12_RS02945	HELPY_RS03915	HPB8_RS03630
HP0568	HPG27_RS02755	HPP12_RS02950	HELPY_RS03910	HPB8_RS03635
HP0569	HPG27_RS02760	HPP12_RS02955	HELPY_RS03905	HPB8_RS03640
HP0570	HPG27_RS02765	HPP12_RS02960	HELPY_RS03900	HPB8_RS03645
HP0571	HPG27_RS02770	HPP12_RS02965	HELPY_RS03895	HPB8_RS03650
HP0572	HPG27_RS02775	HPP12_RS02970	HELPY_RS03890	HPB8_RS03655
HP0573	HPG27_RS02780	HPP12_RS02975	HELPY_RS03885	HPB8_RS03660
HP0574	HPG27_RS02785	HPP12_RS02980	HELPY_RS03880	HPB8_RS03665
HP0575	HPG27_RS02790	HPP12_RS02985	HELPY_RS03875	HPB8_RS03670
HP0576	HPG27_RS02795	HPP12_RS02990	HELPY_RS03870	HPB8_RS03675
HP0577	HPG27_RS02800	HPP12_RS02995	HELPY_RS03865	HPB8_RS03680
HP0578	HPG27_RS02805	HPP12_RS03000	HELPY_RS03860	HPB8_RS03685
HP0579	HPG27_RS02810	HPP12_RS03005	HELPY_RS03855	HPB8_RS03690
HP0580	HPG27_RS02815	HPP12_RS03010	HELPY_RS03850	HPB8_RS03695
HP0581	HPG27_RS02820	HPP12_RS03015	HELPY_RS03845	HPB8_RS03700
HP0582	-	HPP12_RS03020	HELPY_RS03840	HPB8_RS03705
HP0583	HPG27_RS02830	HPP12_RS03025	HELPY_RS03835	HPB8_RS03710
HP0584	HPG27_RS02835	HPP12_RS03030	HELPY_RS03830	HPB8_RS03715
HP0585	HPG27_RS02840	HPP12_RS03035	HELPY_RS03825	HPB8_RS03720
HP0585a	HPG27_RS02845	HPP12_RS03040	HELPY_RS03820	HPB8_RS03725
HP0586	HPG27_RS02850	HPP12_RS03045	HELPY_RS03815	HPB8_RS03730
HP0587	HPG27_RS02855	HPP12_RS03050	HELPY_RS03810	HPB8_RS03735
HP0588	HPG27_RS02860	HPP12_RS03055	HELPY_RS03805	HPB8_RS03740
HP0589	HPG27_RS02865	HPP12_RS03060	HELPY_RS03800	HPB8_RS03745
HP0590	HPG27_RS02870	HPP12_RS03065	HELPY_RS03795	HPB8_RS03750
HP0591	HPG27_RS02875	HPP12_RS03070	HELPY_RS03790	HPB8_RS03755
HP0594	HPG27_RS02890	HPP12_RS03085	HELPY_RS03775	HPB8_RS03765
HP0595	HPG27_RS02895	HPP12_RS03090	HELPY_RS03770	HPB8_RS03770
HP0596	HPG27_RS02900	HPP12_RS03095	HELPY_RS03765	HPB8_RS03775
HP0597	HPG27_RS02905	HPP12_RS03100	HELPY_RS03760	HPB8_RS03780
HP0598	HPG27_RS02910	HPP12_RS03105	HELPY_RS03755	HPB8_RS03785
HP0599	HPG27_RS02915	HPP12_RS03110	HELPY_RS03750	HPB8_RS03790
HP0601	HPG27_RS02925	HPP12_RS03120	HELPY_RS03740	HPB8_RS03800
HP0602	HPG27_RS02930	HPP12_RS03125	HELPY_RS03735	HPB8_RS03805
HP0603	HPG27_RS02935	HPP12_RS03130	HELPY_RS03730	HPB8_RS03810
HP0604	HPG27_RS02940	HPP12_RS03135	HELPY_RS03725	HPB8_RS03815
HP0605	HPG27_RS02945	HPP12_RS03140	HELPY_RS03720	HPB8_RS03820
HP0606	HPG27_RS02950	HPP12_RS03145	HELPY_RS03715	HPB8_RS03825
HP0607	HPG27_RS02955	HPP12_RS03150	HELPY_RS03710	HPB8_RS03830
HP0608	HPG27_RS02960	HPP12_RS03155	HELPY_RS03705	HPB8_RS03835
-	HPG27_RS02965	HPP12_RS03160	HELPY_RS03700	HPB8_RS03840
-	HPG27_RS02970	HPP12_RS03170	HELPY_RS03695	HPB8_RS03845
HP0613	HPG27_RS02980	-	-	HPB8_RS03850
HP0614	HPG27_RS02985	HPP12_RS03185	HELPY_RS03680	HPB8_RS03855
HP0615	HPG27_RS02990	HPP12_RS03190	HELPY_RS03675	HPB8_RS03860
HP0616	HPG27_RS02995	HPP12_RS03195	HELPY_RS03670	HPB8_RS03865
HP0617	HPG27_RS03000	HPP12_RS03200	HELPY_RS03665	HPB8_RS03870
HP0618	HPG27_RS03005	HPP12_RS03205	HELPY_RS03660	HPB8_RS03875
-	-	-	-	HPB8_RS03880
-	HPG27_RS03015	HPP12_RS03210	HELPY_RS03650	HPB8_RS03885
HP0620	HPG27_RS03020	HPP12_RS03215	HELPY_RS03645	HPB8_RS03890
HP0621	HPG27_RS03025	HPP12_RS03240	HELPY_RS03640	HPB8_RS03895
HP0622	HPG27_RS03030	HPP12_RS03245	HELPY_RS03635	HPB8_RS03900
HP0623	HPG27_RS03035	HPP12_RS03250	HELPY_RS03630	HPB8_RS03905
HP0624	HPG27_RS03040	HPP12_RS03255	HELPY_RS03625	HPB8_RS03910
HP0625	HPG27_RS03045	HPP12_RS03260	HELPY_RS03620	HPB8_RS03915
HP0626	HPG27_RS03050	HPP12_RS03265	HELPY_RS03615	HPB8_RS03920
-	HPG27_RS03055	HPP12_RS03270	HELPY_RS03610	HPB8_RS03925
HP0629	HPG27_RS03060	HPP12_RS03275	HELPY_RS03600	HPB8_RS03930
HP0630	HPG27_RS03065	HPP12_RS03280	HELPY_RS03590	HPB8_RS03935
HP0631	HPG27_RS03070	HPP12_RS03285	HELPY_RS03585	HPB8_RS03940
HP0632	HPG27_RS03075	HPP12_RS03290	HELPY_RS03580	HPB8_RS03945
HP0633	HPG27_RS03080	HPP12_RS03295	HELPY_RS03575	HPB8_RS03950
HP0634	HPG27_RS03085	HPP12_RS03300	HELPY_RS03570	HPB8_RS03955
HP0635	HPG27_RS03090	HPP12_RS03305	HELPY_RS03565	HPB8_RS03960
-	HPG27_RS03095	HPP12_RS03310	HELPY_RS03560	HPB8_RS03965
HP0637	HPG27_RS03100	HPP12_RS03315	HELPY_RS03555	HPB8_RS03970
HP0638	HPG27_RS03105	HPP12_RS03320	HELPY_RS03550	HPB8_RS03975
HP0639	HPG27_RS03110	HPP12_RS03325	HELPY_RS03545	HPB8_RS03980
HP0640	HPG27_RS03115	HPP12_RS03330	HELPY_RS03540	HPB8_RS03985
HP0641	HPG27_RS03120	HPP12_RS03335	-	HPB8_RS03990
-	HPG27_RS03125	-	HELPY_RS03535	HPB8_RS03995
HP0642	-	HPP12_RS03345	HELPY_RS03530	HPB8_RS04000
HP0643	HPG27_RS03135	HPP12_RS03350	HELPY_RS03525	HPB8_RS04005
HP0644	HPG27_RS03140	HPP12_RS03355	HELPY_RS03520	HPB8_RS04010
HP0645	HPG27_RS03145	HPP12_RS03360	HELPY_RS03515	HPB8_RS04015
HP0646	HPG27_RS03150	HPP12_RS03365	HELPY_RS03510	HPB8_RS04020
HP0647	HPG27_RS03155	HPP12_RS03370	HELPY_RS03505	HPB8_RS04025
HP0648	HPG27_RS03160	HPP12_RS03375	HELPY_RS03500	HPB8_RS04030
HP0649	HPG27_RS03165	HPP12_RS03380	HELPY_RS03495	HPB8_RS04035
HP0650	HPG27_RS03170	HPP12_RS03385	HELPY_RS03490	HPB8_RS04040
HP0652	HPG27_RS03180	HPP12_RS03395	HELPY_RS03480	HPB8_RS04050
HP0653	HPG27_RS03185	HPP12_RS03400	HELPY_RS03475	HPB8_RS04055
HP0654	HPG27_RS03190	HPP12_RS03405	HELPY_RS03470	HPB8_RS04060
HP0655	HPG27_RS03195	HPP12_RS03410	HELPY_RS03465	HPB8_RS04065
HP0656	HPG27_RS03200	HPP12_RS03415	HELPY_RS03460	HPB8_RS04070
HP0657	HPG27_RS03205	HPP12_RS03420	HELPY_RS03455	HPB8_RS04075
HP0658	HPG27_RS03210	HPP12_RS03425	HELPY_RS03450	HPB8_RS04080
HP0659	HPG27_RS03215	HPP12_RS03430	HELPY_RS03445	HPB8_RS04085
HP0660	HPG27_RS03220	HPP12_RS03435	HELPY_RS03440	HPB8_RS04090
HP0661	HPG27_RS03225	-	HELPY_RS03435	HPB8_RS04095
HP0662	HPG27_RS03230	HPP12_RS03445	HELPY_RS03430	HPB8_RS04100
HP0663	HPG27_RS03235	HPP12_RS03450	HELPY_RS03425	HPB8_RS04105
HP0664	HPG27_RS03240	HPP12_RS03455	HELPY_RS03420	HPB8_RS04110
HP0665	HPG27_RS03245	HPP12_RS03460	HELPY_RS03415	HPB8_RS04115
HP0666	HPG27_RS03250	HPP12_RS03465	HELPY_RS03410	HPB8_RS04120
-	HPG27_RS03255	-	-	HPB8_RS04125
-	-	HPP12_RS08175	HELPY_RS03380	HPB8_RS04130
-	-	-	-	HPB8_RS04135
-	-	-	-	HPB8_RS04140
HP0671	HPG27_RS03265	HPP12_RS03480	HELPY_RS03370	HPB8_RS04145
HP0672	HPG27_RS03270	HPP12_RS03485	HELPY_RS03365	HPB8_RS04150
-	HPG27_RS03275	-	-	HPB8_RS04155
HP0675	HPG27_RS03280	HPP12_RS03495	HELPY_RS03355	HPB8_RS04160
HP0676	HPG27_RS03285	HPP12_RS03500	HELPY_RS03350	HPB8_RS04165
HP0677	HPG27_RS03290	HPP12_RS03505	HELPY_RS03345	HPB8_RS04170
-	HPG27_RS03295	HPP12_RS03510	HELPY_RS03340	HPB8_RS04175
HP0680	HPG27_RS03300	HPP12_RS03515	HELPY_RS03335	HPB8_RS04180
HP0681	-	HPP12_RS03520	HELPY_RS03330	HPB8_RS04185
-	HPG27_RS03310	HPP12_RS03525	HELPY_RS03325	HPB8_RS04190
HP0683	HPG27_RS03315	HPP12_RS03540	HELPY_RS03320	HPB8_RS04195
-	HPG27_RS03320	HPP12_RS03545	HELPY_RS03315	HPB8_RS04200
HP0686	HPG27_RS03325	HPP12_RS03550	HELPY_RS03310	HPB8_RS04205
HP0687	HPG27_RS03330	HPP12_RS03555	HELPY_RS03305	HPB8_RS04210
-	HPG27_RS03335	HPP12_RS03560	HELPY_RS03300	HPB8_RS04215
HP0690	HPG27_RS03340	HPP12_RS03565	HELPY_RS03295	HPB8_RS04220
HP0691	HPG27_RS03345	HPP12_RS03570	HELPY_RS03290	HPB8_RS04225
HP0692	HPG27_RS03350	HPP12_RS03575	HELPY_RS03285	HPB8_RS04230
HP0693	HPG27_RS03355	HPP12_RS03580	HELPY_RS03280	HPB8_RS04235
-	HPG27_RS03360	HPP12_RS03585	HELPY_RS03275	HPB8_RS04240
HP0696	HPG27_RS03370	HPP12_RS03595	HELPY_RS03260	HPB8_RS04250
HP0697	HPG27_RS03375	HPP12_RS03600	HELPY_RS03255	HPB8_RS04255
-	-	HPP12_RS03605	-	HPB8_RS04260
HP0699	HPG27_RS03385	HPP12_RS03610	HELPY_RS03245	HPB8_RS04265
HP0700	HPG27_RS03390	HPP12_RS03615	HELPY_RS03240	HPB8_RS04270
HP0701	HPG27_RS03395	HPP12_RS03620	HELPY_RS03235	HPB8_RS04275
HP0702	HPG27_RS03400	HPP12_RS03625	HELPY_RS03230	HPB8_RS04280
HP0703	HPG27_RS03405	HPP12_RS03630	HELPY_RS03225	HPB8_RS04285
-	HPG27_RS03415	HPP12_RS03640	HELPY_RS03215	HPB8_RS04290
-	-	-	-	HPB8_RS04295
HP0705	-	HPP12_RS03645	HELPY_RS03210	HPB8_RS04300
HP0706	HPG27_RS03425	HPP12_RS03650	HELPY_RS03205	HPB8_RS04305
HP0707	HPG27_RS03430	HPP12_RS03655	HELPY_RS03200	HPB8_RS04310
HP0708	HPG27_RS03435	HPP12_RS03660	HELPY_RS03195	HPB8_RS04315
HP0709	HPG27_RS03440	HPP12_RS03665	HELPY_RS03190	HPB8_RS04320
HP0710	-	HPP12_RS03670	HELPY_RS03185	HPB8_RS04325
HP0711	HPG27_RS03450	HPP12_RS03675	HELPY_RS03180	HPB8_RS04330
HP0714	HPG27_RS03460	HPP12_RS03680	HELPY_RS03165	HPB8_RS04340
HP0715	HPG27_RS03465	HPP12_RS03685	HELPY_RS03160	HPB8_RS04345
HP0716	HPG27_RS03470	HPP12_RS03690	HELPY_RS03155	HPB8_RS04350
HP0717	-	HPP12_RS03695	HELPY_RS03150	HPB8_RS04355
HP0718	HPG27_RS03480	HPP12_RS03700	HELPY_RS03145	HPB8_RS04360
-	HPG27_RS03485	HPP12_RS03705	HELPY_RS03140	HPB8_RS04365
HP0721	HPG27_RS03490	HPP12_RS03710	HELPY_RS03135	HPB8_RS04370
HP1177	HPG27_RS05850	HPP12_RS05825	HELPY_RS05565	HPB8_RS04375
HP0723	HPG27_RS03505	HPP12_RS03720	HELPY_RS03125	HPB8_RS04380
HP0724	HPG27_RS03500	HPP12_RS03725	HELPY_RS03120	HPB8_RS04385
HP0725	HPG27_RS03510	HPP12_RS03730	HELPY_RS03115	HPB8_RS04390
HP0726	HPG27_RS03515	HPP12_RS03735	HELPY_RS03110	HPB8_RS04395
HP0727	HPG27_RS03520	HPP12_RS03740	HELPY_RS03105	HPB8_RS04400
HP0728	HPG27_RS03525	HPP12_RS03745	HELPY_RS03100	HPB8_RS04405
HP0729	HPG27_RS03530	-	HELPY_RS03095	HPB8_RS04410
HP0730	HPG27_RS03535	HPP12_RS03755	HELPY_RS03090	HPB8_RS04415
-	HPG27_RS03560	-	-	HPB8_RS04430
-	HPG27_RS03565	HPP12_RS03770	-	HPB8_RS04435
HP0734	HPG27_RS03570	HPP12_RS03775	HELPY_RS03070	HPB8_RS04445
HP0735	HPG27_RS03575	HPP12_RS03780	HELPY_RS03065	HPB8_RS04450
HP0736	HPG27_RS03580	HPP12_RS03785	HELPY_RS03060	HPB8_RS04455
HP0737	HPG27_RS03585	HPP12_RS03790	HELPY_RS03055	HPB8_RS04460
HP0738	HPG27_RS03590	HPP12_RS03795	HELPY_RS03050	HPB8_RS04465
HP0739	HPG27_RS03595	HPP12_RS03800	HELPY_RS03045	HPB8_RS04470
HP0740	HPG27_RS03600	HPP12_RS03805	HELPY_RS03040	HPB8_RS04475
HP0741	HPG27_RS03605	HPP12_RS03810	HELPY_RS03035	HPB8_RS04480
HP0742	HPG27_RS03610	HPP12_RS03815	HELPY_RS03030	HPB8_RS04485
-	HPG27_RS08040	HPP12_RS03825	-	HPB8_RS04495
HP0745	HPG27_RS03625	HPP12_RS03835	HELPY_RS03010	HPB8_RS04500
HP0746	HPG27_RS03630	HPP12_RS03840	HELPY_RS03005	HPB8_RS04505
HP0747	HPG27_RS03635	HPP12_RS03845	HELPY_RS03000	HPB8_RS04510
HP0748	HPG27_RS03640	HPP12_RS03850	HELPY_RS02995	HPB8_RS04515
HP0749	HPG27_RS03645	HPP12_RS03855	HELPY_RS02990	HPB8_RS04520
HP0750	HPG27_RS03650	HPP12_RS03860	HELPY_RS02985	HPB8_RS04525
HP0751	HPG27_RS03655	HPP12_RS03865	HELPY_RS02980	HPB8_RS04530
HP0752	HPG27_RS03660	HPP12_RS03870	HELPY_RS02975	HPB8_RS04535
HP0753	HPG27_RS03665	HPP12_RS03875	HELPY_RS02970	HPB8_RS04540
HP0754	HPG27_RS03670	HPP12_RS03880	HELPY_RS02965	HPB8_RS04545
HP0755	HPG27_RS03675	HPP12_RS03885	HELPY_RS02960	HPB8_RS04550
HP0756	HPG27_RS03680	HPP12_RS03890	HELPY_RS02955	HPB8_RS04555
HP0757	HPG27_RS03685	HPP12_RS03895	HELPY_RS02950	HPB8_RS04560
HP0758	HPG27_RS03690	HPP12_RS03900	HELPY_RS02945	HPB8_RS04565
HP0759	HPG27_RS03695	HPP12_RS03905	HELPY_RS02940	HPB8_RS04570
-	HPG27_RS03700	HPP12_RS03910	HELPY_RS02935	HPB8_RS04575
HP0761	HPG27_RS03705	HPP12_RS03915	HELPY_RS02930	HPB8_RS04580
HP0762	HPG27_RS03710	HPP12_RS03920	HELPY_RS02925	HPB8_RS04585
HP0763	HPG27_RS03715	HPP12_RS03925	HELPY_RS02920	HPB8_RS04590
-	HPG27_RS03720	-	HELPY_RS02915	HPB8_RS04595
HP0764	HPG27_RS03725	-	HELPY_RS02910	HPB8_RS04600
HP0765	-	-	HELPY_RS02905	HPB8_RS04605
HP0766	HPG27_RS03735	-	-	HPB8_RS04610
HP0768	HPG27_RS03745	HPP12_RS03935	HELPY_RS02895	HPB8_RS04620
HP0769	HPG27_RS03750	HPP12_RS03940	HELPY_RS02890	HPB8_RS04625
HP0770	HPG27_RS03755	HPP12_RS03945	HELPY_RS02885	HPB8_RS04630
HP0771	HPG27_RS03760	HPP12_RS03950	HELPY_RS02880	HPB8_RS04635
HP0772	HPG27_RS03765	HPP12_RS03955	HELPY_RS02875	HPB8_RS04640
HP0773	HPG27_RS03770	HPP12_RS03960	HELPY_RS02870	HPB8_RS04645
HP0774	HPG27_RS03775	HPP12_RS03965	HELPY_RS02865	HPB8_RS04650
HP0775	HPG27_RS03780	HPP12_RS03970	HELPY_RS02860	HPB8_RS04655
HP0776	HPG27_RS03785	HPP12_RS03975	HELPY_RS02855	HPB8_RS04660
HP0777	HPG27_RS03790	HPP12_RS03980	HELPY_RS02850	HPB8_RS04665
HP0778	HPG27_RS03795	HPP12_RS03985	HELPY_RS02845	HPB8_RS04670
HP0779	HPG27_RS03800	HPP12_RS03990	HELPY_RS02840	HPB8_RS04675
HP0780	HPG27_RS03805	HPP12_RS03995	HELPY_RS02835	HPB8_RS04680
HP0781	HPG27_RS03810	HPP12_RS04000	HELPY_RS02830	HPB8_RS04685
HP0782	HPG27_RS03815	HPP12_RS04005	HELPY_RS02825	HPB8_RS04690
HP0783	HPG27_RS03820	HPP12_RS04010	HELPY_RS02820	HPB8_RS04695
-	-	HPP12_RS04015	-	HPB8_RS04700
HP0785	HPG27_RS03830	HPP12_RS04020	HELPY_RS02810	HPB8_RS04705
HP0786	HPG27_RS03835	HPP12_RS04025	HELPY_RS02805	HPB8_RS04710
HP0787	HPG27_RS03840	HPP12_RS04030	HELPY_RS02800	HPB8_RS04715
HP0788	HPG27_RS03845	HPP12_RS04035	HELPY_RS02795	HPB8_RS04720
HP0790	HPG27_RS03855	-	HELPY_RS02790	HPB8_RS04725
HP0791	HPG27_RS03860	HPP12_RS04050	HELPY_RS02765	HPB8_RS04730
HP0792	HPG27_RS03865	HPP12_RS04055	HELPY_RS02760	HPB8_RS04735
HP0793	HPG27_RS03870	HPP12_RS04060	HELPY_RS02755	HPB8_RS04740
HP0794	HPG27_RS03875	HPP12_RS04065	HELPY_RS02750	HPB8_RS04745
HP0795	HPG27_RS03880	HPP12_RS04070	HELPY_RS02745	HPB8_RS04750
HP0796	HPG27_RS03885	HPP12_RS04075	HELPY_RS02740	HPB8_RS04755
HP0797	HPG27_RS03890	HPP12_RS04080	HELPY_RS02735	HPB8_RS04760
HP0798	HPG27_RS03895	HPP12_RS04085	HELPY_RS02730	HPB8_RS04765
HP0799	HPG27_RS03900	HPP12_RS04090	HELPY_RS02725	HPB8_RS04770
HP0800	HPG27_RS03905	HPP12_RS04095	HELPY_RS02720	HPB8_RS04775
HP0801	HPG27_RS03910	-	HELPY_RS02715	HPB8_RS04780
HP0802	HPG27_RS03915	HPP12_RS04105	HELPY_RS02710	HPB8_RS04785
HP0803	HPG27_RS03920	HPP12_RS04110	HELPY_RS02705	HPB8_RS04790
HP0804	HPG27_RS03925	HPP12_RS04115	HELPY_RS02700	HPB8_RS04795
HP0805	HPG27_RS03930	HPP12_RS04120	HELPY_RS02695	HPB8_RS04800
HP0806	HPG27_RS03935	HPP12_RS04125	HELPY_RS02690	HPB8_RS04805
HP0807	HPG27_RS03940	HPP12_RS04130	-	HPB8_RS04810
HP0808	HPG27_RS03945	HPP12_RS04135	HELPY_RS02680	HPB8_RS04815
HP0809	HPG27_RS03950	HPP12_RS04140	HELPY_RS02675	HPB8_RS04820
HP0810	HPG27_RS03955	HPP12_RS04145	HELPY_RS02670	HPB8_RS04825
HP0811	HPG27_RS03960	HPP12_RS04150	HELPY_RS02665	HPB8_RS04830
HP0812	HPG27_RS03965	HPP12_RS04155	HELPY_RS02660	HPB8_RS04835
HP0813	HPG27_RS03970	HPP12_RS04160	HELPY_RS02655	HPB8_RS04840
HP0814	HPG27_RS03975	HPP12_RS04165	HELPY_RS02650	HPB8_RS04845
HP0815	HPG27_RS03980	HPP12_RS04170	HELPY_RS02645	HPB8_RS04850
HP0816	HPG27_RS03985	HPP12_RS04175	HELPY_RS02640	HPB8_RS04855
HP0817	HPG27_RS03990	HPP12_RS04180	HELPY_RS02635	HPB8_RS04860
HP0818	HPG27_RS04010	HPP12_RS04190	HELPY_RS02630	HPB8_RS04865
HP0819	HPG27_RS04015	HPP12_RS04195	HELPY_RS02625	HPB8_RS04870
HP0819a	HPG27_RS04020	HPP12_RS04200	HELPY_RS02620	HPB8_RS04875
HP0820	HPG27_RS04025	HPP12_RS04205	HELPY_RS02615	HPB8_RS04880
HP0821	HPG27_RS04030	HPP12_RS04210	HELPY_RS02610	HPB8_RS04885
HP0822	HPG27_RS04035	HPP12_RS04215	HELPY_RS02605	HPB8_RS04890
HP0823	HPG27_RS04040	HPP12_RS04220	HELPY_RS02600	HPB8_RS04895
HP0824	HPG27_RS04045	HPP12_RS04225	HELPY_RS02595	HPB8_RS04900
HP0825	HPG27_RS04050	HPP12_RS04230	HELPY_RS02590	HPB8_RS04905
HP0826	HPG27_RS04055	HPP12_RS04235	HELPY_RS02585	HPB8_RS04910
HP0827	HPG27_RS04060	HPP12_RS04240	HELPY_RS02580	HPB8_RS04915
HP0828	HPG27_RS04065	HPP12_RS04245	HELPY_RS02575	HPB8_RS04920
HP0829	HPG27_RS04070	HPP12_RS04250	HELPY_RS02570	HPB8_RS04925
HP0830	HPG27_RS04075	HPP12_RS04255	HELPY_RS02565	HPB8_RS04930
HP0831	HPG27_RS04080	HPP12_RS04260	HELPY_RS02560	HPB8_RS04935
HP0832	HPG27_RS04085	HPP12_RS04265	HELPY_RS02555	HPB8_RS04940
HP0833	HPG27_RS04090	HPP12_RS04270	HELPY_RS02550	HPB8_RS04945
HP0834	HPG27_RS04095	HPP12_RS04275	HELPY_RS02545	HPB8_RS04950
HP0835	HPG27_RS04100	HPP12_RS04280	HELPY_RS02540	HPB8_RS04955
-	HPG27_RS04110	HPP12_RS04290	HELPY_RS02530	HPB8_RS04965
HP0838	HPG27_RS04115	HPP12_RS04295	HELPY_RS02525	HPB8_RS04970
HP0839	HPG27_RS04120	HPP12_RS04300	HELPY_RS02520	HPB8_RS04975
HP0840	HPG27_RS04125	HPP12_RS04305	HELPY_RS02515	HPB8_RS04980
HP0841	HPG27_RS04130	HPP12_RS04310	HELPY_RS02510	HPB8_RS04985
HP0842	HPG27_RS04135	HPP12_RS04315	HELPY_RS02505	HPB8_RS04990
HP0843	HPG27_RS04140	-	HELPY_RS02500	HPB8_RS04995
HP0844	HPG27_RS04145	-	HELPY_RS02495	HPB8_RS05000
HP0845	HPG27_RS04150	-	HELPY_RS02490	HPB8_RS05005
HP0846	HPG27_RS04155	-	-	HPB8_RS05010
-	-	HPP12_RS04045	-	HPB8_RS05015
HP0850	HPG27_RS04165	HPP12_RS04325	-	HPB8_RS05020
-	-	-	-	HPB8_RS05025
-	-	-	-	HPB8_RS05030
HP0851	HPG27_RS04170	HPP12_RS04335	HELPY_RS02470	HPB8_RS05035
HP0852	HPG27_RS04175	-	-	HPB8_RS05040
HP0853	HPG27_RS04180	HPP12_RS04345	HELPY_RS02460	HPB8_RS05045
HP0854	HPG27_RS04185	HPP12_RS04350	HELPY_RS02455	HPB8_RS05050
HP0857	HPG27_RS04190	HPP12_RS04355	HELPY_RS02440	HPB8_RS05055
HP0858	HPG27_RS04195	HPP12_RS04360	HELPY_RS02435	HPB8_RS05060
HP0859	HPG27_RS04200	HPP12_RS04365	HELPY_RS02430	HPB8_RS05065
HP0860	HPG27_RS04205	HPP12_RS04370	HELPY_RS02425	HPB8_RS05070
HP0861	HPG27_RS04210	HPP12_RS04375	HELPY_RS02420	HPB8_RS05075
HP0862	HPG27_RS04215	HPP12_RS04380	HELPY_RS02415	HPB8_RS05080
HP0863	HPG27_RS04220	HPP12_RS04385	HELPY_RS02410	HPB8_RS05085
HP0864	HPG27_RS04225	HPP12_RS04390	HELPY_RS02405	HPB8_RS05090
HP0865	HPG27_RS04230	HPP12_RS04395	HELPY_RS02400	HPB8_RS05095
HP0866	HPG27_RS04235	HPP12_RS04400	HELPY_RS02395	HPB8_RS05100
HP0867	HPG27_RS04240	HPP12_RS04405	HELPY_RS02390	HPB8_RS05105
HP0868	HPG27_RS04245	HPP12_RS04410	HELPY_RS02385	HPB8_RS05110
HP0869	HPG27_RS04250	HPP12_RS04415	HELPY_RS02380	HPB8_RS05115
HP0870	HPG27_RS04255	HPP12_RS04420	HELPY_RS02375	HPB8_RS05120
HP0872	HPG27_RS04265	HPP12_RS04430	HELPY_RS02365	HPB8_RS05130
HP0873	HPG27_RS04270	HPP12_RS04435	HELPY_RS02360	HPB8_RS05135
HP0874	HPG27_RS04275	HPP12_RS04440	HELPY_RS02355	HPB8_RS05140
HP0875	HPG27_RS04280	HPP12_RS04445	HELPY_RS02350	HPB8_RS05145
HP0876	HPG27_RS04285	HPP12_RS04450	HELPY_RS02345	HPB8_RS05150
HP0877	HPG27_RS04290	HPP12_RS04455	HELPY_RS02340	HPB8_RS05155
HP0879	HPG27_RS04295	HPP12_RS04460	HELPY_RS02335	HPB8_RS05160
-	HPG27_RS05540	HPP12_RS02540	HELPY_RS02325	HPB8_RS05170
HP0487	HPG27_RS02335	HPP12_RS02535	HELPY_RS02320	HPB8_RS05175
HP0486	HPG27_RS02330	HPP12_RS02530	HELPY_RS02315	HPB8_RS05180
HP0485	HPG27_RS02325	HPP12_RS02525	HELPY_RS02310	HPB8_RS05185
-	HPG27_RS02320	-	-	HPB8_RS05190
HP0484	-	-	HELPY_RS02305	HPB8_RS05195
-	HPG27_RS02310	-	HELPY_RS02300	HPB8_RS05200
HP0480	HPG27_RS02295	HPP12_RS02515	HELPY_RS02295	HPB8_RS05215
HP0479	HPG27_RS02290	HPP12_RS02510	HELPY_RS02290	HPB8_RS05220
-	-	-	HELPY_RS02280	HPB8_RS05230
HP0476	HPG27_RS02275	HPP12_RS02495	HELPY_RS02275	HPB8_RS05235
HP0475	HPG27_RS02270	HPP12_RS02490	HELPY_RS02270	HPB8_RS05240
HP0474	HPG27_RS02265	HPP12_RS02485	HELPY_RS02265	HPB8_RS05245
HP0473	HPG27_RS02260	HPP12_RS02480	HELPY_RS02260	HPB8_RS05250
-	-	HPP12_RS02475	-	HPB8_RS05255
HP0472	HPG27_RS02255	HPP12_RS02470	HELPY_RS02255	HPB8_RS05260
HP0471	HPG27_RS02250	HPP12_RS02465	HELPY_RS02250	HPB8_RS05265
HP0470	HPG27_RS02245	HPP12_RS02460	HELPY_RS02245	HPB8_RS05270
HP0469	HPG27_RS02240	HPP12_RS02455	HELPY_RS02240	HPB8_RS05275
HP0468	HPG27_RS02235	HPP12_RS02450	HELPY_RS02235	HPB8_RS05280
HP0467	HPG27_RS02230	HPP12_RS02445	HELPY_RS02230	HPB8_RS05285
HP0466	HPG27_RS02225	HPP12_RS02440	HELPY_RS02225	HPB8_RS05290
HP0465	HPG27_RS02220	HPP12_RS02435	HELPY_RS02220	HPB8_RS05295
HP0463	HPG27_RS02210	HPP12_RS02250	HELPY_RS02210	HPB8_RS05305
HP0462	HPG27_RS02205	HPP12_RS02245	HELPY_RS02205	HPB8_RS05310
HP1010	HPG27_RS02195	HPP12_RS02235	HELPY_RS02195	HPB8_RS05320
HP1011	HPG27_RS02190	HPP12_RS02230	HELPY_RS02190	HPB8_RS05325
HP1012	HPG27_RS02185	HPP12_RS02225	HELPY_RS02185	HPB8_RS05330
HP1013	HPG27_RS02180	HPP12_RS02220	HELPY_RS02180	HPB8_RS05335
HP1014	HPG27_RS02175	HPP12_RS02215	HELPY_RS02175	HPB8_RS05340
HP1015	HPG27_RS02170	HPP12_RS02210	HELPY_RS02170	HPB8_RS05345
HP1016	-	HPP12_RS02205	HELPY_RS02165	HPB8_RS05350
HP1017	HPG27_RS02160	HPP12_RS02200	HELPY_RS02160	HPB8_RS05355
-	HPG27_RS02155	HPP12_RS02195	HELPY_RS02155	HPB8_RS05360
HP1020	HPG27_RS02150	HPP12_RS02190	HELPY_RS02150	HPB8_RS05365
HP1021	HPG27_RS02145	HPP12_RS02185	HELPY_RS02145	HPB8_RS05370
HP1023	-	HPP12_RS02175	HELPY_RS02135	HPB8_RS05380
HP1024	HPG27_RS02130	HPP12_RS02170	HELPY_RS02130	HPB8_RS05385
HP1025	-	HPP12_RS02165	HELPY_RS02125	HPB8_RS05390
HP1026	HPG27_RS02120	HPP12_RS02160	HELPY_RS02120	HPB8_RS05395
HP1027	HPG27_RS02115	HPP12_RS02155	HELPY_RS02115	HPB8_RS05400
HP1028	HPG27_RS02110	HPP12_RS02150	HELPY_RS02110	HPB8_RS05405
HP1029	HPG27_RS02105	HPP12_RS02145	HELPY_RS02105	HPB8_RS05410
HP1030	HPG27_RS02100	HPP12_RS02140	HELPY_RS02100	HPB8_RS05415
HP1031	HPG27_RS02095	HPP12_RS02135	HELPY_RS02095	HPB8_RS05420
HP1032	HPG27_RS02090	HPP12_RS02130	HELPY_RS02090	HPB8_RS05425
-	HPG27_RS02085	HPP12_RS02125	HELPY_RS02085	HPB8_RS05430
HP1034	HPG27_RS02080	HPP12_RS02120	HELPY_RS02080	HPB8_RS05435
HP1035	HPG27_RS02075	HPP12_RS02115	HELPY_RS02075	HPB8_RS05440
HP1036	HPG27_RS02070	HPP12_RS02110	HELPY_RS02070	HPB8_RS05445
HP1037	HPG27_RS02065	HPP12_RS02105	HELPY_RS02065	HPB8_RS05450
HP1038	HPG27_RS02060	HPP12_RS02100	HELPY_RS02060	HPB8_RS05455
HP1039	HPG27_RS02055	HPP12_RS02095	HELPY_RS02055	HPB8_RS05460
HP1040	HPG27_RS02050	HPP12_RS02090	HELPY_RS02050	HPB8_RS05465
HP1041	HPG27_RS02045	HPP12_RS02085	HELPY_RS02045	HPB8_RS05470
HP1042	HPG27_RS02040	HPP12_RS02080	HELPY_RS02040	HPB8_RS05475
HP1043	HPG27_RS02035	HPP12_RS02075	HELPY_RS02030	HPB8_RS05480
HP1044	HPG27_RS02030	HPP12_RS02070	HELPY_RS02025	HPB8_RS05485
HP1045	HPG27_RS02025	HPP12_RS02065	HELPY_RS02020	HPB8_RS05490
HP1046	HPG27_RS02020	HPP12_RS02060	HELPY_RS02015	HPB8_RS05495
HP1047	HPG27_RS02015	HPP12_RS02055	HELPY_RS02010	HPB8_RS05500
HP1048	HPG27_RS02010	HPP12_RS02050	HELPY_RS02005	HPB8_RS05505
HP1049	HPG27_RS02005	HPP12_RS02045	HELPY_RS02000	HPB8_RS05510
HP1050	HPG27_RS02000	HPP12_RS02040	HELPY_RS01995	HPB8_RS05515
HP1051	HPG27_RS01995	HPP12_RS02035	HELPY_RS01990	HPB8_RS05520
HP1052	HPG27_RS01990	HPP12_RS02030	HELPY_RS01985	HPB8_RS05525
HP1053	HPG27_RS01985	HPP12_RS02025	HELPY_RS01980	HPB8_RS05530
HP1054	HPG27_RS01980	HPP12_RS02020	HELPY_RS01975	HPB8_RS05535
HP1055	HPG27_RS01975	HPP12_RS02015	HELPY_RS01970	HPB8_RS05540
HP1056	HPG27_RS01970	HPP12_RS02010	HELPY_RS01965	HPB8_RS05545
HP1057	-	HPP12_RS02005	HELPY_RS01960	HPB8_RS05550
HP1058	HPG27_RS01960	HPP12_RS02000	HELPY_RS01955	HPB8_RS05555
HP1059	HPG27_RS01955	HPP12_RS01995	HELPY_RS01950	HPB8_RS05560
HP1060	HPG27_RS01950	HPP12_RS01990	HELPY_RS01945	HPB8_RS05565
HP1061	HPG27_RS01945	HPP12_RS01985	HELPY_RS01940	HPB8_RS05570
HP1062	HPG27_RS01940	HPP12_RS01980	HELPY_RS01935	HPB8_RS05575
HP1063	HPG27_RS01935	HPP12_RS01975	HELPY_RS01930	HPB8_RS05580
HP1064	HPG27_RS01930	HPP12_RS01970	HELPY_RS01925	HPB8_RS05585
HP1065	HPG27_RS01925	HPP12_RS01965	HELPY_RS01920	HPB8_RS05590
HP1066	HPG27_RS01915	HPP12_RS01955	HELPY_RS01910	HPB8_RS05600
HP1067	HPG27_RS01910	HPP12_RS01950	HELPY_RS01905	HPB8_RS05605
HP1068	HPG27_RS01905	HPP12_RS01945	HELPY_RS01900	HPB8_RS05610
HP1069	HPG27_RS01900	HPP12_RS01940	HELPY_RS01895	HPB8_RS05615
HP1070	HPG27_RS01895	HPP12_RS01935	HELPY_RS01890	HPB8_RS05620
HP1071	HPG27_RS01890	HPP12_RS01930	HELPY_RS01885	HPB8_RS05625
HP1072	HPG27_RS01885	HPP12_RS01925	HELPY_RS01880	HPB8_RS05630
HP1073	HPG27_RS01880	HPP12_RS01920	HELPY_RS01875	HPB8_RS05635
-	-	-	HELPY_RS01870	HPB8_RS05640
HP1075	HPG27_RS01875	HPP12_RS01915	HELPY_RS01865	HPB8_RS05645
HP1076	HPG27_RS01870	HPP12_RS01910	HELPY_RS01860	HPB8_RS05650
HP1077	HPG27_RS01865	HPP12_RS01905	HELPY_RS01855	HPB8_RS05655
HP1078	-	HPP12_RS01900	-	HPB8_RS05660
HP1079	-	HPP12_RS07920	-	HPB8_RS05665
HP1080	HPG27_RS01860	HPP12_RS01890	HELPY_RS01850	HPB8_RS05670
HP1081	HPG27_RS01855	HPP12_RS01885	HELPY_RS01845	HPB8_RS05675
HP1082	HPG27_RS01850	HPP12_RS01880	HELPY_RS01840	HPB8_RS05680
HP1083	HPG27_RS01845	HPP12_RS01875	HELPY_RS01835	HPB8_RS05685
HP1084	HPG27_RS01840	HPP12_RS01870	HELPY_RS01830	HPB8_RS05690
HP1085	HPG27_RS01835	HPP12_RS01865	HELPY_RS01825	HPB8_RS05695
HP1086	HPG27_RS01830	HPP12_RS01860	HELPY_RS01820	HPB8_RS05700
HP1087	HPG27_RS01825	HPP12_RS01855	HELPY_RS01815	HPB8_RS05705
HP1088	HPG27_RS01820	HPP12_RS01850	HELPY_RS01810	HPB8_RS05710
HP1089	HPG27_RS01815	HPP12_RS01845	HELPY_RS01805	HPB8_RS05715
HP1090	HPG27_RS01810	HPP12_RS01840	HELPY_RS01800	HPB8_RS05720
HP1091	HPG27_RS01805	HPP12_RS01835	HELPY_RS01795	HPB8_RS05725
HP1092	HPG27_RS01800	HPP12_RS01830	HELPY_RS01790	HPB8_RS05730
-	-	HPP12_RS01825	HELPY_RS01785	HPB8_RS05735
-	-	HPP12_RS01820	HELPY_RS01780	HPB8_RS05740
HP0356	HPG27_RS01785	-	HELPY_RS01775	HPB8_RS05745
HP0355	HPG27_RS01780	HPP12_RS01810	HELPY_RS01770	HPB8_RS05750
HP0354	HPG27_RS01775	HPP12_RS01805	HELPY_RS01765	HPB8_RS05755
HP0353	HPG27_RS01770	HPP12_RS01800	HELPY_RS01760	HPB8_RS05760
HP0352	HPG27_RS01765	HPP12_RS01795	HELPY_RS01755	HPB8_RS05765
HP0351	HPG27_RS01760	HPP12_RS01790	HELPY_RS01750	HPB8_RS05770
HP0350	HPG27_RS01755	HPP12_RS01785	HELPY_RS01745	HPB8_RS05775
HP0349	HPG27_RS01750	HPP12_RS01780	HELPY_RS01740	HPB8_RS05780
HP0348	HPG27_RS01745	HPP12_RS01775	HELPY_RS01735	HPB8_RS05785
HP0347	HPG27_RS01740	HPP12_RS01770	HELPY_RS01730	HPB8_RS05790
HP0338	HPG27_RS01705	HPP12_RS01730	HELPY_RS01690	HPB8_RS05795
HP0337	HPG27_RS01700	HPP12_RS01725	HELPY_RS01685	HPB8_RS05800
-	-	-	-	HPB8_RS05805
HP0334	HPG27_RS01690	HPP12_RS01715	HELPY_RS01675	HPB8_RS05810
HP0333	HPG27_RS01685	HPP12_RS01710	HELPY_RS01670	HPB8_RS05815
HP0332	HPG27_RS01680	HPP12_RS01705	HELPY_RS01665	HPB8_RS05820
HP0331	HPG27_RS01675	HPP12_RS01700	HELPY_RS01660	HPB8_RS05825
HP0330	HPG27_RS01670	HPP12_RS01695	HELPY_RS01655	HPB8_RS05830
HP0329	HPG27_RS01660	HPP12_RS01685	HELPY_RS01645	HPB8_RS05840
HP0328	HPG27_RS01655	HPP12_RS01680	HELPY_RS01640	HPB8_RS05845
HP0327	HPG27_RS01650	HPP12_RS01675	HELPY_RS01635	HPB8_RS05850
HP0326	HPG27_RS01645	HPP12_RS01670	HELPY_RS01630	HPB8_RS05855
-	HPG27_RS01640	HPP12_RS01665	HELPY_RS01625	HPB8_RS05860
HP0325	HPG27_RS01635	HPP12_RS01660	HELPY_RS01620	HPB8_RS05865
HP0324	HPG27_RS01630	HPP12_RS01655	HELPY_RS01615	HPB8_RS05870
HP0323	HPG27_RS01625	HPP12_RS01650	HELPY_RS01610	HPB8_RS05875
HP0322	HPG27_RS01620	HPP12_RS01645	HELPY_RS01605	HPB8_RS05880
HP0321	HPG27_RS01615	HPP12_RS01640	HELPY_RS01600	HPB8_RS05885
HP0320	-	HPP12_RS01635	HELPY_RS01595	HPB8_RS05890
HP0319	HPG27_RS01605	HPP12_RS01630	HELPY_RS01590	HPB8_RS05895
HP0318	HPG27_RS01600	HPP12_RS01625	HELPY_RS01585	HPB8_RS05900
HP0313	HPG27_RS01580	HPP12_RS01615	HELPY_RS01580	HPB8_RS05905
HP0312	HPG27_RS01575	HPP12_RS01610	HELPY_RS01575	HPB8_RS05910
HP0311	HPG27_RS01570	HPP12_RS01605	HELPY_RS01570	HPB8_RS05915
HP0310	HPG27_RS01555	HPP12_RS01600	HELPY_RS01565	HPB8_RS05920
HP0309	HPG27_RS01550	HPP12_RS01595	HELPY_RS01560	HPB8_RS05925
HP0308	HPG27_RS01545	HPP12_RS01590	HELPY_RS01555	HPB8_RS05930
HP0307	HPG27_RS01540	HPP12_RS01585	HELPY_RS01550	HPB8_RS05935
HP0306	HPG27_RS01535	HPP12_RS01580	HELPY_RS01545	HPB8_RS05940
HP0305	HPG27_RS01530	HPP12_RS01575	HELPY_RS01540	HPB8_RS05945
HP0304	HPG27_RS01525	HPP12_RS01570	HELPY_RS01535	HPB8_RS05950
HP0303	HPG27_RS01520	HPP12_RS01565	HELPY_RS01530	HPB8_RS05955
HP0302	HPG27_RS01515	HPP12_RS01560	HELPY_RS01525	HPB8_RS05960
HP0301	HPG27_RS01510	HPP12_RS01555	HELPY_RS01520	HPB8_RS05965
HP0300	HPG27_RS01505	HPP12_RS01550	HELPY_RS01515	HPB8_RS05970
HP0299	HPG27_RS01500	HPP12_RS01545	HELPY_RS01510	HPB8_RS05975
HP0298	HPG27_RS01495	HPP12_RS01540	HELPY_RS01505	HPB8_RS05980
HP0297	HPG27_RS01490	HPP12_RS01535	HELPY_RS01500	HPB8_RS05985
HP0296	HPG27_RS01485	HPP12_RS01530	HELPY_RS01495	HPB8_RS05990
HP0295	HPG27_RS01480	HPP12_RS01525	HELPY_RS01490	HPB8_RS05995
HP0294	HPG27_RS01475	HPP12_RS01520	HELPY_RS01485	HPB8_RS06000
HP0293	HPG27_RS01470	HPP12_RS01515	HELPY_RS01480	HPB8_RS06005
HP0292	HPG27_RS01465	HPP12_RS01510	HELPY_RS01475	HPB8_RS06010
HP0291	HPG27_RS01460	HPP12_RS01505	HELPY_RS01470	HPB8_RS06015
HP0290	HPG27_RS01455	HPP12_RS01500	HELPY_RS01465	HPB8_RS06020
HP0289	HPG27_RS01450	HPP12_RS01495	HELPY_RS01460	HPB8_RS06025
HP0288	HPG27_RS01445	HPP12_RS01490	HELPY_RS01455	HPB8_RS06030
HP0287	HPG27_RS01440	HPP12_RS01485	HELPY_RS01450	HPB8_RS06035
HP0286	HPG27_RS01435	HPP12_RS01480	HELPY_RS01445	HPB8_RS06040
HP0285	HPG27_RS01430	HPP12_RS01475	HELPY_RS01440	HPB8_RS06045
HP0284	HPG27_RS01425	HPP12_RS01470	HELPY_RS01435	HPB8_RS06050
HP0283	HPG27_RS01420	HPP12_RS01465	HELPY_RS01430	HPB8_RS06055
HP0282	HPG27_RS01415	HPP12_RS01460	HELPY_RS01425	HPB8_RS06060
HP0281	HPG27_RS01410	HPP12_RS01455	HELPY_RS01420	HPB8_RS06065
HP0280	HPG27_RS01405	HPP12_RS01450	HELPY_RS01415	HPB8_RS06070
HP0279	HPG27_RS01400	HPP12_RS01445	HELPY_RS01410	HPB8_RS06075
HP0278	HPG27_RS01395	HPP12_RS01440	HELPY_RS01405	HPB8_RS06080
HP0277	HPG27_RS01390	HPP12_RS01435	HELPY_RS01400	HPB8_RS06085
HP0276	HPG27_RS01385	HPP12_RS01430	HELPY_RS01395	HPB8_RS06090
HP0275	HPG27_RS01380	HPP12_RS01425	HELPY_RS01390	HPB8_RS06095
HP0274	HPG27_RS01375	HPP12_RS01420	HELPY_RS01385	HPB8_RS06100
HP0273	-	HPP12_RS01415	HELPY_RS01380	HPB8_RS06105
HP0272	-	-	HELPY_RS01375	HPB8_RS06110
HP0271	HPG27_RS01360	HPP12_RS01405	HELPY_RS01370	HPB8_RS06115
HP0270	HPG27_RS01355	HPP12_RS01400	HELPY_RS01365	HPB8_RS06120
HP0269	HPG27_RS01350	HPP12_RS01395	HELPY_RS01360	HPB8_RS06125
HP0268	HPG27_RS01345	HPP12_RS01390	HELPY_RS01355	HPB8_RS06130
HP0267	HPG27_RS01340	HPP12_RS01385	HELPY_RS01350	HPB8_RS06135
HP0266	HPG27_RS01335	HPP12_RS01380	HELPY_RS01345	HPB8_RS06140
HP0265	HPG27_RS01330	HPP12_RS01375	HELPY_RS01340	HPB8_RS06145
HP0264	HPG27_RS01325	HPP12_RS01370	HELPY_RS01335	HPB8_RS06150
HP0263	HPG27_RS01320	HPP12_RS01365	HELPY_RS01330	HPB8_RS06155
HP0262	HPG27_RS01315	HPP12_RS01360	HELPY_RS01325	HPB8_RS06160
-	-	-	HELPY_RS01320	HPB8_RS06165
HP0261	HPG27_RS01310	HPP12_RS01355	HELPY_RS01315	HPB8_RS06170
HP0260	HPG27_RS01305	HPP12_RS01350	HELPY_RS01310	HPB8_RS06175
HP0259	HPG27_RS01300	HPP12_RS01345	HELPY_RS01305	HPB8_RS06180
HP0258	HPG27_RS01295	HPP12_RS01340	HELPY_RS01300	HPB8_RS06185
HP0257	HPG27_RS01290	HPP12_RS01335	HELPY_RS01295	HPB8_RS06190
HP0256	HPG27_RS01285	HPP12_RS01330	HELPY_RS01290	HPB8_RS06195
HP0255	HPG27_RS01280	HPP12_RS01325	HELPY_RS01285	HPB8_RS06200
-	HPG27_RS01275	HPP12_RS01320	HELPY_RS01280	HPB8_RS06205
HP0252	HPG27_RS01270	HPP12_RS01315	HELPY_RS01275	HPB8_RS06210
HP0251	HPG27_RS01260	-	-	HPB8_RS06220
HP0250	HPG27_RS01255	HPP12_RS01300	HELPY_RS01260	HPB8_RS06225
HP0249	HPG27_RS01250	HPP12_RS01295	HELPY_RS01255	HPB8_RS06230
HP0248	HPG27_RS01245	HPP12_RS01290	HELPY_RS01250	HPB8_RS06235
HP0247	HPG27_RS01240	HPP12_RS01285	HELPY_RS01245	HPB8_RS06240
HP0246	HPG27_RS01235	HPP12_RS01280	HELPY_RS01240	HPB8_RS06245
HP0245	HPG27_RS01230	HPP12_RS01275	HELPY_RS01235	HPB8_RS06250
HP0244	HPG27_RS01225	HPP12_RS01270	HELPY_RS01230	HPB8_RS06255
HP0243	HPG27_RS01220	HPP12_RS01265	HELPY_RS01225	HPB8_RS06260
HP0242	HPG27_RS01215	HPP12_RS01260	HELPY_RS01220	HPB8_RS06265
HP0241	HPG27_RS01210	HPP12_RS01255	HELPY_RS01215	HPB8_RS06270
HP0240	HPG27_RS01205	HPP12_RS01250	HELPY_RS01210	HPB8_RS06275
HP0239	HPG27_RS01200	HPP12_RS01245	HELPY_RS01205	HPB8_RS06280
HP0238	HPG27_RS01195	HPP12_RS01240	HELPY_RS01200	HPB8_RS06285
HP0237	HPG27_RS01190	HPP12_RS01235	HELPY_RS01195	HPB8_RS06290
HP0236	HPG27_RS01185	HPP12_RS01230	HELPY_RS01190	HPB8_RS06295
HP0235	HPG27_RS01180	HPP12_RS01225	HELPY_RS01185	HPB8_RS06300
HP0234	HPG27_RS01175	HPP12_RS01220	HELPY_RS01180	HPB8_RS06305
HP0233	HPG27_RS01170	HPP12_RS01215	HELPY_RS01175	HPB8_RS06310
HP0232	HPG27_RS01165	HPP12_RS01210	HELPY_RS01170	HPB8_RS06315
HP0231	HPG27_RS01160	HPP12_RS01205	HELPY_RS01165	HPB8_RS06320
HP0230	HPG27_RS01155	HPP12_RS01200	HELPY_RS01160	HPB8_RS06325
HP0229	HPG27_RS01150	HPP12_RS01195	HELPY_RS01155	HPB8_RS06330
HP0228	HPG27_RS01140	HPP12_RS01185	HELPY_RS01145	HPB8_RS06340
HP0226	HPG27_RS01130	HPP12_RS01175	HELPY_RS01135	HPB8_RS06350
HP0224	HPG27_RS01125	HPP12_RS01170	HELPY_RS01130	HPB8_RS06355
HP0223	HPG27_RS01120	HPP12_RS01165	HELPY_RS01125	HPB8_RS06360
HP0222	HPG27_RS01115	-	-	HPB8_RS06365
HP0221	HPG27_RS01110	HPP12_RS01155	HELPY_RS01115	HPB8_RS06370
HP0220	HPG27_RS01105	HPP12_RS01150	HELPY_RS01110	HPB8_RS06375
HP0219	HPG27_RS01100	HPP12_RS01140	HELPY_RS01105	HPB8_RS06380
HP0218	HPG27_RS01095	HPP12_RS01135	HELPY_RS01100	HPB8_RS06385
HP0216	HPG27_RS01090	HPP12_RS01120	HELPY_RS01085	HPB8_RS06390
HP0215	HPG27_RS01085	HPP12_RS01115	HELPY_RS01080	HPB8_RS06395
HP0214	HPG27_RS01080	HPP12_RS01110	HELPY_RS01075	HPB8_RS06400
HP0213	HPG27_RS01075	HPP12_RS01105	HELPY_RS01070	HPB8_RS06405
HP0212	HPG27_RS01070	HPP12_RS01100	HELPY_RS01065	HPB8_RS06410
HP0211	HPG27_RS01065	HPP12_RS01095	HELPY_RS01055	HPB8_RS06415
HP0210	HPG27_RS01060	HPP12_RS01090	HELPY_RS01050	HPB8_RS06420
HP0209	HPG27_RS01055	HPP12_RS01085	HELPY_RS01045	HPB8_RS06425
-	HPG27_RS01050	HPP12_RS01075	-	HPB8_RS06430
HP0208	HPG27_RS01045	HPP12_RS01070	HELPY_RS01040	HPB8_RS06435
HP0207	HPG27_RS01040	HPP12_RS01065	HELPY_RS01035	HPB8_RS06440
-	HPG27_RS01035	-	-	HPB8_RS06445
HP0204	HPG27_RS01030	HPP12_RS01055	HELPY_RS01025	HPB8_RS06450
-	-	HPP12_RS01050	HELPY_RS01020	HPB8_RS06455
HP0202	HPG27_RS01020	HPP12_RS01045	HELPY_RS01015	HPB8_RS06460
HP0201	HPG27_RS01015	HPP12_RS01040	HELPY_RS01010	HPB8_RS06465
HP0200	HPG27_RS01010	HPP12_RS01035	HELPY_RS01005	HPB8_RS06470
HP0199	HPG27_RS01005	HPP12_RS01030	HELPY_RS01000	HPB8_RS06475
HP0198	HPG27_RS01000	HPP12_RS01025	HELPY_RS00995	HPB8_RS06480
HP0197	HPG27_RS00995	HPP12_RS01020	HELPY_RS00990	HPB8_RS06485
HP0196	HPG27_RS00990	HPP12_RS01015	HELPY_RS00985	HPB8_RS06490
HP0195	HPG27_RS00985	HPP12_RS01010	HELPY_RS00980	HPB8_RS06495
HP0194	HPG27_RS00980	HPP12_RS01005	HELPY_RS00975	HPB8_RS06500
HP0193	HPG27_RS00975	HPP12_RS01000	HELPY_RS00970	HPB8_RS06505
HP0192	HPG27_RS00970	HPP12_RS00995	HELPY_RS00965	HPB8_RS06510
HP0191	HPG27_RS00965	HPP12_RS00990	HELPY_RS00960	HPB8_RS06515
HP0190	HPG27_RS00960	HPP12_RS00985	HELPY_RS00955	HPB8_RS06520
HP0189	HPG27_RS00955	HPP12_RS00980	HELPY_RS00950	HPB8_RS06525
-	-	-	HELPY_RS00945	HPB8_RS06530
HP0186	HPG27_RS00940	HPP12_RS00970	HELPY_RS00940	HPB8_RS06535
HP0185	HPG27_RS00930	HPP12_RS00960	HELPY_RS00935	HPB8_RS06540
HP0184	HPG27_RS00925	HPP12_RS00955	HELPY_RS00930	HPB8_RS06545
HP0183	HPG27_RS00920	HPP12_RS00950	HELPY_RS00925	HPB8_RS06550
HP0182	HPG27_RS00915	HPP12_RS00945	HELPY_RS00920	HPB8_RS06555
HP0181	HPG27_RS00910	HPP12_RS00940	HELPY_RS00915	HPB8_RS06560
HP0180	HPG27_RS00905	HPP12_RS00935	HELPY_RS00910	HPB8_RS06565
HP0179	HPG27_RS00900	HPP12_RS00930	HELPY_RS00905	HPB8_RS06570
HP0178	HPG27_RS00895	HPP12_RS00925	HELPY_RS00900	HPB8_RS06575
HP0177	HPG27_RS00890	HPP12_RS00905	HELPY_RS00895	HPB8_RS06580
HP0176	HPG27_RS00885	HPP12_RS00900	HELPY_RS00890	HPB8_RS06585
HP0175	HPG27_RS00880	HPP12_RS00895	HELPY_RS00885	HPB8_RS06590
HP0174a	-	HPP12_RS00890	HELPY_RS00880	HPB8_RS06595
HP0174	HPG27_RS00875	HPP12_RS00885	HELPY_RS00875	HPB8_RS06600
HP0173	HPG27_RS00870	HPP12_RS00880	HELPY_RS00870	HPB8_RS06605
HP0172	HPG27_RS00865	HPP12_RS00875	HELPY_RS00865	HPB8_RS06610
HP0171	HPG27_RS00860	HPP12_RS00870	HELPY_RS00860	HPB8_RS06615
HP0170	HPG27_RS00855	HPP12_RS00865	HELPY_RS00855	HPB8_RS06620
HP0169	HPG27_RS00850	HPP12_RS00860	HELPY_RS00850	HPB8_RS06625
HP0168	HPG27_RS00845	HPP12_RS00855	HELPY_RS00845	HPB8_RS06630
HP0167	HPG27_RS00840	HPP12_RS00850	HELPY_RS00840	HPB8_RS06635
HP0166	HPG27_RS00835	HPP12_RS00845	HELPY_RS00835	HPB8_RS06640
-	HPG27_RS00830	HPP12_RS00840	HELPY_RS00830	HPB8_RS06645
HP0163	HPG27_RS00825	HPP12_RS00835	HELPY_RS00825	HPB8_RS06650
HP0162	HPG27_RS00820	HPP12_RS00830	HELPY_RS00820	HPB8_RS06655
HP0160	HPG27_RS00810	HPP12_RS00825	HELPY_RS00810	HPB8_RS06660
HP0159	HPG27_RS00805	HPP12_RS00820	HELPY_RS00805	HPB8_RS06665
HP0158	HPG27_RS00800	HPP12_RS00815	HELPY_RS00800	HPB8_RS06670
HP0157	HPG27_RS00795	HPP12_RS00810	HELPY_RS00795	HPB8_RS06675
HP0156	HPG27_RS00790	HPP12_RS00805	HELPY_RS00790	HPB8_RS06680
HP0155	HPG27_RS00785	HPP12_RS00800	HELPY_RS00785	HPB8_RS06685
HP0154	HPG27_RS00780	HPP12_RS00795	HELPY_RS00780	HPB8_RS06690
HP0153	HPG27_RS00775	HPP12_RS00790	HELPY_RS00775	HPB8_RS06695
HP0152	HPG27_RS00770	HPP12_RS00785	HELPY_RS00770	HPB8_RS06700
HP0151	HPG27_RS00765	HPP12_RS00780	HELPY_RS00765	HPB8_RS06705
HP0150	-	HPP12_RS00775	HELPY_RS00760	HPB8_RS06710
HP0149	HPG27_RS00755	HPP12_RS00770	HELPY_RS00755	HPB8_RS06715
HP0148	HPG27_RS00750	HPP12_RS00765	HELPY_RS00750	HPB8_RS06720
HP0147	HPG27_RS00745	HPP12_RS00760	HELPY_RS00745	HPB8_RS06725
HP0146	HPG27_RS00740	HPP12_RS00755	HELPY_RS00740	HPB8_RS06730
HP0145	HPG27_RS00735	HPP12_RS00750	HELPY_RS00735	HPB8_RS06735
HP0144	HPG27_RS00730	HPP12_RS00745	HELPY_RS00730	HPB8_RS06740
-	HPG27_RS00725	HPP12_RS00740	HELPY_RS00725	HPB8_RS06745
HP0142	HPG27_RS00720	HPP12_RS00735	HELPY_RS00720	HPB8_RS06750
HP0141	HPG27_RS00715	HPP12_RS00730	HELPY_RS00715	HPB8_RS06755
HP0140	HPG27_RS00710	HPP12_RS00725	HELPY_RS00710	HPB8_RS06760
HP0139	HPG27_RS00705	HPP12_RS00720	HELPY_RS00705	HPB8_RS06765
HP0138	HPG27_RS00700	HPP12_RS00715	HELPY_RS00700	HPB8_RS06770
HP0137	HPG27_RS00695	HPP12_RS00710	HELPY_RS00695	HPB8_RS06775
HP0136	HPG27_RS00690	HPP12_RS00705	HELPY_RS00690	HPB8_RS06780
HP0135	HPG27_RS00685	HPP12_RS00700	HELPY_RS00685	HPB8_RS06785
HP0134	HPG27_RS00680	HPP12_RS00695	HELPY_RS00680	HPB8_RS06790
HP0133	HPG27_RS00675	HPP12_RS00690	HELPY_RS00675	HPB8_RS06795
HP0132	HPG27_RS00670	HPP12_RS00685	HELPY_RS00670	HPB8_RS06800
-	-	-	-	HPB8_RS06805
HP0130	HPG27_RS00665	HPP12_RS00680	HELPY_RS00660	HPB8_RS06815
HP0129	HPG27_RS00660	HPP12_RS00675	HELPY_RS00655	HPB8_RS06820
HP0128	HPG27_RS00655	HPP12_RS00670	HELPY_RS00650	HPB8_RS06825
HP0127	HPG27_RS00650	HPP12_RS00665	HELPY_RS00645	HPB8_RS06830
HP0126	HPG27_RS00645	HPP12_RS00660	HELPY_RS00640	HPB8_RS06835
HP0125	HPG27_RS00640	HPP12_RS00655	HELPY_RS00635	HPB8_RS06840
HP0124	HPG27_RS00635	HPP12_RS00650	HELPY_RS00630	HPB8_RS06845
HP0123	HPG27_RS00630	HPP12_RS00645	HELPY_RS00625	HPB8_RS06850
HP0122	HPG27_RS00625	HPP12_RS00640	HELPY_RS00620	HPB8_RS06855
HP0121	HPG27_RS00620	HPP12_RS00635	HELPY_RS00615	HPB8_RS06860
HP1187	HPG27_RS00615	HPP12_RS00630	HELPY_RS05625	HPB8_RS06865
HP0117	HPG27_RS00610	HPP12_RS00625	HELPY_RS00605	HPB8_RS06870
HP0116	HPG27_RS00605	HPP12_RS00620	HELPY_RS00600	HPB8_RS06875
HP0115	HPG27_RS00600	HPP12_RS00615	HELPY_RS00595	HPB8_RS06880
HP0114	HPG27_RS00595	HPP12_RS00610	HELPY_RS00590	HPB8_RS06885
HP0113	HPG27_RS00590	HPP12_RS00605	HELPY_RS00585	HPB8_RS06890
HP0112	HPG27_RS00585	HPP12_RS00600	HELPY_RS00580	HPB8_RS06895
HP0111	HPG27_RS00580	HPP12_RS00595	HELPY_RS00575	HPB8_RS06900
HP0110	HPG27_RS00575	HPP12_RS00590	HELPY_RS00570	HPB8_RS06905
HP0109	HPG27_RS00570	HPP12_RS00585	HELPY_RS00565	HPB8_RS06910
HP0108	-	-	HELPY_RS00560	HPB8_RS06915
HP0107	HPG27_RS00560	HPP12_RS00575	HELPY_RS00555	HPB8_RS06920
HP0106	HPG27_RS00555	HPP12_RS00570	HELPY_RS00550	HPB8_RS06925
HP0105	HPG27_RS00550	HPP12_RS00565	HELPY_RS00545	HPB8_RS06930
HP0104	HPG27_RS00545	HPP12_RS00560	HELPY_RS00540	HPB8_RS06935
HP0103	HPG27_RS00540	HPP12_RS00555	HELPY_RS00535	HPB8_RS06940
HP0102	HPG27_RS00535	HPP12_RS00550	HELPY_RS00530	HPB8_RS06945
HP0101	HPG27_RS00530	HPP12_RS00545	HELPY_RS00525	HPB8_RS06950
HP0100	HPG27_RS00525	HPP12_RS00540	HELPY_RS00520	HPB8_RS06955
HP0099	HPG27_RS00520	HPP12_RS00535	HELPY_RS00515	HPB8_RS06960
HP0098	HPG27_RS00515	HPP12_RS00530	HELPY_RS00510	HPB8_RS06965
HP0097	HPG27_RS00510	HPP12_RS00525	HELPY_RS00505	HPB8_RS06970
HP0096	HPG27_RS00505	HPP12_RS00520	HELPY_RS00500	HPB8_RS06975
HP0095	HPG27_RS00500	HPP12_RS00515	HELPY_RS00495	HPB8_RS06980
-	HPG27_RS00490	HPP12_RS00505	HELPY_RS00485	HPB8_RS06990
HP0092	HPG27_RS00485	HPP12_RS00500	HELPY_RS00480	HPB8_RS06995
-	-	-	-	HPB8_RS07000
HP0090	HPG27_RS00470	HPP12_RS00485	HELPY_RS00465	HPB8_RS07010
HP0089	HPG27_RS00465	HPP12_RS00480	HELPY_RS00460	HPB8_RS07015
HP0088	HPG27_RS00460	HPP12_RS00475	HELPY_RS00455	HPB8_RS07020
HP0087	HPG27_RS00455	HPP12_RS00470	HELPY_RS00450	HPB8_RS07025
HP0086	HPG27_RS00450	HPP12_RS00465	HELPY_RS00445	HPB8_RS07030
HP0085	HPG27_RS00445	HPP12_RS00460	HELPY_RS00440	HPB8_RS07035
HP0084	HPG27_RS00440	HPP12_RS00455	HELPY_RS00435	HPB8_RS07040
HP0083	HPG27_RS00435	HPP12_RS00450	HELPY_RS00430	HPB8_RS07045
HP0082	-	HPP12_RS00440	HELPY_RS00425	HPB8_RS07050
HP0080	HPG27_RS00425	HPP12_RS00430	HELPY_RS00415	HPB8_RS07055
HP0079	HPG27_RS00420	HPP12_RS00425	HELPY_RS00410	HPB8_RS07065
HP0077	HPG27_RS00410	HPP12_RS00415	HELPY_RS00400	HPB8_RS07075
HP0076	HPG27_RS00405	HPP12_RS00410	HELPY_RS00395	HPB8_RS07080
HP0075	HPG27_RS00400	HPP12_RS00405	HELPY_RS00390	HPB8_RS07085
HP0074	HPG27_RS00395	HPP12_RS00400	HELPY_RS00385	HPB8_RS07090
HP0073	HPG27_RS00385	HPP12_RS00390	HELPY_RS00375	HPB8_RS07100
HP0072	HPG27_RS00380	HPP12_RS00385	HELPY_RS00370	HPB8_RS07105
HP0071	HPG27_RS00375	HPP12_RS00380	HELPY_RS00365	HPB8_RS07110
HP0070	HPG27_RS00370	HPP12_RS00375	HELPY_RS00360	HPB8_RS07115
HP0069	-	HPP12_RS00370	HELPY_RS00355	HPB8_RS07120
HP0068	HPG27_RS00360	HPP12_RS00365	HELPY_RS00350	HPB8_RS07125
HP0067	HPG27_RS00355	HPP12_RS00360	HELPY_RS00345	HPB8_RS07130
HP0065	HPG27_RS00345	HPP12_RS00340	HELPY_RS00330	HPB8_RS07140
HP0064	HPG27_RS00340	HPP12_RS00335	HELPY_RS00325	HPB8_RS07145
HP0063	-	-	HELPY_RS00320	HPB8_RS07150
HP0062	HPG27_RS00330	HPP12_RS00325	HELPY_RS00315	HPB8_RS07155
HP0061	HPG27_RS00325	HPP12_RS00320	HELPY_RS00310	HPB8_RS07160
HP0060	-	-	-	HPB8_RS07165
HP0059	HPG27_RS00315	HPP12_RS00305	HELPY_RS00300	HPB8_RS07170
-	HPG27_RS00310	-	HELPY_RS00295	HPB8_RS07175
HP0057	HPG27_RS00305	HPP12_RS00295	HELPY_RS00290	HPB8_RS07180
HP0056	HPG27_RS00300	HPP12_RS00290	HELPY_RS00285	HPB8_RS07185
HP0055	HPG27_RS00295	HPP12_RS00285	HELPY_RS00280	HPB8_RS07190
HP0054	-	HPP12_RS00280	HELPY_RS00275	HPB8_RS07195
-	-	-	-	HPB8_RS07200
-	-	-	-	HPB8_RS07205
-	-	-	-	HPB8_RS07210
-	-	HPP12_RS00270	-	HPB8_RS07215
HP0051	HPG27_RS00275	HPP12_RS00265	HELPY_RS00270	HPB8_RS07220
HP0050	HPG27_RS00270	HPP12_RS00260	HELPY_RS00265	HPB8_RS07225
-	-	-	-	HPB8_RS07230
HP1355	HPG27_RS06810	HPP12_RS06930	HELPY_RS06540	HPB8_RS07245
HP1356	HPG27_RS06815	HPP12_RS06935	HELPY_RS06545	HPB8_RS07250
HP1357	HPG27_RS06820	HPP12_RS06940	HELPY_RS06550	HPB8_RS07255
HP1358	HPG27_RS06825	HPP12_RS06945	HELPY_RS06555	HPB8_RS07260
HP1359	HPG27_RS06830	HPP12_RS06950	HELPY_RS06560	HPB8_RS07265
HP1360	-	HPP12_RS06955	HELPY_RS06565	HPB8_RS07270
HP1361	HPG27_RS06840	HPP12_RS06960	HELPY_RS06570	HPB8_RS07275
HP1362	HPG27_RS06845	HPP12_RS06965	HELPY_RS06575	HPB8_RS07280
HP1363	HPG27_RS06850	HPP12_RS06970	HELPY_RS06580	HPB8_RS07285
HP1364	HPG27_RS06855	HPP12_RS06975	HELPY_RS06585	HPB8_RS07290
HP1365	HPG27_RS06860	HPP12_RS06980	HELPY_RS06590	HPB8_RS07295
HP1371	HPG27_RS06870	HPP12_RS06990	HELPY_RS06600	HPB8_RS07305
HP1372	HPG27_RS06875	HPP12_RS06995	HELPY_RS06605	HPB8_RS07310
HP1373	HPG27_RS06880	HPP12_RS07000	HELPY_RS06610	HPB8_RS07315
HP1374	HPG27_RS06885	HPP12_RS07005	HELPY_RS06615	HPB8_RS07320
HP1375	HPG27_RS06890	HPP12_RS07010	HELPY_RS06620	HPB8_RS07325
HP1376	HPG27_RS06895	HPP12_RS07015	HELPY_RS06625	HPB8_RS07330
HP1377	HPG27_RS06900	HPP12_RS07020	HELPY_RS06630	HPB8_RS07335
HP1378	HPG27_RS06905	HPP12_RS07025	HELPY_RS06635	HPB8_RS07340
HP1379	HPG27_RS06910	HPP12_RS07030	HELPY_RS06640	HPB8_RS07345
HP1380	HPG27_RS06915	HPP12_RS07035	HELPY_RS06645	HPB8_RS07350
HP1382	HPG27_RS06925	HPP12_RS07045	HELPY_RS06655	HPB8_RS07355
HP1369m	HPG27_RS06930	HPP12_RS07050	HELPY_RS06660	HPB8_RS07360
-	HPG27_RS06935	-	HELPY_RS06665	HPB8_RS07365
HP1406	HPG27_RS06940	HPP12_RS07060	HELPY_RS06670	HPB8_RS07370
HP1407	HPG27_RS06945	HPP12_RS07065	HELPY_RS06675	HPB8_RS07375
-	-	-	-	HPB8_RS07395
HP1411	HPG27_RS04935	HPP12_RS05060	HELPY_RS04805	HPB8_RS07410
-	-	-	-	HPB8_RS07415
-	-	-	-	HPB8_RS07420
HP1413	HPG27_RS06990	HPP12_RS07095	HELPY_RS06710	HPB8_RS07425
HP1414	HPG27_RS06995	HPP12_RS07100	HELPY_RS06715	HPB8_RS07430
HP1415	HPG27_RS07000	HPP12_RS07105	HELPY_RS06720	HPB8_RS07435
HP1416	HPG27_RS07005	HPP12_RS07110	HELPY_RS06725	HPB8_RS07440
-	-	-	-	HPB8_RS07450
HP0049	HPG27_RS00265	HPP12_RS00255	HELPY_RS00260	HPB8_RS07455
HP0048	HPG27_RS00260	HPP12_RS00250	HELPY_RS00255	HPB8_RS07460
HP0047	HPG27_RS00255	HPP12_RS00245	HELPY_RS00250	HPB8_RS07465
HP0045	HPG27_RS00235	HPP12_RS00235	HELPY_RS00245	HPB8_RS07470
HP0044	HPG27_RS00230	HPP12_RS00230	HELPY_RS00240	HPB8_RS07475
HP0043	HPG27_RS00225	-	HELPY_RS00235	HPB8_RS07480
-	HPG27_RS00220	HPP12_RS00220	HELPY_RS00230	HPB8_RS07485
-	HPG27_RS00215	HPP12_RS00215	HELPY_RS00225	HPB8_RS07490
HP0038	HPG27_RS00210	HPP12_RS00210	HELPY_RS00220	HPB8_RS07495
-	HPG27_RS00205	HPP12_RS00205	HELPY_RS00215	HPB8_RS07500
HP0037	HPG27_RS00200	HPP12_RS00200	HELPY_RS00210	HPB8_RS07505
HP0036	HPG27_RS00195	HPP12_RS00195	HELPY_RS00205	HPB8_RS07510
HP0035	HPG27_RS00190	HPP12_RS00190	HELPY_RS00200	HPB8_RS07515
HP0034	HPG27_RS00185	HPP12_RS00185	HELPY_RS00195	HPB8_RS07520
HP0033	HPG27_RS00180	HPP12_RS00180	HELPY_RS00190	HPB8_RS07525
HP0032	HPG27_RS00175	HPP12_RS00175	HELPY_RS00185	HPB8_RS07530
HP0031	HPG27_RS00170	HPP12_RS00170	HELPY_RS00180	HPB8_RS07535
HP0030	HPG27_RS00165	HPP12_RS00165	HELPY_RS00175	HPB8_RS07540
HP0029	HPG27_RS00160	HPP12_RS00160	HELPY_RS00170	HPB8_RS07545
HP0028	HPG27_RS00155	HPP12_RS00155	HELPY_RS00165	HPB8_RS07550
HP0027	HPG27_RS00150	HPP12_RS00150	HELPY_RS00160	HPB8_RS07555
HP0026	HPG27_RS00145	HPP12_RS00145	HELPY_RS00155	HPB8_RS07560
HP0025	HPG27_RS00140	HPP12_RS00140	HELPY_RS00150	HPB8_RS07565
HP0024	HPG27_RS00135	HPP12_RS00135	HELPY_RS00145	HPB8_RS07575
-	-	HPP12_RS00130	HELPY_RS00140	HPB8_RS07580
HP0022	HPG27_RS00130	HPP12_RS00125	HELPY_RS00135	HPB8_RS07585
HP0021	HPG27_RS00125	HPP12_RS00120	HELPY_RS00130	HPB8_RS07590
HP0020	HPG27_RS00120	HPP12_RS00115	HELPY_RS00125	HPB8_RS07595
HP0019	HPG27_RS00115	HPP12_RS00110	HELPY_RS00120	HPB8_RS07600
HP0018	HPG27_RS00110	HPP12_RS00105	HELPY_RS00115	HPB8_RS07605
HP0017	HPG27_RS00105	HPP12_RS00100	HELPY_RS00110	HPB8_RS07610
HP0016	HPG27_RS00100	HPP12_RS00095	HELPY_RS00105	HPB8_RS07615
HP0015	HPG27_RS00095	HPP12_RS00090	HELPY_RS00100	HPB8_RS07620
HP0014	HPG27_RS00090	HPP12_RS00085	HELPY_RS00095	HPB8_RS07625
HP0013	HPG27_RS00085	HPP12_RS00080	HELPY_RS00090	HPB8_RS07630
HP0012	HPG27_RS00080	HPP12_RS00075	HELPY_RS00085	HPB8_RS07635
HP0011	HPG27_RS00075	HPP12_RS00070	HELPY_RS00080	HPB8_RS07645
HP0010	HPG27_RS00070	HPP12_RS00065	HELPY_RS00075	HPB8_RS07650
HP0009	HPG27_RS00060	HPP12_RS00060	HELPY_RS00070	HPB8_RS07655
HP0006	HPG27_RS00030	HPP12_RS00030	HELPY_RS00040	HPB8_RS07690
HP0005	HPG27_RS00025	HPP12_RS00025	HELPY_RS00035	HPB8_RS07695
HP0004	HPG27_RS00020	HPP12_RS00020	HELPY_RS00030	HPB8_RS07700
HP0003	HPG27_RS00015	HPP12_RS00015	HELPY_RS00025	HPB8_RS07705
HP0002	HPG27_RS00010	HPP12_RS00010	HELPY_RS07760	HPB8_RS07710
HP0001	HPG27_RS00005	HPP12_RS00005	HELPY_RS07755	HPB8_RS07715
-	-	-	-	HPB8_RS07720
HP1588	HPG27_RS07965	HPP12_RS08085	HELPY_RS07740	HPB8_RS07725
-	HPG27_RS07960	HPP12_RS08080	HELPY_RS07735	HPB8_RS07730
-	-	HPP12_RS08070	-	HPB8_RS07740
-	-	-	-	HPB8_RS07745
HP1585	HPG27_RS07945	HPP12_RS08065	HELPY_RS07725	HPB8_RS07750
HP1584	HPG27_RS07940	HPP12_RS08060	HELPY_RS07720	HPB8_RS07755
HP1583	HPG27_RS07935	HPP12_RS08055	HELPY_RS07715	HPB8_RS07760
HP1582	HPG27_RS07930	HPP12_RS08050	HELPY_RS07710	HPB8_RS07765
HP1581	HPG27_RS07925	HPP12_RS08045	HELPY_RS07705	HPB8_RS07770
HP1580	HPG27_RS07920	HPP12_RS08040	HELPY_RS07700	HPB8_RS07775
HP1579	HPG27_RS07915	HPP12_RS08035	HELPY_RS07695	HPB8_RS07780
HP1577	HPG27_RS07905	HPP12_RS08025	HELPY_RS07685	HPB8_RS07785
HP1576	HPG27_RS07900	HPP12_RS08020	HELPY_RS07680	HPB8_RS07790
HP1575	HPG27_RS07895	HPP12_RS08015	HELPY_RS07675	HPB8_RS07795
HP1574	HPG27_RS07890	HPP12_RS08010	HELPY_RS07670	HPB8_RS07800
HP1573	HPG27_RS07885	HPP12_RS08005	HELPY_RS07665	HPB8_RS07805
HP1572	HPG27_RS07880	HPP12_RS08000	HELPY_RS07660	HPB8_RS07810
HP1571	HPG27_RS07875	HPP12_RS07995	HELPY_RS07655	HPB8_RS07815
HP1570	HPG27_RS07870	HPP12_RS07990	HELPY_RS07650	HPB8_RS07820
HP1569	HPG27_RS07865	HPP12_RS07985	HELPY_RS07645	HPB8_RS07825
HP1568	HPG27_RS07860	HPP12_RS07980	HELPY_RS07640	HPB8_RS07830
HP1567	HPG27_RS07855	HPP12_RS07975	HELPY_RS07635	HPB8_RS07835
HP1566	HPG27_RS07850	-	HELPY_RS07630	HPB8_RS07840
HP1565	HPG27_RS07845	HPP12_RS07965	HELPY_RS07625	HPB8_RS07845
HP1564	HPG27_RS07835	HPP12_RS07960	HELPY_RS07620	HPB8_RS07850
HP1563	HPG27_RS07830	HPP12_RS07955	HELPY_RS07615	HPB8_RS07860
HP1562	HPG27_RS07825	HPP12_RS07950	-	HPB8_RS07865
HP1561	-	-	HELPY_RS07610	HPB8_RS07870
HP1560	HPG27_RS07820	HPP12_RS07945	HELPY_RS07605	HPB8_RS07875
HP1559	HPG27_RS07815	HPP12_RS07940	HELPY_RS07600	HPB8_RS07880
HP1558	HPG27_RS07810	HPP12_RS07935	HELPY_RS07595	HPB8_RS07885
HP1557	HPG27_RS07805	HPP12_RS07930	HELPY_RS07590	HPB8_RS07890
HP1556	HPG27_RS07800	HPP12_RS07925	HELPY_RS07585	HPB8_RS07895
HP1417m	HPG27_RS07015	-	HELPY_RS06735	HPB8_RS07900
HP1538	HPG27_RS07710	HPP12_RS07910	HELPY_RS07495	HPB8_RS07910
HP1539	HPG27_RS07715	HPP12_RS07905	HELPY_RS07500	HPB8_RS07915
HP1540	HPG27_RS07720	HPP12_RS07900	HELPY_RS07505	HPB8_RS07920
HP1541	HPG27_RS07725	HPP12_RS07895	HELPY_RS07510	HPB8_RS07925
HP1542	HPG27_RS07730	HPP12_RS07890	HELPY_RS07515	HPB8_RS07930
HP1543	HPG27_RS07735	HPP12_RS07885	HELPY_RS07520	HPB8_RS07935
HP1544	HPG27_RS07740	HPP12_RS07880	HELPY_RS07525	HPB8_RS07940
HP1545	HPG27_RS07745	HPP12_RS07875	HELPY_RS07530	HPB8_RS07945
HP1546	HPG27_RS07750	HPP12_RS07870	HELPY_RS07535	HPB8_RS07950
HP1547	HPG27_RS07755	HPP12_RS07865	HELPY_RS07540	HPB8_RS07955
HP1548	HPG27_RS07760	HPP12_RS07860	HELPY_RS07545	HPB8_RS07960
HP1549	HPG27_RS07765	HPP12_RS07855	HELPY_RS07550	HPB8_RS07965
HP1550	HPG27_RS07770	HPP12_RS07850	HELPY_RS07555	HPB8_RS07970
HP1551	HPG27_RS07775	HPP12_RS07845	HELPY_RS07560	HPB8_RS07975
HP1552	HPG27_RS07780	HPP12_RS07840	HELPY_RS07565	HPB8_RS07980
HP1553	HPG27_RS07785	HPP12_RS07835	HELPY_RS07570	HPB8_RS07985
HP1554	HPG27_RS07790	HPP12_RS07830	HELPY_RS07575	HPB8_RS07990
HP1555	HPG27_RS07795	HPP12_RS07825	HELPY_RS07580	HPB8_RS07995
-	HPG27_RS07700	HPP12_RS07795	HELPY_RS07485	HPB8_RS08005
HP1384	HPG27_RS07695	HPP12_RS07800	HELPY_RS07480	HPB8_RS08010
HP1385	HPG27_RS07690	HPP12_RS07805	HELPY_RS07475	HPB8_RS08015
HP1386	HPG27_RS07685	HPP12_RS07810	HELPY_RS07470	HPB8_RS08020
HP1387	HPG27_RS07680	HPP12_RS07815	HELPY_RS07465	HPB8_RS08025
-	HPG27_RS07675	-	HELPY_RS07460	HPB8_RS08030
HP1391	HPG27_RS07670	HPP12_RS07790	HELPY_RS07395	HPB8_RS08035
HP1392	HPG27_RS07665	HPP12_RS07785	HELPY_RS07390	HPB8_RS08040
HP1393	HPG27_RS07660	HPP12_RS07780	HELPY_RS07385	HPB8_RS08045
HP1394	HPG27_RS07655	HPP12_RS07775	HELPY_RS07380	HPB8_RS08050
HP1395	HPG27_RS07650	HPP12_RS07770	HELPY_RS07375	HPB8_RS08055
HP1398	HPG27_RS07640	HPP12_RS07760	HELPY_RS07365	HPB8_RS08065
HP1399	HPG27_RS07635	HPP12_RS07755	HELPY_RS07360	HPB8_RS08070
HP1400	HPG27_RS07630	-	HELPY_RS07350	HPB8_RS08075
HP1401	HPG27_RS07625	HPP12_RS07745	HELPY_RS07345	HPB8_RS08080
HP1402	HPG27_RS07620	-	HELPY_RS07340	HPB8_RS08085
HP1403	HPG27_RS07615	HPP12_RS07735	HELPY_RS07335	HPB8_RS08090
-	-	-	-	HPB8_RS08095
-	-	-	-	HPB8_RS08100
HP1533	HPG27_RS07605	HPP12_RS07720	HELPY_RS07325	HPB8_RS08105
HP1532	HPG27_RS07600	HPP12_RS07715	HELPY_RS07320	HPB8_RS08110
HP1531	HPG27_RS07595	HPP12_RS07710	HELPY_RS07315	HPB8_RS08115
