NC_011498.1	NC_000915.1	NC_012973.1	NC_011333.1	NC_014256.1
HPP12_RS00005	HP0001	HELPY_RS07755	HPG27_RS00005	HPB8_RS07715
HPP12_RS00010	HP0002	HELPY_RS07760	HPG27_RS00010	HPB8_RS07710
HPP12_RS00015	HP0003	HELPY_RS00025	HPG27_RS00015	HPB8_RS07705
HPP12_RS00020	HP0004	HELPY_RS00030	HPG27_RS00020	HPB8_RS07700
HPP12_RS00025	HP0005	HELPY_RS00035	HPG27_RS00025	HPB8_RS07695
HPP12_RS00030	HP0006	HELPY_RS00040	HPG27_RS00030	HPB8_RS07690
HPP12_RS00060	HP0009	HELPY_RS00070	HPG27_RS00060	HPB8_RS07655
HPP12_RS00065	HP0010	HELPY_RS00075	HPG27_RS00070	HPB8_RS07650
HPP12_RS00070	HP0011	HELPY_RS00080	HPG27_RS00075	HPB8_RS07645
HPP12_RS00075	HP0012	HELPY_RS00085	HPG27_RS00080	HPB8_RS07635
HPP12_RS00080	HP0013	HELPY_RS00090	HPG27_RS00085	HPB8_RS07630
HPP12_RS00085	HP0014	HELPY_RS00095	HPG27_RS00090	HPB8_RS07625
HPP12_RS00090	HP0015	HELPY_RS00100	HPG27_RS00095	HPB8_RS07620
HPP12_RS00095	HP0016	HELPY_RS00105	HPG27_RS00100	HPB8_RS07615
HPP12_RS00100	HP0017	HELPY_RS00110	HPG27_RS00105	HPB8_RS07610
HPP12_RS00105	HP0018	HELPY_RS00115	HPG27_RS00110	HPB8_RS07605
HPP12_RS00110	HP0019	HELPY_RS00120	HPG27_RS00115	HPB8_RS07600
HPP12_RS00115	HP0020	HELPY_RS00125	HPG27_RS00120	HPB8_RS07595
HPP12_RS00120	HP0021	HELPY_RS00130	HPG27_RS00125	HPB8_RS07590
HPP12_RS00125	HP0022	HELPY_RS00135	HPG27_RS00130	HPB8_RS07585
HPP12_RS00130	-	HELPY_RS00140	-	HPB8_RS07580
HPP12_RS00135	HP0024	HELPY_RS00145	HPG27_RS00135	HPB8_RS07575
HPP12_RS00140	HP0025	HELPY_RS00150	HPG27_RS00140	HPB8_RS07565
HPP12_RS00145	HP0026	HELPY_RS00155	HPG27_RS00145	HPB8_RS07560
HPP12_RS00150	HP0027	HELPY_RS00160	HPG27_RS00150	HPB8_RS07555
HPP12_RS00155	HP0028	HELPY_RS00165	HPG27_RS00155	HPB8_RS07550
HPP12_RS00160	HP0029	HELPY_RS00170	HPG27_RS00160	HPB8_RS07545
HPP12_RS00165	HP0030	HELPY_RS00175	HPG27_RS00165	HPB8_RS07540
HPP12_RS00170	HP0031	HELPY_RS00180	HPG27_RS00170	HPB8_RS07535
HPP12_RS00175	HP0032	HELPY_RS00185	HPG27_RS00175	HPB8_RS07530
HPP12_RS00180	HP0033	HELPY_RS00190	HPG27_RS00180	HPB8_RS07525
HPP12_RS00185	HP0034	HELPY_RS00195	HPG27_RS00185	HPB8_RS07520
HPP12_RS00190	HP0035	HELPY_RS00200	HPG27_RS00190	HPB8_RS07515
HPP12_RS00195	HP0036	HELPY_RS00205	HPG27_RS00195	HPB8_RS07510
HPP12_RS00200	HP0037	HELPY_RS00210	HPG27_RS00200	HPB8_RS07505
HPP12_RS00205	-	HELPY_RS00215	HPG27_RS00205	HPB8_RS07500
HPP12_RS00210	HP0038	HELPY_RS00220	HPG27_RS00210	HPB8_RS07495
HPP12_RS00215	-	HELPY_RS00225	HPG27_RS00215	HPB8_RS07490
HPP12_RS00220	-	HELPY_RS00230	HPG27_RS00220	HPB8_RS07485
HPP12_RS00230	HP0044	HELPY_RS00240	HPG27_RS00230	HPB8_RS07475
HPP12_RS00235	HP0045	HELPY_RS00245	HPG27_RS00235	HPB8_RS07470
HPP12_RS00240	HP1438	HELPY_RS06835	HPG27_RS07115	-
HPP12_RS00245	HP0047	HELPY_RS00250	HPG27_RS00255	HPB8_RS07465
HPP12_RS00250	HP0048	HELPY_RS00255	HPG27_RS00260	HPB8_RS07460
HPP12_RS00255	HP0049	HELPY_RS00260	HPG27_RS00265	HPB8_RS07455
HPP12_RS00260	HP0050	HELPY_RS00265	HPG27_RS00270	HPB8_RS07225
HPP12_RS00265	HP0051	HELPY_RS00270	HPG27_RS00275	HPB8_RS07220
HPP12_RS00270	-	-	-	HPB8_RS07215
HPP12_RS00275	HP0053	-	-	-
HPP12_RS00280	HP0054	HELPY_RS00275	-	HPB8_RS07195
HPP12_RS00285	HP0055	HELPY_RS00280	HPG27_RS00295	HPB8_RS07190
HPP12_RS00290	HP0056	HELPY_RS00285	HPG27_RS00300	HPB8_RS07185
HPP12_RS00295	HP0057	HELPY_RS00290	HPG27_RS00305	HPB8_RS07180
HPP12_RS00300	-	-	-	-
HPP12_RS00305	HP0059	HELPY_RS00300	HPG27_RS00315	HPB8_RS07170
HPP12_RS00320	HP0061	HELPY_RS00310	HPG27_RS00325	HPB8_RS07160
HPP12_RS00325	HP0062	HELPY_RS00315	HPG27_RS00330	HPB8_RS07155
HPP12_RS00335	HP0064	HELPY_RS00325	HPG27_RS00340	HPB8_RS07145
HPP12_RS00340	HP0065	HELPY_RS00330	HPG27_RS00345	HPB8_RS07140
HPP12_RS00345	HP0066	-	-	-
HPP12_RS00350	-	-	-	-
HPP12_RS00360	HP0067	HELPY_RS00345	HPG27_RS00355	HPB8_RS07130
HPP12_RS00365	HP0068	HELPY_RS00350	HPG27_RS00360	HPB8_RS07125
HPP12_RS00370	HP0069	HELPY_RS00355	-	HPB8_RS07120
HPP12_RS00375	HP0070	HELPY_RS00360	HPG27_RS00370	HPB8_RS07115
HPP12_RS00380	HP0071	HELPY_RS00365	HPG27_RS00375	HPB8_RS07110
HPP12_RS00385	HP0072	HELPY_RS00370	HPG27_RS00380	HPB8_RS07105
HPP12_RS00390	HP0073	HELPY_RS00375	HPG27_RS00385	HPB8_RS07100
HPP12_RS00400	HP0074	HELPY_RS00385	HPG27_RS00395	HPB8_RS07090
HPP12_RS00405	HP0075	HELPY_RS00390	HPG27_RS00400	HPB8_RS07085
HPP12_RS00410	HP0076	HELPY_RS00395	HPG27_RS00405	HPB8_RS07080
HPP12_RS00415	HP0077	HELPY_RS00400	HPG27_RS00410	HPB8_RS07075
HPP12_RS00420	HP0078	HELPY_RS00405	-	-
HPP12_RS00425	HP0079	HELPY_RS00410	HPG27_RS00420	HPB8_RS07065
HPP12_RS00430	HP0080	HELPY_RS00415	HPG27_RS00425	HPB8_RS07055
HPP12_RS00435	HP0081	-	-	-
HPP12_RS00440	HP0082	HELPY_RS00425	-	HPB8_RS07050
HPP12_RS00450	HP0083	HELPY_RS00430	HPG27_RS00435	HPB8_RS07045
HPP12_RS00455	HP0084	HELPY_RS00435	HPG27_RS00440	HPB8_RS07040
HPP12_RS00460	HP0085	HELPY_RS00440	HPG27_RS00445	HPB8_RS07035
HPP12_RS00465	HP0086	HELPY_RS00445	HPG27_RS00450	HPB8_RS07030
HPP12_RS00470	HP0087	HELPY_RS00450	HPG27_RS00455	HPB8_RS07025
HPP12_RS00475	HP0088	HELPY_RS00455	HPG27_RS00460	HPB8_RS07020
HPP12_RS00480	HP0089	HELPY_RS00460	HPG27_RS00465	HPB8_RS07015
HPP12_RS00485	HP0090	HELPY_RS00465	HPG27_RS00470	HPB8_RS07010
HPP12_RS00500	HP0092	HELPY_RS00480	HPG27_RS00485	HPB8_RS06995
HPP12_RS00505	-	HELPY_RS00485	HPG27_RS00490	HPB8_RS06990
HPP12_RS00515	HP0095	HELPY_RS00495	HPG27_RS00500	HPB8_RS06980
HPP12_RS00520	HP0096	HELPY_RS00500	HPG27_RS00505	HPB8_RS06975
HPP12_RS00525	HP0097	HELPY_RS00505	HPG27_RS00510	HPB8_RS06970
HPP12_RS00530	HP0098	HELPY_RS00510	HPG27_RS00515	HPB8_RS06965
HPP12_RS00535	HP0099	HELPY_RS00515	HPG27_RS00520	HPB8_RS06960
HPP12_RS00540	HP0100	HELPY_RS00520	HPG27_RS00525	HPB8_RS06955
HPP12_RS00545	HP0101	HELPY_RS00525	HPG27_RS00530	HPB8_RS06950
HPP12_RS00550	HP0102	HELPY_RS00530	HPG27_RS00535	HPB8_RS06945
HPP12_RS00555	HP0103	HELPY_RS00535	HPG27_RS00540	HPB8_RS06940
HPP12_RS00560	HP0104	HELPY_RS00540	HPG27_RS00545	HPB8_RS06935
HPP12_RS00565	HP0105	HELPY_RS00545	HPG27_RS00550	HPB8_RS06930
HPP12_RS00570	HP0106	HELPY_RS00550	HPG27_RS00555	HPB8_RS06925
HPP12_RS00575	HP0107	HELPY_RS00555	HPG27_RS00560	HPB8_RS06920
HPP12_RS00585	HP0109	HELPY_RS00565	HPG27_RS00570	HPB8_RS06910
HPP12_RS00590	HP0110	HELPY_RS00570	HPG27_RS00575	HPB8_RS06905
HPP12_RS00595	HP0111	HELPY_RS00575	HPG27_RS00580	HPB8_RS06900
HPP12_RS00600	HP0112	HELPY_RS00580	HPG27_RS00585	HPB8_RS06895
HPP12_RS00605	HP0113	HELPY_RS00585	HPG27_RS00590	HPB8_RS06890
HPP12_RS00610	HP0114	HELPY_RS00590	HPG27_RS00595	HPB8_RS06885
HPP12_RS00615	HP0115	HELPY_RS00595	HPG27_RS00600	HPB8_RS06880
HPP12_RS00620	HP0116	HELPY_RS00600	HPG27_RS00605	HPB8_RS06875
HPP12_RS00625	HP0117	HELPY_RS00605	HPG27_RS00610	HPB8_RS06870
HPP12_RS00630	HP0120	HELPY_RS05625	HPG27_RS00615	HPB8_RS06865
HPP12_RS00635	HP0121	HELPY_RS00615	HPG27_RS00620	HPB8_RS06860
HPP12_RS00640	HP0122	HELPY_RS00620	HPG27_RS00625	HPB8_RS06855
HPP12_RS00645	HP0123	HELPY_RS00625	HPG27_RS00630	HPB8_RS06850
HPP12_RS00650	HP0124	HELPY_RS00630	HPG27_RS00635	HPB8_RS06845
HPP12_RS00655	HP0125	HELPY_RS00635	HPG27_RS00640	HPB8_RS06840
HPP12_RS00660	HP0126	HELPY_RS00640	HPG27_RS00645	HPB8_RS06835
HPP12_RS00665	HP0127	HELPY_RS00645	HPG27_RS00650	HPB8_RS06830
HPP12_RS00670	HP0128	HELPY_RS00650	HPG27_RS00655	HPB8_RS06825
HPP12_RS00675	HP0129	HELPY_RS00655	HPG27_RS00660	HPB8_RS06820
HPP12_RS00680	HP0130	HELPY_RS00660	HPG27_RS00665	HPB8_RS06815
HPP12_RS00685	HP0132	HELPY_RS00670	HPG27_RS00670	HPB8_RS06800
HPP12_RS00690	HP0133	HELPY_RS00675	HPG27_RS00675	HPB8_RS06795
HPP12_RS00695	HP0134	HELPY_RS00680	HPG27_RS00680	HPB8_RS06790
HPP12_RS00700	HP0135	HELPY_RS00685	HPG27_RS00685	HPB8_RS06785
HPP12_RS00705	HP0136	HELPY_RS00690	HPG27_RS00690	HPB8_RS06780
HPP12_RS00710	HP0137	HELPY_RS00695	HPG27_RS00695	HPB8_RS06775
HPP12_RS00715	HP0138	HELPY_RS00700	HPG27_RS00700	HPB8_RS06770
HPP12_RS00720	HP0139	HELPY_RS00705	HPG27_RS00705	HPB8_RS06765
HPP12_RS00725	HP0140	HELPY_RS00710	HPG27_RS00710	HPB8_RS06760
HPP12_RS00730	HP0141	HELPY_RS00715	HPG27_RS00715	HPB8_RS06755
HPP12_RS00735	HP0142	HELPY_RS00720	HPG27_RS00720	HPB8_RS06750
HPP12_RS00740	-	HELPY_RS00725	HPG27_RS00725	HPB8_RS06745
HPP12_RS00745	HP0144	HELPY_RS00730	HPG27_RS00730	HPB8_RS06740
HPP12_RS00750	HP0145	HELPY_RS00735	HPG27_RS00735	HPB8_RS06735
HPP12_RS00755	HP0146	HELPY_RS00740	HPG27_RS00740	HPB8_RS06730
HPP12_RS00760	HP0147	HELPY_RS00745	HPG27_RS00745	HPB8_RS06725
HPP12_RS00765	HP0148	HELPY_RS00750	HPG27_RS00750	HPB8_RS06720
HPP12_RS00770	HP0149	HELPY_RS00755	HPG27_RS00755	HPB8_RS06715
HPP12_RS00775	HP0150	HELPY_RS00760	-	HPB8_RS06710
HPP12_RS00780	HP0151	HELPY_RS00765	HPG27_RS00765	HPB8_RS06705
HPP12_RS00785	HP0152	HELPY_RS00770	HPG27_RS00770	HPB8_RS06700
HPP12_RS00790	HP0153	HELPY_RS00775	HPG27_RS00775	HPB8_RS06695
HPP12_RS00795	HP0154	HELPY_RS00780	HPG27_RS00780	HPB8_RS06690
HPP12_RS00800	HP0155	HELPY_RS00785	HPG27_RS00785	HPB8_RS06685
HPP12_RS00805	HP0156	HELPY_RS00790	HPG27_RS00790	HPB8_RS06680
HPP12_RS00810	HP0157	HELPY_RS00795	HPG27_RS00795	HPB8_RS06675
HPP12_RS00815	HP0158	HELPY_RS00800	HPG27_RS00800	HPB8_RS06670
HPP12_RS00820	HP0159	HELPY_RS00805	HPG27_RS00805	HPB8_RS06665
HPP12_RS00825	HP0160	HELPY_RS00810	HPG27_RS00810	HPB8_RS06660
HPP12_RS00830	HP0162	HELPY_RS00820	HPG27_RS00820	HPB8_RS06655
HPP12_RS00835	HP0163	HELPY_RS00825	HPG27_RS00825	HPB8_RS06650
HPP12_RS00840	-	HELPY_RS00830	HPG27_RS00830	HPB8_RS06645
HPP12_RS00845	HP0166	HELPY_RS00835	HPG27_RS00835	HPB8_RS06640
HPP12_RS00850	HP0167	HELPY_RS00840	HPG27_RS00840	HPB8_RS06635
HPP12_RS00855	HP0168	HELPY_RS00845	HPG27_RS00845	HPB8_RS06630
HPP12_RS00860	HP0169	HELPY_RS00850	HPG27_RS00850	HPB8_RS06625
HPP12_RS00865	HP0170	HELPY_RS00855	HPG27_RS00855	HPB8_RS06620
HPP12_RS00870	HP0171	HELPY_RS00860	HPG27_RS00860	HPB8_RS06615
HPP12_RS00875	HP0172	HELPY_RS00865	HPG27_RS00865	HPB8_RS06610
HPP12_RS00880	HP0173	HELPY_RS00870	HPG27_RS00870	HPB8_RS06605
HPP12_RS00885	HP0174	HELPY_RS00875	HPG27_RS00875	HPB8_RS06600
HPP12_RS00890	HP0174a	HELPY_RS00880	-	HPB8_RS06595
HPP12_RS00895	HP0175	HELPY_RS00885	HPG27_RS00880	HPB8_RS06590
HPP12_RS00900	HP0176	HELPY_RS00890	HPG27_RS00885	HPB8_RS06585
HPP12_RS00905	HP0177	HELPY_RS00895	HPG27_RS00890	HPB8_RS06580
HPP12_RS00915	-	-	-	-
HPP12_RS00920	-	-	-	-
HPP12_RS00925	HP0178	HELPY_RS00900	HPG27_RS00895	HPB8_RS06575
HPP12_RS00930	HP0179	HELPY_RS00905	HPG27_RS00900	HPB8_RS06570
HPP12_RS00935	HP0180	HELPY_RS00910	HPG27_RS00905	HPB8_RS06565
HPP12_RS00940	HP0181	HELPY_RS00915	HPG27_RS00910	HPB8_RS06560
HPP12_RS00945	HP0182	HELPY_RS00920	HPG27_RS00915	HPB8_RS06555
HPP12_RS00950	HP0183	HELPY_RS00925	HPG27_RS00920	HPB8_RS06550
HPP12_RS00955	HP0184	HELPY_RS00930	HPG27_RS00925	HPB8_RS06545
HPP12_RS00960	HP0185	HELPY_RS00935	HPG27_RS00930	HPB8_RS06540
HPP12_RS00970	HP0186	HELPY_RS00940	HPG27_RS00940	HPB8_RS06535
HPP12_RS00980	HP0189	HELPY_RS00950	HPG27_RS00955	HPB8_RS06525
HPP12_RS00985	HP0190	HELPY_RS00955	HPG27_RS00960	HPB8_RS06520
HPP12_RS00990	HP0191	HELPY_RS00960	HPG27_RS00965	HPB8_RS06515
HPP12_RS00995	HP0192	HELPY_RS00965	HPG27_RS00970	HPB8_RS06510
HPP12_RS01000	HP0193	HELPY_RS00970	HPG27_RS00975	HPB8_RS06505
HPP12_RS01005	HP0194	HELPY_RS00975	HPG27_RS00980	HPB8_RS06500
HPP12_RS01010	HP0195	HELPY_RS00980	HPG27_RS00985	HPB8_RS06495
HPP12_RS01015	HP0196	HELPY_RS00985	HPG27_RS00990	HPB8_RS06490
HPP12_RS01020	HP0197	HELPY_RS00990	HPG27_RS00995	HPB8_RS06485
HPP12_RS01025	HP0198	HELPY_RS00995	HPG27_RS01000	HPB8_RS06480
HPP12_RS01030	HP0199	HELPY_RS01000	HPG27_RS01005	HPB8_RS06475
HPP12_RS01035	HP0200	HELPY_RS01005	HPG27_RS01010	HPB8_RS06470
HPP12_RS01040	HP0201	HELPY_RS01010	HPG27_RS01015	HPB8_RS06465
HPP12_RS01045	HP0202	HELPY_RS01015	HPG27_RS01020	HPB8_RS06460
HPP12_RS01050	-	HELPY_RS01020	-	HPB8_RS06455
HPP12_RS01055	HP0204	HELPY_RS01025	HPG27_RS01030	HPB8_RS06450
HPP12_RS01065	HP0207	HELPY_RS01035	HPG27_RS01040	HPB8_RS06440
HPP12_RS01070	HP0208	HELPY_RS01040	HPG27_RS01045	HPB8_RS06435
HPP12_RS01075	-	-	HPG27_RS01050	HPB8_RS06430
HPP12_RS01085	HP0209	HELPY_RS01045	HPG27_RS01055	HPB8_RS06425
HPP12_RS01090	HP0210	HELPY_RS01050	HPG27_RS01060	HPB8_RS06420
HPP12_RS01095	HP0211	HELPY_RS01055	HPG27_RS01065	HPB8_RS06415
HPP12_RS01100	HP0212	HELPY_RS01065	HPG27_RS01070	HPB8_RS06410
HPP12_RS01105	HP0213	HELPY_RS01070	HPG27_RS01075	HPB8_RS06405
HPP12_RS01110	HP0214	HELPY_RS01075	HPG27_RS01080	HPB8_RS06400
HPP12_RS01115	HP0215	HELPY_RS01080	HPG27_RS01085	HPB8_RS06395
HPP12_RS01120	HP0216	HELPY_RS01085	HPG27_RS01090	HPB8_RS06390
HPP12_RS01125	-	HELPY_RS01090	-	-
HPP12_RS01130	HP0217	HELPY_RS01095	-	-
HPP12_RS01135	HP0218	HELPY_RS01100	HPG27_RS01095	HPB8_RS06385
HPP12_RS01140	HP0219	HELPY_RS01105	HPG27_RS01100	HPB8_RS06380
HPP12_RS01145	-	-	-	-
HPP12_RS01150	HP0220	HELPY_RS01110	HPG27_RS01105	HPB8_RS06375
HPP12_RS01155	HP0221	HELPY_RS01115	HPG27_RS01110	HPB8_RS06370
HPP12_RS01165	HP0223	HELPY_RS01125	HPG27_RS01120	HPB8_RS06360
HPP12_RS01170	HP0224	HELPY_RS01130	HPG27_RS01125	HPB8_RS06355
HPP12_RS01175	HP0226	HELPY_RS01135	HPG27_RS01130	HPB8_RS06350
HPP12_RS01185	HP0228	HELPY_RS01145	HPG27_RS01140	HPB8_RS06340
HPP12_RS01195	HP0229	HELPY_RS01155	HPG27_RS01150	HPB8_RS06330
HPP12_RS01200	HP0230	HELPY_RS01160	HPG27_RS01155	HPB8_RS06325
HPP12_RS01205	HP0231	HELPY_RS01165	HPG27_RS01160	HPB8_RS06320
HPP12_RS01210	HP0232	HELPY_RS01170	HPG27_RS01165	HPB8_RS06315
HPP12_RS01215	HP0233	HELPY_RS01175	HPG27_RS01170	HPB8_RS06310
HPP12_RS01220	HP0234	HELPY_RS01180	HPG27_RS01175	HPB8_RS06305
HPP12_RS01225	HP0235	HELPY_RS01185	HPG27_RS01180	HPB8_RS06300
HPP12_RS01230	HP0236	HELPY_RS01190	HPG27_RS01185	HPB8_RS06295
HPP12_RS01235	HP0237	HELPY_RS01195	HPG27_RS01190	HPB8_RS06290
HPP12_RS01240	HP0238	HELPY_RS01200	HPG27_RS01195	HPB8_RS06285
HPP12_RS01245	HP0239	HELPY_RS01205	HPG27_RS01200	HPB8_RS06280
HPP12_RS01250	HP0240	HELPY_RS01210	HPG27_RS01205	HPB8_RS06275
HPP12_RS01255	HP0241	HELPY_RS01215	HPG27_RS01210	HPB8_RS06270
HPP12_RS01260	HP0242	HELPY_RS01220	HPG27_RS01215	HPB8_RS06265
HPP12_RS01265	HP0243	HELPY_RS01225	HPG27_RS01220	HPB8_RS06260
HPP12_RS01270	HP0244	HELPY_RS01230	HPG27_RS01225	HPB8_RS06255
HPP12_RS01275	HP0245	HELPY_RS01235	HPG27_RS01230	HPB8_RS06250
HPP12_RS01280	HP0246	HELPY_RS01240	HPG27_RS01235	HPB8_RS06245
HPP12_RS01285	HP0247	HELPY_RS01245	HPG27_RS01240	HPB8_RS06240
HPP12_RS01290	HP0248	HELPY_RS01250	HPG27_RS01245	HPB8_RS06235
HPP12_RS01295	HP0249	HELPY_RS01255	HPG27_RS01250	HPB8_RS06230
HPP12_RS01300	HP0250	HELPY_RS01260	HPG27_RS01255	HPB8_RS06225
HPP12_RS01315	HP0252	HELPY_RS01275	HPG27_RS01270	HPB8_RS06210
HPP12_RS01320	-	HELPY_RS01280	HPG27_RS01275	HPB8_RS06205
HPP12_RS01325	HP0255	HELPY_RS01285	HPG27_RS01280	HPB8_RS06200
HPP12_RS01330	HP0256	HELPY_RS01290	HPG27_RS01285	HPB8_RS06195
HPP12_RS01335	HP0257	HELPY_RS01295	HPG27_RS01290	HPB8_RS06190
HPP12_RS01340	HP0258	HELPY_RS01300	HPG27_RS01295	HPB8_RS06185
HPP12_RS01345	HP0259	HELPY_RS01305	HPG27_RS01300	HPB8_RS06180
HPP12_RS01350	HP0260	HELPY_RS01310	HPG27_RS01305	HPB8_RS06175
HPP12_RS01355	HP0261	HELPY_RS01315	HPG27_RS01310	HPB8_RS06170
HPP12_RS01360	HP0262	HELPY_RS01325	HPG27_RS01315	HPB8_RS06160
HPP12_RS01365	HP0263	HELPY_RS01330	HPG27_RS01320	HPB8_RS06155
HPP12_RS01370	HP0264	HELPY_RS01335	HPG27_RS01325	HPB8_RS06150
HPP12_RS01375	HP0265	HELPY_RS01340	HPG27_RS01330	HPB8_RS06145
HPP12_RS01380	HP0266	HELPY_RS01345	HPG27_RS01335	HPB8_RS06140
HPP12_RS01385	HP0267	HELPY_RS01350	HPG27_RS01340	HPB8_RS06135
HPP12_RS01390	HP0268	HELPY_RS01355	HPG27_RS01345	HPB8_RS06130
HPP12_RS01395	HP0269	HELPY_RS01360	HPG27_RS01350	HPB8_RS06125
HPP12_RS01400	HP0270	HELPY_RS01365	HPG27_RS01355	HPB8_RS06120
HPP12_RS01405	HP0271	HELPY_RS01370	HPG27_RS01360	HPB8_RS06115
HPP12_RS01415	HP0273	HELPY_RS01380	-	HPB8_RS06105
HPP12_RS01420	HP0274	HELPY_RS01385	HPG27_RS01375	HPB8_RS06100
HPP12_RS01425	HP0275	HELPY_RS01390	HPG27_RS01380	HPB8_RS06095
HPP12_RS01430	HP0276	HELPY_RS01395	HPG27_RS01385	HPB8_RS06090
HPP12_RS01435	HP0277	HELPY_RS01400	HPG27_RS01390	HPB8_RS06085
HPP12_RS01440	HP0278	HELPY_RS01405	HPG27_RS01395	HPB8_RS06080
HPP12_RS01445	HP0279	HELPY_RS01410	HPG27_RS01400	HPB8_RS06075
HPP12_RS01450	HP0280	HELPY_RS01415	HPG27_RS01405	HPB8_RS06070
HPP12_RS01455	HP0281	HELPY_RS01420	HPG27_RS01410	HPB8_RS06065
HPP12_RS01460	HP0282	HELPY_RS01425	HPG27_RS01415	HPB8_RS06060
HPP12_RS01465	HP0283	HELPY_RS01430	HPG27_RS01420	HPB8_RS06055
HPP12_RS01470	HP0284	HELPY_RS01435	HPG27_RS01425	HPB8_RS06050
HPP12_RS01475	HP0285	HELPY_RS01440	HPG27_RS01430	HPB8_RS06045
HPP12_RS01480	HP0286	HELPY_RS01445	HPG27_RS01435	HPB8_RS06040
HPP12_RS01485	HP0287	HELPY_RS01450	HPG27_RS01440	HPB8_RS06035
HPP12_RS01490	HP0288	HELPY_RS01455	HPG27_RS01445	HPB8_RS06030
HPP12_RS01495	HP0289	HELPY_RS01460	HPG27_RS01450	HPB8_RS06025
HPP12_RS01500	HP0290	HELPY_RS01465	HPG27_RS01455	HPB8_RS06020
HPP12_RS01505	HP0291	HELPY_RS01470	HPG27_RS01460	HPB8_RS06015
HPP12_RS01510	HP0292	HELPY_RS01475	HPG27_RS01465	HPB8_RS06010
HPP12_RS01515	HP0293	HELPY_RS01480	HPG27_RS01470	HPB8_RS06005
HPP12_RS01520	HP0294	HELPY_RS01485	HPG27_RS01475	HPB8_RS06000
HPP12_RS01525	HP0295	HELPY_RS01490	HPG27_RS01480	HPB8_RS05995
HPP12_RS01530	HP0296	HELPY_RS01495	HPG27_RS01485	HPB8_RS05990
HPP12_RS01535	HP0297	HELPY_RS01500	HPG27_RS01490	HPB8_RS05985
HPP12_RS01540	HP0298	HELPY_RS01505	HPG27_RS01495	HPB8_RS05980
HPP12_RS01545	HP0299	HELPY_RS01510	HPG27_RS01500	HPB8_RS05975
HPP12_RS01550	HP0300	HELPY_RS01515	HPG27_RS01505	HPB8_RS05970
HPP12_RS01555	HP0301	HELPY_RS01520	HPG27_RS01510	HPB8_RS05965
HPP12_RS01560	HP0302	HELPY_RS01525	HPG27_RS01515	HPB8_RS05960
HPP12_RS01565	HP0303	HELPY_RS01530	HPG27_RS01520	HPB8_RS05955
HPP12_RS01570	HP0304	HELPY_RS01535	HPG27_RS01525	HPB8_RS05950
HPP12_RS01575	HP0305	HELPY_RS01540	HPG27_RS01530	HPB8_RS05945
HPP12_RS01580	HP0306	HELPY_RS01545	HPG27_RS01535	HPB8_RS05940
HPP12_RS01585	HP0307	HELPY_RS01550	HPG27_RS01540	HPB8_RS05935
HPP12_RS01590	HP0308	HELPY_RS01555	HPG27_RS01545	HPB8_RS05930
HPP12_RS01595	HP0309	HELPY_RS01560	HPG27_RS01550	HPB8_RS05925
HPP12_RS01600	HP0310	HELPY_RS01565	HPG27_RS01555	HPB8_RS05920
HPP12_RS01605	HP0311	HELPY_RS01570	HPG27_RS01570	HPB8_RS05915
HPP12_RS01610	HP0312	HELPY_RS01575	HPG27_RS01575	HPB8_RS05910
HPP12_RS01615	HP0313	HELPY_RS01580	HPG27_RS01580	HPB8_RS05905
HPP12_RS01625	HP0318	HELPY_RS01585	HPG27_RS01600	HPB8_RS05900
HPP12_RS01630	HP0319	HELPY_RS01590	HPG27_RS01605	HPB8_RS05895
HPP12_RS01635	HP0320	HELPY_RS01595	-	HPB8_RS05890
HPP12_RS01640	HP0321	HELPY_RS01600	HPG27_RS01615	HPB8_RS05885
HPP12_RS01645	HP0322	HELPY_RS01605	HPG27_RS01620	HPB8_RS05880
HPP12_RS01650	HP0323	HELPY_RS01610	HPG27_RS01625	HPB8_RS05875
HPP12_RS01655	HP0324	HELPY_RS01615	HPG27_RS01630	HPB8_RS05870
HPP12_RS01660	HP0325	HELPY_RS01620	HPG27_RS01635	HPB8_RS05865
HPP12_RS01665	-	HELPY_RS01625	HPG27_RS01640	HPB8_RS05860
HPP12_RS01670	HP0326	HELPY_RS01630	HPG27_RS01645	HPB8_RS05855
HPP12_RS01675	HP0327	HELPY_RS01635	HPG27_RS01650	HPB8_RS05850
HPP12_RS01680	HP0328	HELPY_RS01640	HPG27_RS01655	HPB8_RS05845
HPP12_RS01685	HP0329	HELPY_RS01645	HPG27_RS01660	HPB8_RS05840
HPP12_RS01695	HP0330	HELPY_RS01655	HPG27_RS01670	HPB8_RS05830
HPP12_RS01700	HP0331	HELPY_RS01660	HPG27_RS01675	HPB8_RS05825
HPP12_RS01705	HP0332	HELPY_RS01665	HPG27_RS01680	HPB8_RS05820
HPP12_RS01710	HP0333	HELPY_RS01670	HPG27_RS01685	HPB8_RS05815
HPP12_RS01715	HP0334	HELPY_RS01675	HPG27_RS01690	HPB8_RS05810
HPP12_RS01720	-	-	-	-
HPP12_RS01725	HP0337	HELPY_RS01685	HPG27_RS01700	HPB8_RS05800
HPP12_RS01730	HP0338	HELPY_RS01690	HPG27_RS01705	HPB8_RS05795
HPP12_RS01735	HP0339	-	HPG27_RS01710	-
HPP12_RS01740	HP0340	HELPY_RS01700	-	-
HPP12_RS01745	HP0341	HELPY_RS01705	-	-
HPP12_RS01750	-	-	HPG27_RS01720	-
HPP12_RS01760	-	-	HPG27_RS01730	-
HPP12_RS01765	-	HELPY_RS01725	HPG27_RS01735	-
HPP12_RS01770	HP0347	HELPY_RS01730	HPG27_RS01740	HPB8_RS05790
HPP12_RS01775	HP0348	HELPY_RS01735	HPG27_RS01745	HPB8_RS05785
HPP12_RS01780	HP0349	HELPY_RS01740	HPG27_RS01750	HPB8_RS05780
HPP12_RS01785	HP0350	HELPY_RS01745	HPG27_RS01755	HPB8_RS05775
HPP12_RS01790	HP0351	HELPY_RS01750	HPG27_RS01760	HPB8_RS05770
HPP12_RS01795	HP0352	HELPY_RS01755	HPG27_RS01765	HPB8_RS05765
HPP12_RS01800	HP0353	HELPY_RS01760	HPG27_RS01770	HPB8_RS05760
HPP12_RS01805	HP0354	HELPY_RS01765	HPG27_RS01775	HPB8_RS05755
HPP12_RS01810	HP0355	HELPY_RS01770	HPG27_RS01780	HPB8_RS05750
HPP12_RS01820	-	HELPY_RS01780	-	HPB8_RS05740
HPP12_RS01825	-	HELPY_RS01785	-	HPB8_RS05735
HPP12_RS01830	HP1092	HELPY_RS01790	HPG27_RS01800	HPB8_RS05730
HPP12_RS01835	HP1091	HELPY_RS01795	HPG27_RS01805	HPB8_RS05725
HPP12_RS01840	HP1090	HELPY_RS01800	HPG27_RS01810	HPB8_RS05720
HPP12_RS01845	HP1089	HELPY_RS01805	HPG27_RS01815	HPB8_RS05715
HPP12_RS01850	HP1088	HELPY_RS01810	HPG27_RS01820	HPB8_RS05710
HPP12_RS01855	HP1087	HELPY_RS01815	HPG27_RS01825	HPB8_RS05705
HPP12_RS01860	HP1086	HELPY_RS01820	HPG27_RS01830	HPB8_RS05700
HPP12_RS01865	HP1085	HELPY_RS01825	HPG27_RS01835	HPB8_RS05695
HPP12_RS01870	HP1084	HELPY_RS01830	HPG27_RS01840	HPB8_RS05690
HPP12_RS01875	HP1083	HELPY_RS01835	HPG27_RS01845	HPB8_RS05685
HPP12_RS01880	HP1082	HELPY_RS01840	HPG27_RS01850	HPB8_RS05680
HPP12_RS01885	HP1081	HELPY_RS01845	HPG27_RS01855	HPB8_RS05675
HPP12_RS01890	HP1080	HELPY_RS01850	HPG27_RS01860	HPB8_RS05670
HPP12_RS01900	HP1078	-	-	HPB8_RS05660
HPP12_RS01905	HP1077	HELPY_RS01855	HPG27_RS01865	HPB8_RS05655
HPP12_RS01910	HP1076	HELPY_RS01860	HPG27_RS01870	HPB8_RS05650
HPP12_RS01915	HP1075	HELPY_RS01865	HPG27_RS01875	HPB8_RS05645
HPP12_RS01920	HP1073	HELPY_RS01875	HPG27_RS01880	HPB8_RS05635
HPP12_RS01925	HP1072	HELPY_RS01880	HPG27_RS01885	HPB8_RS05630
HPP12_RS01930	HP1071	HELPY_RS01885	HPG27_RS01890	HPB8_RS05625
HPP12_RS01935	HP1070	HELPY_RS01890	HPG27_RS01895	HPB8_RS05620
HPP12_RS01940	HP1069	HELPY_RS01895	HPG27_RS01900	HPB8_RS05615
HPP12_RS01945	HP1068	HELPY_RS01900	HPG27_RS01905	HPB8_RS05610
HPP12_RS01950	HP1067	HELPY_RS01905	HPG27_RS01910	HPB8_RS05605
HPP12_RS01955	HP1066	HELPY_RS01910	HPG27_RS01915	HPB8_RS05600
HPP12_RS01965	HP1065	HELPY_RS01920	HPG27_RS01925	HPB8_RS05590
HPP12_RS01970	HP1064	HELPY_RS01925	HPG27_RS01930	HPB8_RS05585
HPP12_RS01975	HP1063	HELPY_RS01930	HPG27_RS01935	HPB8_RS05580
HPP12_RS01980	HP1062	HELPY_RS01935	HPG27_RS01940	HPB8_RS05575
HPP12_RS01985	HP1061	HELPY_RS01940	HPG27_RS01945	HPB8_RS05570
HPP12_RS01990	HP1060	HELPY_RS01945	HPG27_RS01950	HPB8_RS05565
HPP12_RS01995	HP1059	HELPY_RS01950	HPG27_RS01955	HPB8_RS05560
HPP12_RS02000	HP1058	HELPY_RS01955	HPG27_RS01960	HPB8_RS05555
HPP12_RS02005	HP1057	HELPY_RS01960	-	HPB8_RS05550
HPP12_RS02010	HP1056	HELPY_RS01965	HPG27_RS01970	HPB8_RS05545
HPP12_RS02015	HP1055	HELPY_RS01970	HPG27_RS01975	HPB8_RS05540
HPP12_RS02020	HP1054	HELPY_RS01975	HPG27_RS01980	HPB8_RS05535
HPP12_RS02025	HP1053	HELPY_RS01980	HPG27_RS01985	HPB8_RS05530
HPP12_RS02030	HP1052	HELPY_RS01985	HPG27_RS01990	HPB8_RS05525
HPP12_RS02035	HP1051	HELPY_RS01990	HPG27_RS01995	HPB8_RS05520
HPP12_RS02040	HP1050	HELPY_RS01995	HPG27_RS02000	HPB8_RS05515
HPP12_RS02045	HP1049	HELPY_RS02000	HPG27_RS02005	HPB8_RS05510
HPP12_RS02050	HP1048	HELPY_RS02005	HPG27_RS02010	HPB8_RS05505
HPP12_RS02055	HP1047	HELPY_RS02010	HPG27_RS02015	HPB8_RS05500
HPP12_RS02060	HP1046	HELPY_RS02015	HPG27_RS02020	HPB8_RS05495
HPP12_RS02065	HP1045	HELPY_RS02020	HPG27_RS02025	HPB8_RS05490
HPP12_RS02070	HP1044	HELPY_RS02025	HPG27_RS02030	HPB8_RS05485
HPP12_RS02075	HP1043	HELPY_RS02030	HPG27_RS02035	HPB8_RS05480
HPP12_RS02080	HP1042	HELPY_RS02040	HPG27_RS02040	HPB8_RS05475
HPP12_RS02085	HP1041	HELPY_RS02045	HPG27_RS02045	HPB8_RS05470
HPP12_RS02090	HP1040	HELPY_RS02050	HPG27_RS02050	HPB8_RS05465
HPP12_RS02095	HP1039	HELPY_RS02055	HPG27_RS02055	HPB8_RS05460
HPP12_RS02100	HP1038	HELPY_RS02060	HPG27_RS02060	HPB8_RS05455
HPP12_RS02105	HP1037	HELPY_RS02065	HPG27_RS02065	HPB8_RS05450
HPP12_RS02110	HP1036	HELPY_RS02070	HPG27_RS02070	HPB8_RS05445
HPP12_RS02115	HP1035	HELPY_RS02075	HPG27_RS02075	HPB8_RS05440
HPP12_RS02120	HP1034	HELPY_RS02080	HPG27_RS02080	HPB8_RS05435
HPP12_RS02125	-	HELPY_RS02085	HPG27_RS02085	HPB8_RS05430
HPP12_RS02130	HP1032	HELPY_RS02090	HPG27_RS02090	HPB8_RS05425
HPP12_RS02135	HP1031	HELPY_RS02095	HPG27_RS02095	HPB8_RS05420
HPP12_RS02140	HP1030	HELPY_RS02100	HPG27_RS02100	HPB8_RS05415
HPP12_RS02145	HP1029	HELPY_RS02105	HPG27_RS02105	HPB8_RS05410
HPP12_RS02150	HP1028	HELPY_RS02110	HPG27_RS02110	HPB8_RS05405
HPP12_RS02155	HP1027	HELPY_RS02115	HPG27_RS02115	HPB8_RS05400
HPP12_RS02160	HP1026	HELPY_RS02120	HPG27_RS02120	HPB8_RS05395
HPP12_RS02165	HP1025	HELPY_RS02125	-	HPB8_RS05390
HPP12_RS02170	HP1024	HELPY_RS02130	HPG27_RS02130	HPB8_RS05385
HPP12_RS02175	HP1023	HELPY_RS02135	-	HPB8_RS05380
HPP12_RS02180	HP1022	HELPY_RS02140	HPG27_RS02140	-
HPP12_RS02185	HP1021	HELPY_RS02145	HPG27_RS02145	HPB8_RS05370
HPP12_RS02190	HP1020	HELPY_RS02150	HPG27_RS02150	HPB8_RS05365
HPP12_RS02195	-	HELPY_RS02155	HPG27_RS02155	HPB8_RS05360
HPP12_RS02200	HP1017	HELPY_RS02160	HPG27_RS02160	HPB8_RS05355
HPP12_RS02205	HP1016	HELPY_RS02165	-	HPB8_RS05350
HPP12_RS02210	HP1015	HELPY_RS02170	HPG27_RS02170	HPB8_RS05345
HPP12_RS02215	HP1014	HELPY_RS02175	HPG27_RS02175	HPB8_RS05340
HPP12_RS02220	HP1013	HELPY_RS02180	HPG27_RS02180	HPB8_RS05335
HPP12_RS02225	HP1012	HELPY_RS02185	HPG27_RS02185	HPB8_RS05330
HPP12_RS02230	HP1011	HELPY_RS02190	HPG27_RS02190	HPB8_RS05325
HPP12_RS02235	HP1010	HELPY_RS02195	HPG27_RS02195	HPB8_RS05320
HPP12_RS02245	HP0462	HELPY_RS02205	HPG27_RS02205	HPB8_RS05310
HPP12_RS02250	HP0463	HELPY_RS02210	HPG27_RS02210	HPB8_RS05305
HPP12_RS02260	HP0995	-	HPG27_RS05130	HPB8_RS02655
HPP12_RS02265	-	-	-	HPB8_RS02650
HPP12_RS02270	-	-	HPG27_RS05125	-
HPP12_RS02275	-	-	-	HPB8_RS02455
HPP12_RS02280	-	-	HPG27_RS05120	HPB8_RS02450
HPP12_RS02295	-	-	-	HPB8_RS02435
HPP12_RS02300	-	-	HPG27_RS05100	HPB8_RS02425
HPP12_RS02305	HP1000	-	HPG27_RS05095	HPB8_RS02420
HPP12_RS02310	HP1001	-	HPG27_RS05090	HPB8_RS02415
HPP12_RS02315	HP1002	-	HPG27_RS05085	HPB8_RS02410
HPP12_RS02320	-	-	HPG27_RS05080	HPB8_RS02405
HPP12_RS02325	HP1005	-	HPG27_RS05075	-
HPP12_RS02330	HP0894	HELPY_RS04245	HPG27_RS05070	HPB8_RS03130
HPP12_RS02335	HP1006	-	HPG27_RS05065	-
HPP12_RS02340	-	-	HPG27_RS05060	-
HPP12_RS02345	-	-	HPG27_RS05055	HPB8_RS02395
HPP12_RS02350	-	-	HPG27_RS05050	HPB8_RS02390
HPP12_RS02355	-	-	HPG27_RS05045	HPB8_RS02385
HPP12_RS02360	-	-	-	HPB8_RS02380
HPP12_RS02365	-	-	HPG27_RS05035	HPB8_RS02375
HPP12_RS02370	-	-	HPG27_RS05030	HPB8_RS02370
HPP12_RS02375	-	-	HPG27_RS05025	HPB8_RS02360
HPP12_RS02380	-	-	HPG27_RS05020	-
HPP12_RS02385	HP0439	-	HPG27_RS05015	-
HPP12_RS02405	HP0442	-	HPG27_RS05000	HPB8_RS02325
HPP12_RS02410	HP0443	-	HPG27_RS04995	HPB8_RS02320
HPP12_RS02420	-	-	-	HPB8_RS02310
HPP12_RS02425	HP0446	-	-	-
HPP12_RS02435	HP0465	HELPY_RS02220	HPG27_RS02220	HPB8_RS05295
HPP12_RS02440	HP0466	HELPY_RS02225	HPG27_RS02225	HPB8_RS05290
HPP12_RS02445	HP0467	HELPY_RS02230	HPG27_RS02230	HPB8_RS05285
HPP12_RS02450	HP0468	HELPY_RS02235	HPG27_RS02235	HPB8_RS05280
HPP12_RS02455	HP0469	HELPY_RS02240	HPG27_RS02240	HPB8_RS05275
HPP12_RS02460	HP0470	HELPY_RS02245	HPG27_RS02245	HPB8_RS05270
HPP12_RS02465	HP0471	HELPY_RS02250	HPG27_RS02250	HPB8_RS05265
HPP12_RS02470	HP0472	HELPY_RS02255	HPG27_RS02255	HPB8_RS05260
HPP12_RS02475	-	-	-	HPB8_RS05255
HPP12_RS02480	HP0473	HELPY_RS02260	HPG27_RS02260	HPB8_RS05250
HPP12_RS02485	HP0474	HELPY_RS02265	HPG27_RS02265	HPB8_RS05245
HPP12_RS02490	HP0475	HELPY_RS02270	HPG27_RS02270	HPB8_RS05240
HPP12_RS02495	HP0476	HELPY_RS02275	HPG27_RS02275	HPB8_RS05235
HPP12_RS02505	HP0478	HELPY_RS02285	HPG27_RS02285	-
HPP12_RS02510	HP0479	HELPY_RS02290	HPG27_RS02290	HPB8_RS05220
HPP12_RS02515	HP0480	HELPY_RS02295	HPG27_RS02295	HPB8_RS05215
HPP12_RS02525	HP0485	HELPY_RS02310	HPG27_RS02325	HPB8_RS05185
HPP12_RS02530	HP0486	HELPY_RS02315	HPG27_RS02330	HPB8_RS05180
HPP12_RS02535	HP0487	HELPY_RS02320	HPG27_RS02335	HPB8_RS05175
HPP12_RS02540	-	HELPY_RS02325	HPG27_RS05540	HPB8_RS05170
HPP12_RS02550	HP1115	-	-	-
HPP12_RS02560	HP0490	HELPY_RS04170	HPG27_RS02360	HPB8_RS03210
HPP12_RS02565	HP0491	HELPY_RS04165	HPG27_RS02365	HPB8_RS03215
HPP12_RS02570	HP0492	HELPY_RS04160	HPG27_RS02370	HPB8_RS03220
HPP12_RS02575	HP0493	HELPY_RS04155	HPG27_RS02375	HPB8_RS03225
HPP12_RS02580	HP0494	HELPY_RS04150	HPG27_RS02380	HPB8_RS03230
HPP12_RS02585	HP0495	HELPY_RS04145	HPG27_RS02385	HPB8_RS03235
HPP12_RS02590	HP0496	HELPY_RS04140	HPG27_RS02390	HPB8_RS03240
HPP12_RS02595	HP0497	HELPY_RS04135	HPG27_RS02395	HPB8_RS03245
HPP12_RS02600	HP0498	HELPY_RS04130	HPG27_RS02400	HPB8_RS03250
HPP12_RS02605	HP0499	-	-	HPB8_RS03255
HPP12_RS02610	HP0500	HELPY_RS04120	HPG27_RS02410	HPB8_RS03260
HPP12_RS02615	HP0501	HELPY_RS04115	HPG27_RS02415	HPB8_RS03265
HPP12_RS02620	-	HELPY_RS04110	HPG27_RS02420	HPB8_RS03270
HPP12_RS02625	-	HELPY_RS04105	HPG27_RS02425	HPB8_RS03280
HPP12_RS02630	HP0506	HELPY_RS04095	HPG27_RS02430	HPB8_RS03285
HPP12_RS02635	HP0507	HELPY_RS04090	HPG27_RS02435	HPB8_RS03290
HPP12_RS02640	HP0508	HELPY_RS04085	HPG27_RS02440	HPB8_RS03295
HPP12_RS02645	HP0509	HELPY_RS04080	HPG27_RS02445	HPB8_RS03300
HPP12_RS02650	HP0510	HELPY_RS04075	HPG27_RS02450	HPB8_RS03305
HPP12_RS02655	-	-	-	-
HPP12_RS02660	HP0511	HELPY_RS04070	HPG27_RS02455	HPB8_RS03530
HPP12_RS02665	HP0512	HELPY_RS04065	HPG27_RS02460	HPB8_RS03465
HPP12_RS02670	HP0513	HELPY_RS04060	-	HPB8_RS03470
HPP12_RS02675	HP0514	HELPY_RS04030	HPG27_RS02470	HPB8_RS03475
HPP12_RS02680	HP0515	HELPY_RS04025	HPG27_RS02475	HPB8_RS03480
HPP12_RS02685	HP0516	HELPY_RS04020	HPG27_RS02480	HPB8_RS03485
HPP12_RS02690	HP0517	HELPY_RS04015	HPG27_RS02485	HPB8_RS03490
HPP12_RS02695	HP0518	HELPY_RS04010	HPG27_RS02490	HPB8_RS03495
HPP12_RS02700	HP0519	HELPY_RS04005	HPG27_RS02495	HPB8_RS03455
HPP12_RS02710	HP0520	-	HPG27_RS02500	HPB8_RS03450
HPP12_RS02715	-	-	HPG27_RS02505	HPB8_RS03445
HPP12_RS02720	HP0522	-	HPG27_RS02510	HPB8_RS03440
HPP12_RS02725	HP0523	-	HPG27_RS02515	HPB8_RS03435
HPP12_RS02730	HP0524	-	HPG27_RS02520	HPB8_RS03430
HPP12_RS02735	HP0525	-	HPG27_RS02525	HPB8_RS03425
HPP12_RS02740	HP0526	-	HPG27_RS02530	HPB8_RS03420
HPP12_RS02745	HP0527	-	-	HPB8_RS03415
HPP12_RS02750	HP0528	-	HPG27_RS02540	HPB8_RS03410
HPP12_RS02755	HP0529	-	HPG27_RS02545	HPB8_RS03405
HPP12_RS02760	HP0530	-	HPG27_RS02550	HPB8_RS03400
HPP12_RS02765	HP0531	-	HPG27_RS02555	HPB8_RS03395
HPP12_RS02770	HP0532	-	HPG27_RS02560	HPB8_RS03390
HPP12_RS02775	HP0534	-	HPG27_RS02565	HPB8_RS03385
HPP12_RS02780	HP0535	-	HPG27_RS02580	HPB8_RS03380
HPP12_RS02785	HP0536	-	HPG27_RS02590	HPB8_RS03370
HPP12_RS02790	HP0537	-	HPG27_RS02595	HPB8_RS03365
HPP12_RS02795	HP0538	-	HPG27_RS02600	HPB8_RS03360
HPP12_RS02800	HP0539	-	HPG27_RS02605	HPB8_RS03355
HPP12_RS02805	HP0540	-	HPG27_RS02610	HPB8_RS03350
HPP12_RS02810	HP0541	-	HPG27_RS02615	HPB8_RS03345
HPP12_RS02815	-	-	HPG27_RS02620	HPB8_RS03340
HPP12_RS02820	HP0542	-	HPG27_RS02625	HPB8_RS03335
HPP12_RS02825	HP0543	-	HPG27_RS02630	HPB8_RS03330
HPP12_RS02830	HP0544	-	HPG27_RS02635	HPB8_RS03325
HPP12_RS02835	HP0545	-	HPG27_RS02640	HPB8_RS03320
HPP12_RS02840	HP0546	-	HPG27_RS02645	HPB8_RS03315
HPP12_RS02845	HP0546a	-	HPG27_RS02650	HPB8_RS03310
HPP12_RS02850	HP0547	-	HPG27_RS02655	HPB8_RS03535
HPP12_RS02855	-	-	-	HPB8_RS03500
HPP12_RS02860	HP0549	HELPY_RS04000	HPG27_RS02665	HPB8_RS03545
HPP12_RS02865	HP0550	HELPY_RS03995	HPG27_RS02670	HPB8_RS03550
HPP12_RS02870	HP0551	HELPY_RS03990	HPG27_RS02675	HPB8_RS03555
HPP12_RS02875	HP0552	HELPY_RS03985	-	HPB8_RS03560
HPP12_RS02880	HP0553	HELPY_RS03980	HPG27_RS02685	HPB8_RS03565
HPP12_RS02885	HP0554	HELPY_RS03975	HPG27_RS02690	HPB8_RS03570
HPP12_RS02890	HP0555	HELPY_RS03970	HPG27_RS02695	HPB8_RS03575
HPP12_RS02895	HP0556	HELPY_RS03965	HPG27_RS02700	-
HPP12_RS02900	HP0557	HELPY_RS03960	HPG27_RS02705	HPB8_RS03585
HPP12_RS02905	HP0558	HELPY_RS03955	HPG27_RS02710	HPB8_RS03590
HPP12_RS02910	HP0559	HELPY_RS03950	HPG27_RS02715	HPB8_RS03595
HPP12_RS02915	HP0561	HELPY_RS03945	HPG27_RS02720	HPB8_RS03600
HPP12_RS02920	HP0562	HELPY_RS03940	HPG27_RS02725	HPB8_RS03605
HPP12_RS02925	HP0563	HELPY_RS03935	HPG27_RS02730	HPB8_RS03610
HPP12_RS02930	HP0564	HELPY_RS03930	HPG27_RS02735	HPB8_RS03615
HPP12_RS02935	HP0565	HELPY_RS03925	HPG27_RS02740	HPB8_RS03620
HPP12_RS02940	HP0566	HELPY_RS03920	HPG27_RS02745	HPB8_RS03625
HPP12_RS02945	HP0567	HELPY_RS03915	HPG27_RS02750	HPB8_RS03630
HPP12_RS02950	HP0568	HELPY_RS03910	HPG27_RS02755	HPB8_RS03635
HPP12_RS02955	HP0569	HELPY_RS03905	HPG27_RS02760	HPB8_RS03640
HPP12_RS02960	HP0570	HELPY_RS03900	HPG27_RS02765	HPB8_RS03645
HPP12_RS02965	HP0571	HELPY_RS03895	HPG27_RS02770	HPB8_RS03650
HPP12_RS02970	HP0572	HELPY_RS03890	HPG27_RS02775	HPB8_RS03655
HPP12_RS02975	HP0573	HELPY_RS03885	HPG27_RS02780	HPB8_RS03660
HPP12_RS02980	HP0574	HELPY_RS03880	HPG27_RS02785	HPB8_RS03665
HPP12_RS02985	HP0575	HELPY_RS03875	HPG27_RS02790	HPB8_RS03670
HPP12_RS02990	HP0576	HELPY_RS03870	HPG27_RS02795	HPB8_RS03675
HPP12_RS02995	HP0577	HELPY_RS03865	HPG27_RS02800	HPB8_RS03680
HPP12_RS03000	HP0578	HELPY_RS03860	HPG27_RS02805	HPB8_RS03685
HPP12_RS03005	HP0579	HELPY_RS03855	HPG27_RS02810	HPB8_RS03690
HPP12_RS03010	HP0580	HELPY_RS03850	HPG27_RS02815	HPB8_RS03695
HPP12_RS03015	HP0581	HELPY_RS03845	HPG27_RS02820	HPB8_RS03700
HPP12_RS03020	HP0582	HELPY_RS03840	-	HPB8_RS03705
HPP12_RS03025	HP0583	HELPY_RS03835	HPG27_RS02830	HPB8_RS03710
HPP12_RS03030	HP0584	HELPY_RS03830	HPG27_RS02835	HPB8_RS03715
HPP12_RS03035	HP0585	HELPY_RS03825	HPG27_RS02840	HPB8_RS03720
HPP12_RS03040	HP0585a	HELPY_RS03820	HPG27_RS02845	HPB8_RS03725
HPP12_RS03045	HP0586	HELPY_RS03815	HPG27_RS02850	HPB8_RS03730
HPP12_RS03050	HP0587	HELPY_RS03810	HPG27_RS02855	HPB8_RS03735
HPP12_RS03055	HP0588	HELPY_RS03805	HPG27_RS02860	HPB8_RS03740
HPP12_RS03060	HP0589	HELPY_RS03800	HPG27_RS02865	HPB8_RS03745
HPP12_RS03065	HP0590	HELPY_RS03795	HPG27_RS02870	HPB8_RS03750
HPP12_RS03070	HP0591	HELPY_RS03790	HPG27_RS02875	HPB8_RS03755
HPP12_RS03075	HP0592	HELPY_RS03785	HPG27_RS02880	-
HPP12_RS03085	HP0594	HELPY_RS03775	HPG27_RS02890	HPB8_RS03765
HPP12_RS03090	HP0595	HELPY_RS03770	HPG27_RS02895	HPB8_RS03770
HPP12_RS03095	HP0596	HELPY_RS03765	HPG27_RS02900	HPB8_RS03775
HPP12_RS03100	HP0597	HELPY_RS03760	HPG27_RS02905	HPB8_RS03780
HPP12_RS03105	HP0598	HELPY_RS03755	HPG27_RS02910	HPB8_RS03785
HPP12_RS03110	HP0599	HELPY_RS03750	HPG27_RS02915	HPB8_RS03790
HPP12_RS03120	HP0601	HELPY_RS03740	HPG27_RS02925	HPB8_RS03800
HPP12_RS03125	HP0602	HELPY_RS03735	HPG27_RS02930	HPB8_RS03805
HPP12_RS03130	HP0603	HELPY_RS03730	HPG27_RS02935	HPB8_RS03810
HPP12_RS03135	HP0604	HELPY_RS03725	HPG27_RS02940	HPB8_RS03815
HPP12_RS03140	HP0605	HELPY_RS03720	HPG27_RS02945	HPB8_RS03820
HPP12_RS03145	HP0606	HELPY_RS03715	HPG27_RS02950	HPB8_RS03825
HPP12_RS03150	HP0607	HELPY_RS03710	HPG27_RS02955	HPB8_RS03830
HPP12_RS03155	HP0608	HELPY_RS03705	HPG27_RS02960	HPB8_RS03835
HPP12_RS03160	-	HELPY_RS03700	HPG27_RS02965	HPB8_RS03840
HPP12_RS03165	-	-	-	-
HPP12_RS03170	-	HELPY_RS03695	HPG27_RS02970	HPB8_RS03845
HPP12_RS03175	-	HELPY_RS03690	HPG27_RS02975	-
HPP12_RS03185	HP0614	HELPY_RS03680	HPG27_RS02985	HPB8_RS03855
HPP12_RS03190	HP0615	HELPY_RS03675	HPG27_RS02990	HPB8_RS03860
HPP12_RS03195	HP0616	HELPY_RS03670	HPG27_RS02995	HPB8_RS03865
HPP12_RS03200	HP0617	HELPY_RS03665	HPG27_RS03000	HPB8_RS03870
HPP12_RS03205	HP0618	HELPY_RS03660	HPG27_RS03005	HPB8_RS03875
HPP12_RS03210	-	HELPY_RS03650	HPG27_RS03015	HPB8_RS03885
HPP12_RS03215	HP0620	HELPY_RS03645	HPG27_RS03020	HPB8_RS03890
HPP12_RS03220	-	-	-	-
HPP12_RS03225	-	-	-	-
HPP12_RS03235	-	-	-	-
HPP12_RS03240	HP0621	HELPY_RS03640	HPG27_RS03025	HPB8_RS03895
HPP12_RS03245	HP0622	HELPY_RS03635	HPG27_RS03030	HPB8_RS03900
HPP12_RS03250	HP0623	HELPY_RS03630	HPG27_RS03035	HPB8_RS03905
HPP12_RS03255	HP0624	HELPY_RS03625	HPG27_RS03040	HPB8_RS03910
HPP12_RS03260	HP0625	HELPY_RS03620	HPG27_RS03045	HPB8_RS03915
HPP12_RS03265	HP0626	HELPY_RS03615	HPG27_RS03050	HPB8_RS03920
HPP12_RS03270	-	HELPY_RS03610	HPG27_RS03055	HPB8_RS03925
HPP12_RS03275	HP0629	HELPY_RS03600	HPG27_RS03060	HPB8_RS03930
HPP12_RS03280	HP0630	HELPY_RS03590	HPG27_RS03065	HPB8_RS03935
HPP12_RS03285	HP0631	HELPY_RS03585	HPG27_RS03070	HPB8_RS03940
HPP12_RS03290	HP0632	HELPY_RS03580	HPG27_RS03075	HPB8_RS03945
HPP12_RS03295	HP0633	HELPY_RS03575	HPG27_RS03080	HPB8_RS03950
HPP12_RS03300	HP0634	HELPY_RS03570	HPG27_RS03085	HPB8_RS03955
HPP12_RS03305	HP0635	HELPY_RS03565	HPG27_RS03090	HPB8_RS03960
HPP12_RS03310	-	HELPY_RS03560	HPG27_RS03095	HPB8_RS03965
HPP12_RS03315	HP0637	HELPY_RS03555	HPG27_RS03100	HPB8_RS03970
HPP12_RS03320	HP0638	HELPY_RS03550	HPG27_RS03105	HPB8_RS03975
HPP12_RS03325	HP0639	HELPY_RS03545	HPG27_RS03110	HPB8_RS03980
HPP12_RS03330	HP0640	HELPY_RS03540	HPG27_RS03115	HPB8_RS03985
HPP12_RS03335	HP0641	-	HPG27_RS03120	HPB8_RS03990
HPP12_RS03345	HP0642	HELPY_RS03530	-	HPB8_RS04000
HPP12_RS03350	HP0643	HELPY_RS03525	HPG27_RS03135	HPB8_RS04005
HPP12_RS03355	HP0644	HELPY_RS03520	HPG27_RS03140	HPB8_RS04010
HPP12_RS03360	HP0645	HELPY_RS03515	HPG27_RS03145	HPB8_RS04015
HPP12_RS03365	HP0646	HELPY_RS03510	HPG27_RS03150	HPB8_RS04020
HPP12_RS03370	HP0647	HELPY_RS03505	HPG27_RS03155	HPB8_RS04025
HPP12_RS03375	HP0648	HELPY_RS03500	HPG27_RS03160	HPB8_RS04030
HPP12_RS03380	HP0649	HELPY_RS03495	HPG27_RS03165	HPB8_RS04035
HPP12_RS03385	HP0650	HELPY_RS03490	HPG27_RS03170	HPB8_RS04040
HPP12_RS03390	HP0651	HELPY_RS03485	HPG27_RS03175	-
HPP12_RS03395	HP0652	HELPY_RS03480	HPG27_RS03180	HPB8_RS04050
HPP12_RS03400	HP0653	HELPY_RS03475	HPG27_RS03185	HPB8_RS04055
HPP12_RS03405	HP0654	HELPY_RS03470	HPG27_RS03190	HPB8_RS04060
HPP12_RS03410	HP0655	HELPY_RS03465	HPG27_RS03195	HPB8_RS04065
HPP12_RS03415	HP0656	HELPY_RS03460	HPG27_RS03200	HPB8_RS04070
HPP12_RS03420	HP0657	HELPY_RS03455	HPG27_RS03205	HPB8_RS04075
HPP12_RS03425	HP0658	HELPY_RS03450	HPG27_RS03210	HPB8_RS04080
HPP12_RS03430	HP0659	HELPY_RS03445	HPG27_RS03215	HPB8_RS04085
HPP12_RS03435	HP0660	HELPY_RS03440	HPG27_RS03220	HPB8_RS04090
HPP12_RS03445	HP0662	HELPY_RS03430	HPG27_RS03230	HPB8_RS04100
HPP12_RS03450	HP0663	HELPY_RS03425	HPG27_RS03235	HPB8_RS04105
HPP12_RS03455	HP0664	HELPY_RS03420	HPG27_RS03240	HPB8_RS04110
HPP12_RS03460	HP0665	HELPY_RS03415	HPG27_RS03245	HPB8_RS04115
HPP12_RS03465	HP0666	HELPY_RS03410	HPG27_RS03250	HPB8_RS04120
HPP12_RS03475	HP0670	-	-	-
HPP12_RS03480	HP0671	HELPY_RS03370	HPG27_RS03265	HPB8_RS04145
HPP12_RS03485	HP0672	HELPY_RS03365	HPG27_RS03270	HPB8_RS04150
HPP12_RS03490	-	-	-	-
HPP12_RS03495	HP0675	HELPY_RS03355	HPG27_RS03280	HPB8_RS04160
HPP12_RS03500	HP0676	HELPY_RS03350	HPG27_RS03285	HPB8_RS04165
HPP12_RS03505	HP0677	HELPY_RS03345	HPG27_RS03290	HPB8_RS04170
HPP12_RS03510	-	HELPY_RS03340	HPG27_RS03295	HPB8_RS04175
HPP12_RS03515	HP0680	HELPY_RS03335	HPG27_RS03300	HPB8_RS04180
HPP12_RS03520	HP0681	HELPY_RS03330	-	HPB8_RS04185
HPP12_RS03525	-	HELPY_RS03325	HPG27_RS03310	HPB8_RS04190
HPP12_RS03530	-	-	-	-
HPP12_RS03535	HP0682	HELPY_RS06155	-	-
HPP12_RS03540	HP0683	HELPY_RS03320	HPG27_RS03315	HPB8_RS04195
HPP12_RS03545	-	HELPY_RS03315	HPG27_RS03320	HPB8_RS04200
HPP12_RS03550	HP0686	HELPY_RS03310	HPG27_RS03325	HPB8_RS04205
HPP12_RS03555	HP0687	HELPY_RS03305	HPG27_RS03330	HPB8_RS04210
HPP12_RS03560	-	HELPY_RS03300	HPG27_RS03335	HPB8_RS04215
HPP12_RS03565	HP0690	HELPY_RS03295	HPG27_RS03340	HPB8_RS04220
HPP12_RS03570	HP0691	HELPY_RS03290	HPG27_RS03345	HPB8_RS04225
HPP12_RS03575	HP0692	HELPY_RS03285	HPG27_RS03350	HPB8_RS04230
HPP12_RS03580	HP0693	HELPY_RS03280	HPG27_RS03355	HPB8_RS04235
HPP12_RS03585	-	HELPY_RS03275	HPG27_RS03360	HPB8_RS04240
HPP12_RS03595	HP0696	HELPY_RS03260	HPG27_RS03370	HPB8_RS04250
HPP12_RS03600	HP0697	HELPY_RS03255	HPG27_RS03375	HPB8_RS04255
HPP12_RS03605	-	-	-	HPB8_RS04260
HPP12_RS03610	HP0699	HELPY_RS03245	HPG27_RS03385	HPB8_RS04265
HPP12_RS03615	HP0700	HELPY_RS03240	HPG27_RS03390	HPB8_RS04270
HPP12_RS03620	HP0701	HELPY_RS03235	HPG27_RS03395	HPB8_RS04275
HPP12_RS03625	HP0702	HELPY_RS03230	HPG27_RS03400	HPB8_RS04280
HPP12_RS03630	HP0703	HELPY_RS03225	HPG27_RS03405	HPB8_RS04285
HPP12_RS03640	-	HELPY_RS03215	HPG27_RS03415	HPB8_RS04290
HPP12_RS03645	HP0705	HELPY_RS03210	-	HPB8_RS04300
HPP12_RS03650	HP0706	HELPY_RS03205	HPG27_RS03425	HPB8_RS04305
HPP12_RS03655	HP0707	HELPY_RS03200	HPG27_RS03430	HPB8_RS04310
HPP12_RS03660	HP0708	HELPY_RS03195	HPG27_RS03435	HPB8_RS04315
HPP12_RS03665	HP0709	HELPY_RS03190	HPG27_RS03440	HPB8_RS04320
HPP12_RS03670	HP0710	HELPY_RS03185	-	HPB8_RS04325
HPP12_RS03675	HP0711	HELPY_RS03180	HPG27_RS03450	HPB8_RS04330
HPP12_RS03680	HP0714	HELPY_RS03165	HPG27_RS03460	HPB8_RS04340
HPP12_RS03685	HP0715	HELPY_RS03160	HPG27_RS03465	HPB8_RS04345
HPP12_RS03690	HP0716	HELPY_RS03155	HPG27_RS03470	HPB8_RS04350
HPP12_RS03695	HP0717	HELPY_RS03150	-	HPB8_RS04355
HPP12_RS03700	HP0718	HELPY_RS03145	HPG27_RS03480	HPB8_RS04360
HPP12_RS03705	-	HELPY_RS03140	HPG27_RS03485	HPB8_RS04365
HPP12_RS03710	HP0721	HELPY_RS03135	HPG27_RS03490	HPB8_RS04370
HPP12_RS03720	HP0723	HELPY_RS03125	HPG27_RS03505	HPB8_RS04380
HPP12_RS03725	HP0724	HELPY_RS03120	HPG27_RS03500	HPB8_RS04385
HPP12_RS03730	HP0722	HELPY_RS03115	HPG27_RS03495	HPB8_RS04390
HPP12_RS03735	HP0726	HELPY_RS03110	HPG27_RS03515	HPB8_RS04395
HPP12_RS03740	HP0727	HELPY_RS03105	HPG27_RS03520	HPB8_RS04400
HPP12_RS03745	HP0728	HELPY_RS03100	HPG27_RS03525	HPB8_RS04405
HPP12_RS03755	HP0730	HELPY_RS03090	HPG27_RS03535	HPB8_RS04415
HPP12_RS03760	HP0731	HELPY_RS03085	HPG27_RS03555	-
HPP12_RS03770	-	-	HPG27_RS03565	HPB8_RS04435
HPP12_RS03775	HP0734	HELPY_RS03070	HPG27_RS03570	HPB8_RS04445
HPP12_RS03780	HP0735	HELPY_RS03065	HPG27_RS03575	HPB8_RS04450
HPP12_RS03785	HP0736	HELPY_RS03060	HPG27_RS03580	HPB8_RS04455
HPP12_RS03790	HP0737	HELPY_RS03055	HPG27_RS03585	HPB8_RS04460
HPP12_RS03795	HP0738	HELPY_RS03050	HPG27_RS03590	HPB8_RS04465
HPP12_RS03800	HP0739	HELPY_RS03045	HPG27_RS03595	HPB8_RS04470
HPP12_RS03805	HP0740	HELPY_RS03040	HPG27_RS03600	HPB8_RS04475
HPP12_RS03810	HP0741	HELPY_RS03035	HPG27_RS03605	HPB8_RS04480
HPP12_RS03815	HP0742	HELPY_RS03030	HPG27_RS03610	HPB8_RS04485
HPP12_RS03825	-	-	HPG27_RS08040	HPB8_RS04495
HPP12_RS03830	-	HELPY_RS03015	-	-
HPP12_RS03835	HP0745	HELPY_RS03010	HPG27_RS03625	HPB8_RS04500
HPP12_RS03840	HP0746	HELPY_RS03005	HPG27_RS03630	HPB8_RS04505
HPP12_RS03845	HP0747	HELPY_RS03000	HPG27_RS03635	HPB8_RS04510
HPP12_RS03850	HP0748	HELPY_RS02995	HPG27_RS03640	HPB8_RS04515
HPP12_RS03855	HP0749	HELPY_RS02990	HPG27_RS03645	HPB8_RS04520
HPP12_RS03860	HP0750	HELPY_RS02985	HPG27_RS03650	HPB8_RS04525
HPP12_RS03865	HP0751	HELPY_RS02980	HPG27_RS03655	HPB8_RS04530
HPP12_RS03870	HP0752	HELPY_RS02975	HPG27_RS03660	HPB8_RS04535
HPP12_RS03875	HP0753	HELPY_RS02970	HPG27_RS03665	HPB8_RS04540
HPP12_RS03880	HP0754	HELPY_RS02965	HPG27_RS03670	HPB8_RS04545
HPP12_RS03885	HP0755	HELPY_RS02960	HPG27_RS03675	HPB8_RS04550
HPP12_RS03890	HP0756	HELPY_RS02955	HPG27_RS03680	HPB8_RS04555
HPP12_RS03895	HP0757	HELPY_RS02950	HPG27_RS03685	HPB8_RS04560
HPP12_RS03900	HP0758	HELPY_RS02945	HPG27_RS03690	HPB8_RS04565
HPP12_RS03905	HP0759	HELPY_RS02940	HPG27_RS03695	HPB8_RS04570
HPP12_RS03910	-	HELPY_RS02935	HPG27_RS03700	HPB8_RS04575
HPP12_RS03915	HP0761	HELPY_RS02930	HPG27_RS03705	HPB8_RS04580
HPP12_RS03920	HP0762	HELPY_RS02925	HPG27_RS03710	HPB8_RS04585
HPP12_RS03925	HP0763	HELPY_RS02920	HPG27_RS03715	HPB8_RS04590
HPP12_RS03935	HP0768	HELPY_RS02895	HPG27_RS03745	HPB8_RS04620
HPP12_RS03940	HP0769	HELPY_RS02890	HPG27_RS03750	HPB8_RS04625
HPP12_RS03945	HP0770	HELPY_RS02885	HPG27_RS03755	HPB8_RS04630
HPP12_RS03950	HP0771	HELPY_RS02880	HPG27_RS03760	HPB8_RS04635
HPP12_RS03955	HP0772	HELPY_RS02875	HPG27_RS03765	HPB8_RS04640
HPP12_RS03960	HP0773	HELPY_RS02870	HPG27_RS03770	HPB8_RS04645
HPP12_RS03965	HP0774	HELPY_RS02865	HPG27_RS03775	HPB8_RS04650
HPP12_RS03970	HP0775	HELPY_RS02860	HPG27_RS03780	HPB8_RS04655
HPP12_RS03975	HP0776	HELPY_RS02855	HPG27_RS03785	HPB8_RS04660
HPP12_RS03980	HP0777	HELPY_RS02850	HPG27_RS03790	HPB8_RS04665
HPP12_RS03985	HP0778	HELPY_RS02845	HPG27_RS03795	HPB8_RS04670
HPP12_RS03990	HP0779	HELPY_RS02840	HPG27_RS03800	HPB8_RS04675
HPP12_RS03995	HP0780	HELPY_RS02835	HPG27_RS03805	HPB8_RS04680
HPP12_RS04000	HP0781	HELPY_RS02830	HPG27_RS03810	HPB8_RS04685
HPP12_RS04005	HP0782	HELPY_RS02825	HPG27_RS03815	HPB8_RS04690
HPP12_RS04010	HP0783	HELPY_RS02820	HPG27_RS03820	HPB8_RS04695
HPP12_RS04015	-	-	-	HPB8_RS04700
HPP12_RS04020	HP0785	HELPY_RS02810	HPG27_RS03830	HPB8_RS04705
HPP12_RS04025	HP0786	HELPY_RS02805	HPG27_RS03835	HPB8_RS04710
HPP12_RS04030	HP0787	HELPY_RS02800	HPG27_RS03840	HPB8_RS04715
HPP12_RS04035	HP0788	HELPY_RS02795	HPG27_RS03845	HPB8_RS04720
HPP12_RS04040	-	-	-	-
HPP12_RS04045	HP0790	HELPY_RS02790	HPG27_RS04160	HPB8_RS05015
HPP12_RS04050	HP0791	HELPY_RS02765	HPG27_RS03860	HPB8_RS04730
HPP12_RS04055	HP0792	HELPY_RS02760	HPG27_RS03865	HPB8_RS04735
HPP12_RS04060	HP0793	HELPY_RS02755	HPG27_RS03870	HPB8_RS04740
HPP12_RS04065	HP0794	HELPY_RS02750	HPG27_RS03875	HPB8_RS04745
HPP12_RS04070	HP0795	HELPY_RS02745	HPG27_RS03880	HPB8_RS04750
HPP12_RS04075	HP0796	HELPY_RS02740	HPG27_RS03885	HPB8_RS04755
HPP12_RS04080	HP0797	HELPY_RS02735	HPG27_RS03890	HPB8_RS04760
HPP12_RS04085	HP0798	HELPY_RS02730	HPG27_RS03895	HPB8_RS04765
HPP12_RS04090	HP0799	HELPY_RS02725	HPG27_RS03900	HPB8_RS04770
HPP12_RS04095	HP0800	HELPY_RS02720	HPG27_RS03905	HPB8_RS04775
HPP12_RS04105	HP0802	HELPY_RS02710	HPG27_RS03915	HPB8_RS04785
HPP12_RS04110	HP0803	HELPY_RS02705	HPG27_RS03920	HPB8_RS04790
HPP12_RS04115	HP0804	HELPY_RS02700	HPG27_RS03925	HPB8_RS04795
HPP12_RS04120	HP0805	HELPY_RS02695	HPG27_RS03930	HPB8_RS04800
HPP12_RS04125	HP0806	HELPY_RS02690	HPG27_RS03935	HPB8_RS04805
HPP12_RS04130	HP0807	-	HPG27_RS03940	HPB8_RS04810
HPP12_RS04135	HP0808	HELPY_RS02680	HPG27_RS03945	HPB8_RS04815
HPP12_RS04140	HP0809	HELPY_RS02675	HPG27_RS03950	HPB8_RS04820
HPP12_RS04145	HP0810	HELPY_RS02670	HPG27_RS03955	HPB8_RS04825
HPP12_RS04150	HP0811	HELPY_RS02665	HPG27_RS03960	HPB8_RS04830
HPP12_RS04155	HP0812	HELPY_RS02660	HPG27_RS03965	HPB8_RS04835
HPP12_RS04160	HP0813	HELPY_RS02655	HPG27_RS03970	HPB8_RS04840
HPP12_RS04165	HP0814	HELPY_RS02650	HPG27_RS03975	HPB8_RS04845
HPP12_RS04170	HP0815	HELPY_RS02645	HPG27_RS03980	HPB8_RS04850
HPP12_RS04175	HP0816	HELPY_RS02640	HPG27_RS03985	HPB8_RS04855
HPP12_RS04180	HP0817	HELPY_RS02635	HPG27_RS03990	HPB8_RS04860
HPP12_RS04185	-	-	-	-
HPP12_RS04190	HP0818	HELPY_RS02630	HPG27_RS04010	HPB8_RS04865
HPP12_RS04195	HP0819	HELPY_RS02625	HPG27_RS04015	HPB8_RS04870
HPP12_RS04200	HP0819a	HELPY_RS02620	HPG27_RS04020	HPB8_RS04875
HPP12_RS04205	HP0820	HELPY_RS02615	HPG27_RS04025	HPB8_RS04880
HPP12_RS04210	HP0821	HELPY_RS02610	HPG27_RS04030	HPB8_RS04885
HPP12_RS04215	HP0822	HELPY_RS02605	HPG27_RS04035	HPB8_RS04890
HPP12_RS04220	HP0823	HELPY_RS02600	HPG27_RS04040	HPB8_RS04895
HPP12_RS04225	HP0824	HELPY_RS02595	HPG27_RS04045	HPB8_RS04900
HPP12_RS04230	HP0825	HELPY_RS02590	HPG27_RS04050	HPB8_RS04905
HPP12_RS04235	HP0826	HELPY_RS02585	HPG27_RS04055	HPB8_RS04910
HPP12_RS04240	HP0827	HELPY_RS02580	HPG27_RS04060	HPB8_RS04915
HPP12_RS04245	HP0828	HELPY_RS02575	HPG27_RS04065	HPB8_RS04920
HPP12_RS04250	HP0829	HELPY_RS02570	HPG27_RS04070	HPB8_RS04925
HPP12_RS04255	HP0830	HELPY_RS02565	HPG27_RS04075	HPB8_RS04930
HPP12_RS04260	HP0831	HELPY_RS02560	HPG27_RS04080	HPB8_RS04935
HPP12_RS04265	HP0832	HELPY_RS02555	HPG27_RS04085	HPB8_RS04940
HPP12_RS04270	HP0833	HELPY_RS02550	HPG27_RS04090	HPB8_RS04945
HPP12_RS04275	HP0834	HELPY_RS02545	HPG27_RS04095	HPB8_RS04950
HPP12_RS04280	HP0835	HELPY_RS02540	HPG27_RS04100	HPB8_RS04955
HPP12_RS04290	-	HELPY_RS02530	HPG27_RS04110	HPB8_RS04965
HPP12_RS04295	HP0838	HELPY_RS02525	HPG27_RS04115	HPB8_RS04970
HPP12_RS04300	HP0839	HELPY_RS02520	HPG27_RS04120	HPB8_RS04975
HPP12_RS04305	HP0840	HELPY_RS02515	HPG27_RS04125	HPB8_RS04980
HPP12_RS04310	HP0841	HELPY_RS02510	HPG27_RS04130	HPB8_RS04985
HPP12_RS04315	HP0842	HELPY_RS02505	HPG27_RS04135	HPB8_RS04990
HPP12_RS04320	-	-	-	-
HPP12_RS04325	HP0850	-	HPG27_RS04165	HPB8_RS05020
HPP12_RS04330	-	-	-	-
HPP12_RS04335	HP0851	HELPY_RS02470	HPG27_RS04170	HPB8_RS05035
HPP12_RS04345	HP0853	HELPY_RS02460	HPG27_RS04180	HPB8_RS05045
HPP12_RS04350	HP0854	HELPY_RS02455	HPG27_RS04185	HPB8_RS05050
HPP12_RS04355	HP0857	HELPY_RS02440	HPG27_RS04190	HPB8_RS05055
HPP12_RS04360	HP0858	HELPY_RS02435	HPG27_RS04195	HPB8_RS05060
HPP12_RS04365	HP0859	HELPY_RS02430	HPG27_RS04200	HPB8_RS05065
HPP12_RS04370	HP0860	HELPY_RS02425	HPG27_RS04205	HPB8_RS05070
HPP12_RS04375	HP0861	HELPY_RS02420	HPG27_RS04210	HPB8_RS05075
HPP12_RS04380	HP0862	HELPY_RS02415	HPG27_RS04215	HPB8_RS05080
HPP12_RS04385	HP0863	HELPY_RS02410	HPG27_RS04220	HPB8_RS05085
HPP12_RS04390	HP0864	HELPY_RS02405	HPG27_RS04225	HPB8_RS05090
HPP12_RS04395	HP0865	HELPY_RS02400	HPG27_RS04230	HPB8_RS05095
HPP12_RS04400	HP0866	HELPY_RS02395	HPG27_RS04235	HPB8_RS05100
HPP12_RS04405	HP0867	HELPY_RS02390	HPG27_RS04240	HPB8_RS05105
HPP12_RS04410	HP0868	HELPY_RS02385	HPG27_RS04245	HPB8_RS05110
HPP12_RS04415	HP0869	HELPY_RS02380	HPG27_RS04250	HPB8_RS05115
HPP12_RS04420	HP0870	HELPY_RS02375	HPG27_RS04255	HPB8_RS05120
HPP12_RS04425	HP0871	HELPY_RS02370	HPG27_RS04260	-
HPP12_RS04430	HP0872	HELPY_RS02365	HPG27_RS04265	HPB8_RS05130
HPP12_RS04435	HP0873	HELPY_RS02360	HPG27_RS04270	HPB8_RS05135
HPP12_RS04440	HP0874	HELPY_RS02355	HPG27_RS04275	HPB8_RS05140
HPP12_RS04445	HP0875	HELPY_RS02350	HPG27_RS04280	HPB8_RS05145
HPP12_RS04450	HP0876	HELPY_RS02345	HPG27_RS04285	HPB8_RS05150
HPP12_RS04455	HP0877	HELPY_RS02340	HPG27_RS04290	HPB8_RS05155
HPP12_RS04460	HP0879	HELPY_RS02335	HPG27_RS04295	HPB8_RS05160
HPP12_RS04465	-	-	-	-
HPP12_RS04475	HP0883	HELPY_RS04190	HPG27_RS04310	HPB8_RS03175
HPP12_RS04480	HP0884	HELPY_RS04195	HPG27_RS04315	HPB8_RS03170
HPP12_RS04485	HP0885	HELPY_RS04200	HPG27_RS04320	HPB8_RS03165
HPP12_RS04490	HP0886	HELPY_RS04205	HPG27_RS04325	HPB8_RS03160
HPP12_RS04495	HP0887	HELPY_RS04210	HPG27_RS04330	-
HPP12_RS04500	HP0888	HELPY_RS04215	HPG27_RS04335	HPB8_RS03150
HPP12_RS04505	HP0889	HELPY_RS04220	HPG27_RS04340	HPB8_RS03145
HPP12_RS04510	HP0890	HELPY_RS04225	HPG27_RS04345	HPB8_RS03140
HPP12_RS04515	HP0891	HELPY_RS04230	HPG27_RS04350	HPB8_RS03135
HPP12_RS04525	HP0895	HELPY_RS04250	HPG27_RS04370	HPB8_RS03125
HPP12_RS04530	HP1243	HELPY_RS04255	HPG27_RS01595	HPB8_RS03115
HPP12_RS04545	HP0897	HELPY_RS04270	HPG27_RS04395	HPB8_RS03100
HPP12_RS04550	HP0898	HELPY_RS04275	HPG27_RS04400	HPB8_RS03095
HPP12_RS04555	HP0899	HELPY_RS04280	HPG27_RS04405	HPB8_RS03090
HPP12_RS04560	HP0900	HELPY_RS04285	HPG27_RS04410	HPB8_RS03085
HPP12_RS04565	HP0901	HELPY_RS04290	HPG27_RS04415	-
HPP12_RS04570	HP0902	HELPY_RS04295	HPG27_RS04420	HPB8_RS03075
HPP12_RS04585	HP0906	HELPY_RS04310	HPG27_RS04430	HPB8_RS03060
HPP12_RS04590	HP0907	HELPY_RS04315	HPG27_RS04435	HPB8_RS03055
HPP12_RS04595	HP0908	HELPY_RS04320	HPG27_RS04440	HPB8_RS03050
HPP12_RS04600	HP0909	HELPY_RS04325	HPG27_RS04445	HPB8_RS03045
HPP12_RS04605	HP0910	HELPY_RS04330	HPG27_RS04450	HPB8_RS03040
HPP12_RS04610	HP0911	HELPY_RS04335	HPG27_RS04455	HPB8_RS03035
HPP12_RS04615	HP0912	HELPY_RS04340	HPG27_RS04465	HPB8_RS03030
HPP12_RS04620	HP0913	HELPY_RS04345	HPG27_RS04470	HPB8_RS03025
HPP12_RS04625	HP0914	HELPY_RS04350	HPG27_RS04475	HPB8_RS03020
HPP12_RS04635	HP0918	HELPY_RS04360	HPG27_RS04485	HPB8_RS03010
HPP12_RS04640	HP0919	HELPY_RS04365	HPG27_RS04490	HPB8_RS03005
HPP12_RS04645	HP0920	HELPY_RS04370	HPG27_RS04495	HPB8_RS03000
HPP12_RS04650	HP0921	HELPY_RS04375	HPG27_RS04500	HPB8_RS02995
HPP12_RS04655	HP0922	HELPY_RS04380	HPG27_RS04505	HPB8_RS02990
HPP12_RS04660	HP0923	HELPY_RS04385	HPG27_RS04510	HPB8_RS02985
HPP12_RS04665	HP0924	HELPY_RS04390	HPG27_RS04515	HPB8_RS02980
HPP12_RS04670	HP0925	HELPY_RS04395	HPG27_RS04520	HPB8_RS02975
HPP12_RS04675	HP0926	HELPY_RS04400	HPG27_RS04525	HPB8_RS02970
HPP12_RS04680	HP0927	HELPY_RS04405	HPG27_RS04530	HPB8_RS02965
HPP12_RS04685	HP0928	HELPY_RS04410	HPG27_RS04535	HPB8_RS02960
HPP12_RS04690	HP0929	HELPY_RS04415	HPG27_RS04540	HPB8_RS02955
HPP12_RS04695	HP0930	HELPY_RS04420	HPG27_RS04545	HPB8_RS02950
HPP12_RS04700	-	HELPY_RS04425	HPG27_RS04550	HPB8_RS02945
HPP12_RS04705	HP0933	HELPY_RS04430	HPG27_RS04555	HPB8_RS02940
HPP12_RS04710	HP0934	HELPY_RS04435	HPG27_RS04560	HPB8_RS02935
HPP12_RS04715	HP0935	HELPY_RS04440	HPG27_RS04565	HPB8_RS02930
HPP12_RS04725	HP0936	-	HPG27_RS04575	HPB8_RS02920
HPP12_RS04740	HP0939	HELPY_RS04465	HPG27_RS04585	HPB8_RS02905
HPP12_RS04750	HP0941	HELPY_RS04475	HPG27_RS04595	HPB8_RS02895
HPP12_RS04755	HP0942	HELPY_RS04480	HPG27_RS04600	HPB8_RS02890
HPP12_RS04760	HP0943	HELPY_RS04485	HPG27_RS04605	HPB8_RS02885
HPP12_RS04765	HP0944	HELPY_RS04490	HPG27_RS04610	HPB8_RS02880
HPP12_RS04790	HP0946	HELPY_RS04515	HPG27_RS04635	HPB8_RS02855
HPP12_RS04795	HP0947	HELPY_RS04520	HPG27_RS04640	HPB8_RS02850
HPP12_RS04800	HP0948	HELPY_RS04525	HPG27_RS04655	HPB8_RS02840
HPP12_RS04805	HP0949	HELPY_RS04530	HPG27_RS04660	HPB8_RS02835
HPP12_RS04810	HP0950	HELPY_RS04535	HPG27_RS04665	HPB8_RS02830
HPP12_RS04815	HP0951	HELPY_RS04540	HPG27_RS04670	HPB8_RS02825
HPP12_RS04820	HP0952	HELPY_RS04545	HPG27_RS04675	HPB8_RS02820
HPP12_RS04825	HP0953	HELPY_RS04550	HPG27_RS04680	HPB8_RS02815
HPP12_RS04830	HP0954	HELPY_RS04555	HPG27_RS04685	HPB8_RS02810
HPP12_RS04835	HP0955	HELPY_RS04560	HPG27_RS04690	HPB8_RS02805
HPP12_RS04840	HP0956	HELPY_RS04565	HPG27_RS04695	HPB8_RS02800
HPP12_RS04845	HP0957	HELPY_RS04570	HPG27_RS04700	HPB8_RS02795
HPP12_RS04850	HP0958	HELPY_RS04575	HPG27_RS04705	HPB8_RS02790
HPP12_RS04855	HP0959	HELPY_RS04580	HPG27_RS04710	HPB8_RS02785
HPP12_RS04860	HP0960	HELPY_RS04585	HPG27_RS04715	HPB8_RS02780
HPP12_RS04865	HP0961	HELPY_RS04590	HPG27_RS04720	HPB8_RS02775
HPP12_RS04875	HP0965	HELPY_RS07780	-	HPB8_RS02760
HPP12_RS04880	HP0966	HELPY_RS04615	HPG27_RS04750	HPB8_RS02755
HPP12_RS04890	HP0967	-	-	HPB8_RS02750
HPP12_RS04895	-	HELPY_RS04620	HPG27_RS04755	HPB8_RS02745
HPP12_RS04900	HP0969	HELPY_RS04625	HPG27_RS04760	HPB8_RS02740
HPP12_RS04905	HP0970	HELPY_RS04630	HPG27_RS04765	HPB8_RS02735
HPP12_RS04910	HP0971	HELPY_RS04635	HPG27_RS04770	HPB8_RS02730
HPP12_RS04915	HP0972	HELPY_RS04640	HPG27_RS04775	HPB8_RS02725
HPP12_RS04920	HP0973	HELPY_RS04645	HPG27_RS04780	HPB8_RS02720
HPP12_RS04925	HP0974	HELPY_RS04650	HPG27_RS04785	HPB8_RS02715
HPP12_RS04930	HP0975	HELPY_RS04655	HPG27_RS04790	HPB8_RS02710
HPP12_RS04940	HP0977	HELPY_RS04665	HPG27_RS04800	HPB8_RS02700
HPP12_RS04945	HP0978	HELPY_RS04670	HPG27_RS04805	HPB8_RS02695
HPP12_RS04950	HP0979	HELPY_RS04675	HPG27_RS04810	HPB8_RS02690
HPP12_RS04960	-	-	-	-
HPP12_RS04965	HP0983	HELPY_RS04705	HPG27_RS04840	HPB8_RS02670
HPP12_RS04970	HP0986	-	HPG27_RS04855	-
HPP12_RS04975	HP0454	-	HPG27_RS04870	-
HPP12_RS04995	-	-	-	-
HPP12_RS05000	-	-	-	-
HPP12_RS05020	HP0431	-	HPG27_RS04890	-
HPP12_RS05025	HP0430	HELPY_RS04775	HPG27_RS04895	-
HPP12_RS05030	HP0428	HELPY_RS04780	HPG27_RS04900	-
HPP12_RS05045	-	-	HPG27_RS04920	HPB8_RS02280
HPP12_RS05050	HP1409	HELPY_RS04795	HPG27_RS04925	-
HPP12_RS05055	HP0425	-	HPG27_RS04930	-
HPP12_RS05060	HP1411	HELPY_RS04805	HPG27_RS04935	HPB8_RS07410
HPP12_RS05070	HP0422	HELPY_RS04820	HPG27_RS04945	HPB8_RS02250
HPP12_RS05075	HP0421	HELPY_RS04825	HPG27_RS04950	HPB8_RS02245
HPP12_RS05080	HP0420	HELPY_RS04830	HPG27_RS04955	HPB8_RS02240
HPP12_RS05085	HP0419	HELPY_RS04835	HPG27_RS04960	HPB8_RS02235
HPP12_RS05090	HP0418	HELPY_RS04840	HPG27_RS04965	HPB8_RS02230
HPP12_RS05095	HP0417	HELPY_RS04845	HPG27_RS04970	HPB8_RS02225
HPP12_RS05100	HP0416	HELPY_RS04850	HPG27_RS04975	HPB8_RS02220
HPP12_RS05105	HP0415	HELPY_RS04855	HPG27_RS04980	HPB8_RS02215
HPP12_RS05110	-	HELPY_RS04860	HPG27_RS05135	HPB8_RS02210
HPP12_RS05135	HP0410	HELPY_RS04885	HPG27_RS05160	HPB8_RS02185
HPP12_RS05140	HP0409	HELPY_RS04890	HPG27_RS05165	HPB8_RS02180
HPP12_RS05145	HP0408	HELPY_RS04895	HPG27_RS05170	HPB8_RS02175
HPP12_RS05150	HP0407	HELPY_RS04900	HPG27_RS05175	HPB8_RS02170
HPP12_RS05155	HP0406	HELPY_RS04905	HPG27_RS05180	HPB8_RS02165
HPP12_RS05160	HP0405	HELPY_RS04910	HPG27_RS05185	HPB8_RS02160
HPP12_RS05165	HP0404	HELPY_RS04915	HPG27_RS05190	HPB8_RS02155
HPP12_RS05170	HP0403	HELPY_RS04920	HPG27_RS05195	HPB8_RS02150
HPP12_RS05175	HP0402	HELPY_RS04925	HPG27_RS05200	HPB8_RS02145
HPP12_RS05180	HP0401	HELPY_RS04930	HPG27_RS05205	HPB8_RS02140
HPP12_RS05185	HP0400	HELPY_RS04935	HPG27_RS05210	HPB8_RS02135
HPP12_RS05190	HP0399	HELPY_RS04940	HPG27_RS05215	HPB8_RS02130
HPP12_RS05195	HP0398	HELPY_RS04945	HPG27_RS05220	HPB8_RS02125
HPP12_RS05200	HP0397	HELPY_RS04950	HPG27_RS05225	HPB8_RS02120
HPP12_RS05205	HP0396	HELPY_RS04955	HPG27_RS05230	HPB8_RS02115
HPP12_RS05210	HP0395	HELPY_RS04960	HPG27_RS05235	HPB8_RS02110
HPP12_RS05215	HP0394	HELPY_RS04965	HPG27_RS05240	HPB8_RS02105
HPP12_RS05220	HP0393	HELPY_RS04970	HPG27_RS05245	-
HPP12_RS05225	HP0392	HELPY_RS04975	HPG27_RS05250	HPB8_RS02095
HPP12_RS05230	HP0391	HELPY_RS04980	HPG27_RS05255	HPB8_RS02090
HPP12_RS05235	HP0390	HELPY_RS04985	HPG27_RS05260	HPB8_RS02085
HPP12_RS05240	HP0389	HELPY_RS04990	HPG27_RS05265	HPB8_RS02080
HPP12_RS05245	HP0388	HELPY_RS04995	HPG27_RS05270	HPB8_RS02075
HPP12_RS05250	HP0387	HELPY_RS05000	HPG27_RS05275	HPB8_RS02070
HPP12_RS05255	HP0386	HELPY_RS05005	HPG27_RS05280	HPB8_RS02065
HPP12_RS05260	HP0385	HELPY_RS05010	HPG27_RS05285	HPB8_RS02060
HPP12_RS05265	HP0384	HELPY_RS05015	HPG27_RS05290	HPB8_RS02055
HPP12_RS05270	HP0383	HELPY_RS05020	HPG27_RS05295	HPB8_RS02050
HPP12_RS05280	HP0381	HELPY_RS05030	HPG27_RS05305	HPB8_RS02040
HPP12_RS05285	HP0380	HELPY_RS05035	HPG27_RS05310	HPB8_RS02035
HPP12_RS05290	-	HELPY_RS05040	HPG27_RS05315	-
HPP12_RS05295	HP0378	HELPY_RS05045	HPG27_RS05320	HPB8_RS02025
HPP12_RS05300	HP0377	HELPY_RS05050	HPG27_RS05325	HPB8_RS02020
HPP12_RS05305	HP0376	HELPY_RS05055	HPG27_RS05330	HPB8_RS02015
HPP12_RS05310	HP0375	HELPY_RS05060	HPG27_RS05335	HPB8_RS02010
HPP12_RS05315	HP0374	HELPY_RS05065	HPG27_RS05340	HPB8_RS02005
HPP12_RS05320	HP0373	HELPY_RS05070	HPG27_RS05345	HPB8_RS02000
HPP12_RS05325	HP0372	HELPY_RS05075	HPG27_RS05350	HPB8_RS01995
HPP12_RS05330	HP0371	HELPY_RS05080	HPG27_RS05355	HPB8_RS01990
HPP12_RS05340	-	HELPY_RS05090	HPG27_RS05365	HPB8_RS01980
HPP12_RS05345	-	HELPY_RS05095	HPG27_RS05370	HPB8_RS01975
HPP12_RS05350	HP0367	HELPY_RS05100	HPG27_RS05375	HPB8_RS01970
HPP12_RS05355	HP0366	HELPY_RS05105	HPG27_RS05380	HPB8_RS01965
HPP12_RS05365	HP0364	HELPY_RS05115	HPG27_RS05390	HPB8_RS01955
HPP12_RS05370	HP0363	HELPY_RS05120	HPG27_RS05395	HPB8_RS01950
HPP12_RS05375	HP0362	HELPY_RS05125	HPG27_RS05400	HPB8_RS01945
HPP12_RS05380	HP0361	HELPY_RS05130	HPG27_RS05405	HPB8_RS01940
HPP12_RS05385	HP0360	HELPY_RS05135	HPG27_RS05410	HPB8_RS01935
HPP12_RS05400	HP0358	HELPY_RS05155	HPG27_RS05430	HPB8_RS01920
HPP12_RS05405	HP0357	HELPY_RS05160	HPG27_RS05435	HPB8_RS01915
HPP12_RS05410	HP1098	HELPY_RS05165	HPG27_RS05440	HPB8_RS01910
HPP12_RS05415	HP1099	HELPY_RS05170	HPG27_RS05445	HPB8_RS01905
HPP12_RS05420	HP1100	HELPY_RS05175	HPG27_RS05450	HPB8_RS01900
HPP12_RS05425	HP1101	HELPY_RS05180	HPG27_RS05455	HPB8_RS01895
HPP12_RS05430	HP1102	HELPY_RS05185	HPG27_RS05460	HPB8_RS01890
HPP12_RS05435	HP1103	HELPY_RS05190	HPG27_RS05465	HPB8_RS01885
HPP12_RS05440	HP1104	HELPY_RS05195	HPG27_RS05470	HPB8_RS01880
HPP12_RS05445	HP1105	HELPY_RS05200	HPG27_RS05475	HPB8_RS01875
HPP12_RS05450	HP1106	HELPY_RS05205	HPG27_RS05480	HPB8_RS01870
HPP12_RS05455	HP1107	HELPY_RS05210	HPG27_RS05485	HPB8_RS01865
HPP12_RS05460	HP1108	HELPY_RS05215	HPG27_RS05490	HPB8_RS01860
HPP12_RS05465	HP1109	HELPY_RS05220	HPG27_RS05495	HPB8_RS01855
HPP12_RS05470	HP1110	HELPY_RS05225	HPG27_RS05500	HPB8_RS01850
HPP12_RS05475	HP1111	HELPY_RS05230	HPG27_RS05505	HPB8_RS01845
HPP12_RS05480	HP1112	HELPY_RS05235	HPG27_RS05510	HPB8_RS01840
HPP12_RS05485	HP1113	HELPY_RS05240	HPG27_RS05515	HPB8_RS01835
HPP12_RS05490	HP1114	HELPY_RS05245	HPG27_RS05520	HPB8_RS01830
HPP12_RS05495	-	HELPY_RS05250	HPG27_RS05525	HPB8_RS03205
HPP12_RS05500	HP1116	HELPY_RS05255	HPG27_RS02345	HPB8_RS03190
HPP12_RS05510	HP1117	HELPY_RS05265	HPG27_RS05550	HPB8_RS01805
HPP12_RS05515	HP1118	HELPY_RS05270	HPG27_RS05555	HPB8_RS01800
HPP12_RS05520	HP1119	HELPY_RS05275	HPG27_RS05560	HPB8_RS01795
HPP12_RS05525	HP1120	HELPY_RS05280	HPG27_RS05565	HPB8_RS01790
HPP12_RS05530	-	-	-	-
HPP12_RS05535	HP1121	HELPY_RS05285	HPG27_RS05570	HPB8_RS01785
HPP12_RS05540	HP1122	HELPY_RS05290	HPG27_RS05575	HPB8_RS01780
HPP12_RS05545	HP1122a	HELPY_RS05295	HPG27_RS05580	HPB8_RS01775
HPP12_RS05550	HP1123	HELPY_RS05300	HPG27_RS05585	HPB8_RS01770
HPP12_RS05555	HP1124	HELPY_RS05305	HPG27_RS05590	HPB8_RS01765
HPP12_RS05560	HP1125	HELPY_RS05310	HPG27_RS05595	HPB8_RS01760
HPP12_RS05565	HP1126	HELPY_RS05315	HPG27_RS05600	HPB8_RS01755
HPP12_RS05570	-	HELPY_RS05320	HPG27_RS05605	HPB8_RS01750
HPP12_RS05575	HP1129	HELPY_RS05325	HPG27_RS05610	HPB8_RS01745
HPP12_RS05580	HP1130	HELPY_RS05330	HPG27_RS05615	HPB8_RS01740
HPP12_RS05585	HP1131	HELPY_RS05335	HPG27_RS05620	HPB8_RS01735
HPP12_RS05590	HP1132	HELPY_RS05340	HPG27_RS05625	HPB8_RS01730
HPP12_RS05595	HP1133	HELPY_RS05345	HPG27_RS05630	HPB8_RS01725
HPP12_RS05600	HP1134	HELPY_RS05350	HPG27_RS05635	HPB8_RS01720
HPP12_RS05605	HP1135	HELPY_RS05355	HPG27_RS05640	HPB8_RS01715
HPP12_RS05610	HP1136	HELPY_RS05360	HPG27_RS05645	HPB8_RS01710
HPP12_RS05615	HP1137	HELPY_RS05365	HPG27_RS05650	HPB8_RS01705
HPP12_RS05620	HP1138	HELPY_RS05370	HPG27_RS05655	HPB8_RS01700
HPP12_RS05625	HP1139	HELPY_RS05375	HPG27_RS05660	HPB8_RS01695
HPP12_RS05630	HP1140	HELPY_RS05380	HPG27_RS05665	HPB8_RS01690
HPP12_RS05635	HP1141	HELPY_RS05385	HPG27_RS05670	HPB8_RS01685
HPP12_RS05640	-	-	-	HPB8_RS01680
HPP12_RS05645	HP1143	HELPY_RS05395	HPG27_RS05680	HPB8_RS01675
HPP12_RS05650	-	HELPY_RS05400	HPG27_RS05685	HPB8_RS01670
HPP12_RS05670	-	HELPY_RS05415	HPG27_RS05700	-
HPP12_RS05675	HP1147	HELPY_RS05420	HPG27_RS05705	HPB8_RS01655
HPP12_RS05680	HP1148	HELPY_RS05425	HPG27_RS05710	HPB8_RS01650
HPP12_RS05685	HP1149	HELPY_RS05430	HPG27_RS05715	HPB8_RS01645
HPP12_RS05690	HP1150	HELPY_RS05435	HPG27_RS05720	HPB8_RS01640
HPP12_RS05695	HP1151	HELPY_RS05440	HPG27_RS05725	HPB8_RS01635
HPP12_RS05700	HP1152	HELPY_RS05445	HPG27_RS05730	HPB8_RS01630
HPP12_RS05705	HP1153	HELPY_RS05450	HPG27_RS05735	HPB8_RS01625
HPP12_RS05710	HP1154	HELPY_RS05455	HPG27_RS05740	HPB8_RS01620
HPP12_RS05715	HP1155	HELPY_RS05460	HPG27_RS05745	HPB8_RS01615
HPP12_RS05720	HP1156	HELPY_RS05465	HPG27_RS05750	HPB8_RS01610
HPP12_RS05725	HP1157	HELPY_RS05470	-	HPB8_RS01605
HPP12_RS05730	HP1158	HELPY_RS05475	HPG27_RS05760	HPB8_RS01600
HPP12_RS05735	HP1159	HELPY_RS05480	HPG27_RS05765	-
HPP12_RS05740	HP1160	HELPY_RS05485	HPG27_RS05770	HPB8_RS01590
HPP12_RS05745	HP1161	HELPY_RS05490	HPG27_RS05775	HPB8_RS01585
HPP12_RS05750	HP1162	HELPY_RS05495	HPG27_RS05780	HPB8_RS01580
HPP12_RS05755	HP1163	HELPY_RS05500	HPG27_RS05785	HPB8_RS01575
HPP12_RS05760	HP1164	HELPY_RS05505	HPG27_RS05790	HPB8_RS01570
HPP12_RS05765	HP1165	HELPY_RS05510	HPG27_RS05795	HPB8_RS01565
HPP12_RS05770	HP1166	HELPY_RS05515	HPG27_RS05800	HPB8_RS01560
HPP12_RS05775	HP1167	HELPY_RS05520	-	HPB8_RS01555
HPP12_RS05780	-	-	-	-
HPP12_RS05790	HP1169	HELPY_RS05530	HPG27_RS05815	HPB8_RS01545
HPP12_RS05795	HP1170	HELPY_RS05535	HPG27_RS05820	HPB8_RS01540
HPP12_RS05800	HP1171	HELPY_RS05540	HPG27_RS05825	HPB8_RS01535
HPP12_RS05805	HP1172	HELPY_RS05545	HPG27_RS05830	HPB8_RS01530
HPP12_RS05810	HP1173	HELPY_RS05550	HPG27_RS05835	HPB8_RS01525
HPP12_RS05815	HP1174	HELPY_RS05555	HPG27_RS05840	HPB8_RS01520
HPP12_RS05820	HP1175	HELPY_RS05560	HPG27_RS05845	HPB8_RS01515
HPP12_RS05825	HP1177	HELPY_RS05565	HPG27_RS05850	HPB8_RS04375
HPP12_RS05830	HP1178	HELPY_RS05570	HPG27_RS05855	HPB8_RS01495
HPP12_RS05835	HP1179	HELPY_RS05575	HPG27_RS05860	HPB8_RS01490
HPP12_RS05840	HP1180	HELPY_RS05580	HPG27_RS05865	HPB8_RS01485
HPP12_RS05850	HP1181	HELPY_RS05590	HPG27_RS05875	HPB8_RS01475
HPP12_RS05855	HP1182	HELPY_RS05595	HPG27_RS05880	HPB8_RS01470
HPP12_RS05860	HP1183	HELPY_RS05600	HPG27_RS05885	HPB8_RS01465
HPP12_RS05865	HP1184	HELPY_RS05605	HPG27_RS05890	HPB8_RS01460
HPP12_RS05870	HP1185	HELPY_RS05615	HPG27_RS05895	HPB8_RS01455
HPP12_RS05875	HP1186	HELPY_RS05620	HPG27_RS05900	HPB8_RS01450
HPP12_RS05880	HP0119	-	HPG27_RS05910	-
HPP12_RS05885	-	-	-	HPB8_RS01445
HPP12_RS05890	HP1189	HELPY_RS05630	HPG27_RS05925	HPB8_RS01440
HPP12_RS05895	HP1190	HELPY_RS05635	HPG27_RS05930	HPB8_RS01435
HPP12_RS05900	HP1191	HELPY_RS05640	HPG27_RS05935	HPB8_RS01430
HPP12_RS05905	HP1192	HELPY_RS05645	HPG27_RS05940	HPB8_RS01425
HPP12_RS05910	-	-	-	-
HPP12_RS05915	HP1193	HELPY_RS05650	HPG27_RS05945	HPB8_RS01420
HPP12_RS05920	HP1195	HELPY_RS05655	HPG27_RS05950	HPB8_RS01415
HPP12_RS05925	HP1196	HELPY_RS05660	HPG27_RS05955	HPB8_RS01410
HPP12_RS05930	HP1197	HELPY_RS05665	HPG27_RS05960	HPB8_RS01405
HPP12_RS05940	HP1198a	-	HPG27_RS05970	-
HPP12_RS05945	HP1199	HELPY_RS05675	HPG27_RS05975	HPB8_RS01395
HPP12_RS05950	HP1200	HELPY_RS05680	HPG27_RS05980	HPB8_RS01390
HPP12_RS05955	HP1201	HELPY_RS05685	HPG27_RS05985	HPB8_RS01385
HPP12_RS05960	HP1202	HELPY_RS05690	HPG27_RS05990	HPB8_RS01380
HPP12_RS05965	HP1203	HELPY_RS05695	HPG27_RS05995	HPB8_RS01375
HPP12_RS05970	HP1203a	HELPY_RS05700	HPG27_RS06000	HPB8_RS01370
HPP12_RS05985	HP1205	HELPY_RS05715	HPG27_RS06015	HPB8_RS01355
HPP12_RS06010	HP1206	HELPY_RS05740	HPG27_RS06040	HPB8_RS01330
HPP12_RS06015	HP1207	HELPY_RS05745	HPG27_RS06045	HPB8_RS01325
HPP12_RS06020	HP1208	HELPY_RS05750	HPG27_RS06050	HPB8_RS01320
HPP12_RS06030	HP1210	HELPY_RS05765	HPG27_RS06060	HPB8_RS01310
HPP12_RS06045	HP1212	HELPY_RS05780	HPG27_RS06075	HPB8_RS01295
HPP12_RS06050	-	-	-	-
HPP12_RS06055	HP1213	HELPY_RS05785	HPG27_RS06080	HPB8_RS01290
HPP12_RS06060	HP1214	HELPY_RS05790	HPG27_RS06085	HPB8_RS01285
HPP12_RS06065	-	HELPY_RS05795	HPG27_RS06090	HPB8_RS01280
HPP12_RS06070	HP1217	HELPY_RS05800	HPG27_RS06095	HPB8_RS01275
HPP12_RS06075	HP1218	HELPY_RS05805	HPG27_RS06100	HPB8_RS01270
HPP12_RS06080	HP1387a	-	-	HPB8_RS01260
HPP12_RS06085	HP1388	-	-	HPB8_RS01255
HPP12_RS06095	HP1220	HELPY_RS05815	HPG27_RS06110	HPB8_RS01245
HPP12_RS06100	HP1221	HELPY_RS05820	HPG27_RS06115	HPB8_RS01240
HPP12_RS06105	HP1222	HELPY_RS05825	HPG27_RS06120	HPB8_RS01235
HPP12_RS06110	HP1223	HELPY_RS05830	HPG27_RS06125	HPB8_RS01230
HPP12_RS06115	HP1224	HELPY_RS05835	HPG27_RS06130	HPB8_RS01225
HPP12_RS06120	HP1225	HELPY_RS05840	HPG27_RS06135	HPB8_RS01220
HPP12_RS06125	HP1226	HELPY_RS05845	HPG27_RS06140	HPB8_RS01215
HPP12_RS06130	HP1227	HELPY_RS05850	HPG27_RS06145	HPB8_RS01210
HPP12_RS06135	HP1228	HELPY_RS05855	HPG27_RS06150	HPB8_RS01205
HPP12_RS06140	HP1229	HELPY_RS05860	HPG27_RS06155	HPB8_RS01200
HPP12_RS06145	HP1230	HELPY_RS05865	HPG27_RS06160	HPB8_RS01195
HPP12_RS06150	HP1231	HELPY_RS05870	HPG27_RS06165	HPB8_RS01190
HPP12_RS06155	HP1232	HELPY_RS05875	HPG27_RS06170	HPB8_RS01185
HPP12_RS06160	HP1233	HELPY_RS05880	HPG27_RS06175	HPB8_RS01180
HPP12_RS06165	HP1234	HELPY_RS05885	HPG27_RS06180	-
HPP12_RS06170	HP1235	HELPY_RS05890	HPG27_RS06185	HPB8_RS01170
HPP12_RS06175	HP1236	HELPY_RS05895	HPG27_RS06190	HPB8_RS01165
HPP12_RS06180	HP1237	HELPY_RS05900	HPG27_RS06195	HPB8_RS01160
HPP12_RS06185	HP1238	HELPY_RS05905	HPG27_RS06200	HPB8_RS01155
HPP12_RS06190	-	HELPY_RS05910	-	HPB8_RS01150
HPP12_RS06195	-	-	-	-
HPP12_RS06200	HP1240	HELPY_RS05915	HPG27_RS06210	HPB8_RS01145
HPP12_RS06205	HP1241	HELPY_RS05920	-	HPB8_RS01140
HPP12_RS06210	HP1242	HELPY_RS05925	HPG27_RS06220	HPB8_RS01135
HPP12_RS06215	HP0896	-	-	-
HPP12_RS06220	HP1244	HELPY_RS05935	HPG27_RS06235	HPB8_RS01125
HPP12_RS06225	HP1245	HELPY_RS05940	HPG27_RS06240	HPB8_RS01120
HPP12_RS06230	HP1246	HELPY_RS05945	HPG27_RS06245	HPB8_RS01115
HPP12_RS06235	HP1247	HELPY_RS05955	HPG27_RS06250	HPB8_RS01110
HPP12_RS06240	HP1248	HELPY_RS05960	HPG27_RS06255	-
HPP12_RS06245	HP1249	HELPY_RS05965	HPG27_RS06260	HPB8_RS01100
HPP12_RS06250	HP1250	HELPY_RS05970	HPG27_RS06265	HPB8_RS01095
HPP12_RS06255	HP1251	HELPY_RS05975	HPG27_RS06270	HPB8_RS01090
HPP12_RS06260	HP1252	HELPY_RS05980	-	HPB8_RS01085
HPP12_RS06265	HP1253	HELPY_RS05985	HPG27_RS06280	HPB8_RS01080
HPP12_RS06270	HP1254	HELPY_RS05990	HPG27_RS06285	HPB8_RS01075
HPP12_RS06275	HP1255	HELPY_RS05995	HPG27_RS06290	HPB8_RS01070
HPP12_RS06280	HP1256	HELPY_RS06000	HPG27_RS06295	HPB8_RS01065
HPP12_RS06285	HP1257	HELPY_RS06005	HPG27_RS06300	HPB8_RS01060
HPP12_RS06290	HP1258	HELPY_RS06010	HPG27_RS06305	HPB8_RS01055
HPP12_RS06295	-	HELPY_RS06015	HPG27_RS06310	HPB8_RS01050
HPP12_RS06300	HP1260	HELPY_RS06020	HPG27_RS06315	HPB8_RS01045
HPP12_RS06305	HP1261	HELPY_RS06025	HPG27_RS06320	HPB8_RS01040
HPP12_RS06310	HP1262	HELPY_RS06030	HPG27_RS06325	HPB8_RS01035
HPP12_RS06315	HP1263	HELPY_RS06035	HPG27_RS06330	HPB8_RS01030
HPP12_RS06320	HP1264	HELPY_RS06040	HPG27_RS06335	HPB8_RS01025
HPP12_RS06325	HP1265	HELPY_RS06045	HPG27_RS06340	HPB8_RS01020
HPP12_RS06330	HP1266	HELPY_RS06050	HPG27_RS06345	HPB8_RS01015
HPP12_RS06335	HP1267	HELPY_RS06055	HPG27_RS06350	HPB8_RS01010
HPP12_RS06340	HP1268	HELPY_RS06060	HPG27_RS06355	HPB8_RS01005
HPP12_RS06345	HP1269	HELPY_RS06065	HPG27_RS06360	HPB8_RS01000
HPP12_RS06350	HP1270	HELPY_RS06070	HPG27_RS06365	HPB8_RS00995
HPP12_RS06355	HP1271	HELPY_RS06075	HPG27_RS06370	HPB8_RS00990
HPP12_RS06360	HP1272	HELPY_RS06080	-	HPB8_RS00985
HPP12_RS06365	HP1273	HELPY_RS06085	HPG27_RS06380	HPB8_RS00980
HPP12_RS06370	HP1274	HELPY_RS06090	HPG27_RS06385	HPB8_RS00975
HPP12_RS06375	HP1275	HELPY_RS06095	HPG27_RS06390	HPB8_RS00970
HPP12_RS06385	HP1277	HELPY_RS06105	HPG27_RS06405	HPB8_RS00960
HPP12_RS06390	HP1278	HELPY_RS06110	HPG27_RS06410	HPB8_RS00955
HPP12_RS06395	HP1279	HELPY_RS06115	HPG27_RS06415	HPB8_RS00950
HPP12_RS06400	HP1280	HELPY_RS06120	HPG27_RS06420	HPB8_RS00945
HPP12_RS06405	HP1281	HELPY_RS06125	HPG27_RS06425	HPB8_RS00940
HPP12_RS06410	HP1282	HELPY_RS06130	HPG27_RS06430	HPB8_RS00935
HPP12_RS06415	HP1283	HELPY_RS06515	HPG27_RS06465	-
HPP12_RS06420	HP1284	HELPY_RS06135	HPG27_RS06470	HPB8_RS00930
HPP12_RS06425	HP1285	HELPY_RS06140	HPG27_RS06475	HPB8_RS00925
HPP12_RS06440	HP1288	-	-	HPB8_RS00910
HPP12_RS06445	HP1289	HELPY_RS06160	HPG27_RS03305	HPB8_RS00905
HPP12_RS06450	HP1290	HELPY_RS06165	HPG27_RS06490	HPB8_RS00900
HPP12_RS06455	HP1291	HELPY_RS06170	HPG27_RS06495	HPB8_RS00895
HPP12_RS06460	HP1292	HELPY_RS06175	HPG27_RS06500	HPB8_RS00890
HPP12_RS06465	HP1293	HELPY_RS06180	-	HPB8_RS00885
HPP12_RS06470	HP1294	HELPY_RS06185	HPG27_RS06510	HPB8_RS00880
HPP12_RS06475	HP1295	HELPY_RS06190	HPG27_RS06515	HPB8_RS00875
HPP12_RS06480	HP1296	HELPY_RS06195	HPG27_RS06520	HPB8_RS00870
HPP12_RS06485	HP1297	HELPY_RS06200	HPG27_RS06525	HPB8_RS00865
HPP12_RS06490	HP1298	HELPY_RS06205	HPG27_RS06530	HPB8_RS00860
HPP12_RS06495	HP1299	HELPY_RS06210	HPG27_RS06535	HPB8_RS00855
HPP12_RS06500	HP1300	HELPY_RS06215	HPG27_RS06540	HPB8_RS00850
HPP12_RS06505	HP1301	HELPY_RS06220	HPG27_RS06545	HPB8_RS00845
HPP12_RS06510	HP1302	HELPY_RS06225	HPG27_RS06550	HPB8_RS00840
HPP12_RS06515	HP1303	HELPY_RS06230	HPG27_RS06555	HPB8_RS00835
HPP12_RS06520	HP1304	HELPY_RS06235	HPG27_RS06560	HPB8_RS00830
HPP12_RS06525	HP1305	HELPY_RS06240	HPG27_RS06565	HPB8_RS00825
HPP12_RS06535	HP1307	HELPY_RS06250	HPG27_RS06575	HPB8_RS00815
HPP12_RS06540	HP1308	HELPY_RS06255	HPG27_RS06580	HPB8_RS00810
HPP12_RS06545	HP1309	HELPY_RS06260	HPG27_RS06585	HPB8_RS00805
HPP12_RS06550	HP1310	HELPY_RS06265	HPG27_RS06590	HPB8_RS00800
HPP12_RS06555	HP1311	HELPY_RS06270	HPG27_RS06595	HPB8_RS00795
HPP12_RS06560	HP1312	HELPY_RS06275	HPG27_RS06600	HPB8_RS00790
HPP12_RS06565	HP1313	HELPY_RS06280	HPG27_RS06605	HPB8_RS00785
HPP12_RS06570	HP1314	HELPY_RS06285	HPG27_RS06610	HPB8_RS00780
HPP12_RS06575	HP1315	HELPY_RS06290	HPG27_RS06615	HPB8_RS00775
HPP12_RS06580	HP1316	HELPY_RS06295	HPG27_RS06620	HPB8_RS00770
HPP12_RS06585	HP1317	HELPY_RS06300	HPG27_RS06625	HPB8_RS00765
HPP12_RS06590	HP1318	HELPY_RS06305	HPG27_RS06630	HPB8_RS00760
HPP12_RS06595	HP1319	HELPY_RS06310	HPG27_RS06635	HPB8_RS00755
HPP12_RS06600	HP1320	HELPY_RS06315	HPG27_RS06640	HPB8_RS00750
HPP12_RS06605	HP1321	HELPY_RS06320	HPG27_RS06645	HPB8_RS00745
HPP12_RS06610	HP1322	HELPY_RS06325	HPG27_RS06650	HPB8_RS00740
HPP12_RS06615	HP1323	HELPY_RS06330	HPG27_RS06655	HPB8_RS00735
HPP12_RS06625	HP1325	HELPY_RS06340	HPG27_RS06665	HPB8_RS00725
HPP12_RS06630	HP1326	HELPY_RS06345	HPG27_RS06670	HPB8_RS00720
HPP12_RS06635	HP1327	HELPY_RS06350	HPG27_RS06675	HPB8_RS00715
HPP12_RS06640	HP1328	HELPY_RS06355	HPG27_RS06680	HPB8_RS00710
HPP12_RS06645	HP1329	HELPY_RS06360	HPG27_RS06685	HPB8_RS00705
HPP12_RS06650	HP1330	HELPY_RS06365	HPG27_RS06690	HPB8_RS00700
HPP12_RS06655	HP1331	HELPY_RS06370	HPG27_RS06695	HPB8_RS00695
HPP12_RS06660	HP1332	HELPY_RS06375	HPG27_RS06700	HPB8_RS00690
HPP12_RS06665	HP1333	HELPY_RS06380	HPG27_RS06705	HPB8_RS00685
HPP12_RS06670	HP1335	HELPY_RS06385	HPG27_RS06715	HPB8_RS00680
HPP12_RS06675	HP1336	HELPY_RS06390	HPG27_RS06720	HPB8_RS00675
HPP12_RS06680	HP1337	HELPY_RS06395	HPG27_RS06725	HPB8_RS00670
HPP12_RS06685	HP1338	HELPY_RS06400	HPG27_RS06730	HPB8_RS00665
HPP12_RS06690	HP1339	HELPY_RS06405	HPG27_RS06735	HPB8_RS00660
HPP12_RS06695	HP1340	HELPY_RS06410	HPG27_RS06740	HPB8_RS00655
HPP12_RS06700	HP1341	HELPY_RS06415	HPG27_RS06745	HPB8_RS00650
HPP12_RS06705	HP1342	HELPY_RS06420	HPG27_RS01135	HPB8_RS00645
HPP12_RS06710	HP1343	HELPY_RS06425	HPG27_RS06755	HPB8_RS00640
HPP12_RS06715	HP1344	HELPY_RS06430	HPG27_RS06760	HPB8_RS00635
HPP12_RS06720	HP1345	HELPY_RS06435	HPG27_RS06765	HPB8_RS00630
HPP12_RS06725	HP1346	HELPY_RS06440	HPG27_RS06770	HPB8_RS00625
HPP12_RS06730	HP1347	HELPY_RS06445	HPG27_RS06775	HPB8_RS00620
HPP12_RS06735	HP1348	HELPY_RS06450	HPG27_RS06780	HPB8_RS00615
HPP12_RS06740	HP1349	HELPY_RS06455	HPG27_RS06785	HPB8_RS00610
HPP12_RS06745	HP1350	HELPY_RS06460	HPG27_RS06790	HPB8_RS00605
HPP12_RS06750	HP1351	HELPY_RS06520	HPG27_RS06795	HPB8_RS00600
HPP12_RS06770	-	-	HPG27_RS04985	HPB8_RS02645
HPP12_RS06775	HP0456a	-	-	HPB8_RS02640
HPP12_RS06780	HP0456	-	-	HPB8_RS02635
HPP12_RS06785	-	-	-	HPB8_RS02630
HPP12_RS06790	HP0457	-	-	HPB8_RS02625
HPP12_RS06795	HP0458	-	-	HPB8_RS02620
HPP12_RS06800	HP0459	-	-	HPB8_RS02615
HPP12_RS06805	-	-	-	HPB8_RS02610
HPP12_RS06810	-	-	-	HPB8_RS02605
HPP12_RS06815	-	-	-	HPB8_RS02600
HPP12_RS06820	-	-	-	HPB8_RS02595
HPP12_RS06830	-	-	-	HPB8_RS02585
HPP12_RS06835	-	-	-	HPB8_RS02580
HPP12_RS06840	-	-	-	HPB8_RS02575
HPP12_RS06845	-	-	-	HPB8_RS02570
HPP12_RS06850	-	-	-	HPB8_RS02565
HPP12_RS06860	-	-	-	HPB8_RS02555
HPP12_RS06865	-	-	-	HPB8_RS02550
HPP12_RS06870	-	-	-	HPB8_RS02545
HPP12_RS06875	-	-	-	HPB8_RS02540
HPP12_RS06880	-	-	-	HPB8_RS02510
HPP12_RS06885	-	-	-	HPB8_RS02505
HPP12_RS06890	-	-	-	-
HPP12_RS06895	-	-	-	-
HPP12_RS06900	-	-	-	-
HPP12_RS06905	HP0993	-	-	HPB8_RS02495
HPP12_RS06910	HP0994	-	-	HPB8_RS02490
HPP12_RS06920	HP0996	-	-	-
HPP12_RS06925	-	HELPY_RS06535	-	-
HPP12_RS06930	HP1355	HELPY_RS06540	HPG27_RS06810	HPB8_RS07245
HPP12_RS06935	HP1356	HELPY_RS06545	HPG27_RS06815	HPB8_RS07250
HPP12_RS06940	HP1357	HELPY_RS06550	HPG27_RS06820	HPB8_RS07255
HPP12_RS06945	HP1358	HELPY_RS06555	HPG27_RS06825	HPB8_RS07260
HPP12_RS06950	HP1359	HELPY_RS06560	HPG27_RS06830	HPB8_RS07265
HPP12_RS06955	HP1360	HELPY_RS06565	-	HPB8_RS07270
HPP12_RS06960	HP1361	HELPY_RS06570	HPG27_RS06840	HPB8_RS07275
HPP12_RS06965	HP1362	HELPY_RS06575	HPG27_RS06845	HPB8_RS07280
HPP12_RS06970	HP1363	HELPY_RS06580	HPG27_RS06850	HPB8_RS07285
HPP12_RS06975	HP1364	HELPY_RS06585	HPG27_RS06855	HPB8_RS07290
HPP12_RS06980	HP1365	HELPY_RS06590	HPG27_RS06860	HPB8_RS07295
HPP12_RS06985	HP1369m	-	HPG27_RS02885	-
HPP12_RS06990	HP1371	HELPY_RS06600	HPG27_RS06870	HPB8_RS07305
HPP12_RS06995	HP1372	HELPY_RS06605	HPG27_RS06875	HPB8_RS07310
HPP12_RS07000	HP1373	HELPY_RS06610	HPG27_RS06880	HPB8_RS07315
HPP12_RS07005	HP1374	HELPY_RS06615	HPG27_RS06885	HPB8_RS07320
HPP12_RS07010	HP1375	HELPY_RS06620	HPG27_RS06890	HPB8_RS07325
HPP12_RS07015	HP1376	HELPY_RS06625	HPG27_RS06895	HPB8_RS07330
HPP12_RS07020	HP1377	HELPY_RS06630	HPG27_RS06900	HPB8_RS07335
HPP12_RS07025	HP1378	HELPY_RS06635	HPG27_RS06905	HPB8_RS07340
HPP12_RS07030	HP1379	HELPY_RS06640	HPG27_RS06910	HPB8_RS07345
HPP12_RS07035	HP1380	HELPY_RS06645	HPG27_RS06915	HPB8_RS07350
HPP12_RS07045	HP1382	HELPY_RS06655	HPG27_RS06925	HPB8_RS07355
HPP12_RS07050	-	HELPY_RS06660	HPG27_RS06930	HPB8_RS07360
HPP12_RS07060	HP1406	HELPY_RS06670	HPG27_RS06940	HPB8_RS07370
HPP12_RS07065	HP1407	HELPY_RS06675	HPG27_RS06945	HPB8_RS07375
HPP12_RS07080	-	HELPY_RS06695	HPG27_RS06975	HPB8_RS02275
HPP12_RS07085	-	-	HPG27_RS06980	HPB8_RS02270
HPP12_RS07095	HP1413	HELPY_RS06710	HPG27_RS06990	HPB8_RS07425
HPP12_RS07100	HP1414	HELPY_RS06715	HPG27_RS06995	HPB8_RS07430
HPP12_RS07105	HP1415	HELPY_RS06720	HPG27_RS07000	HPB8_RS07435
HPP12_RS07110	HP1416	HELPY_RS06725	HPG27_RS07005	HPB8_RS07440
HPP12_RS07115	-	-	-	-
HPP12_RS07120	-	-	-	-
HPP12_RS07125	HP1418	HELPY_RS06740	HPG27_RS07020	HPB8_RS00590
HPP12_RS07130	HP1419	HELPY_RS06745	HPG27_RS07025	HPB8_RS00585
HPP12_RS07135	HP1420	HELPY_RS06750	HPG27_RS07030	HPB8_RS00580
HPP12_RS07140	HP1421	HELPY_RS06755	HPG27_RS07035	HPB8_RS00575
HPP12_RS07145	HP1422	HELPY_RS06760	HPG27_RS07040	HPB8_RS00570
HPP12_RS07150	HP1423	HELPY_RS06765	HPG27_RS07045	HPB8_RS00565
HPP12_RS07155	HP1424	HELPY_RS06770	HPG27_RS07050	HPB8_RS00560
HPP12_RS07170	HP1428	HELPY_RS06785	HPG27_RS07060	HPB8_RS00540
HPP12_RS07175	HP1429	HELPY_RS06790	HPG27_RS07065	HPB8_RS00535
HPP12_RS07180	HP1430	HELPY_RS06795	HPG27_RS07070	HPB8_RS00530
HPP12_RS07185	HP1431	HELPY_RS06800	HPG27_RS07075	HPB8_RS00525
HPP12_RS07190	-	HELPY_RS06805	HPG27_RS07080	HPB8_RS00520
HPP12_RS07195	-	-	HPG27_RS07085	-
HPP12_RS07200	HP1433	-	HPG27_RS07090	-
HPP12_RS07205	HP1434	HELPY_RS06815	HPG27_RS07095	HPB8_RS00510
HPP12_RS07210	HP1435	HELPY_RS06820	HPG27_RS07100	HPB8_RS00505
HPP12_RS07215	HP1436	HELPY_RS06825	HPG27_RS07105	HPB8_RS00500
HPP12_RS07235	-	-	-	-
HPP12_RS07250	HP1440	HELPY_RS06850	HPG27_RS07135	HPB8_RS00470
HPP12_RS07255	HP1441	HELPY_RS06855	HPG27_RS07140	HPB8_RS00465
HPP12_RS07260	HP1442	HELPY_RS06860	HPG27_RS07145	HPB8_RS00460
HPP12_RS07265	HP1443	HELPY_RS06865	HPG27_RS07150	HPB8_RS00455
HPP12_RS07270	HP1444	HELPY_RS06870	HPG27_RS07155	HPB8_RS00450
HPP12_RS07275	HP1445	HELPY_RS06875	HPG27_RS07160	HPB8_RS00445
HPP12_RS07280	HP1446	HELPY_RS06880	HPG27_RS07165	HPB8_RS00440
HPP12_RS07285	HP1447	HELPY_RS06885	HPG27_RS07170	HPB8_RS00435
HPP12_RS07290	HP1448	HELPY_RS06890	-	HPB8_RS00430
HPP12_RS07295	HP1449	HELPY_RS06895	HPG27_RS07180	HPB8_RS00425
HPP12_RS07300	HP1450	HELPY_RS06900	HPG27_RS07185	HPB8_RS00420
HPP12_RS07305	HP1451	HELPY_RS06905	HPG27_RS07190	HPB8_RS00415
HPP12_RS07310	HP1452	HELPY_RS06910	HPG27_RS07195	HPB8_RS00410
HPP12_RS07315	HP1453	HELPY_RS06915	HPG27_RS07200	HPB8_RS00405
HPP12_RS07320	-	HELPY_RS06920	HPG27_RS07205	HPB8_RS00400
HPP12_RS07325	HP1454	HELPY_RS06925	HPG27_RS07210	HPB8_RS00395
HPP12_RS07330	HP1455	HELPY_RS06930	HPG27_RS07215	HPB8_RS00390
HPP12_RS07335	HP1456	HELPY_RS06935	HPG27_RS07220	HPB8_RS00385
HPP12_RS07340	HP1457	HELPY_RS06940	HPG27_RS07225	HPB8_RS00380
HPP12_RS07345	HP1458	HELPY_RS06945	HPG27_RS07230	HPB8_RS00375
HPP12_RS07350	HP1459	HELPY_RS06950	HPG27_RS07235	HPB8_RS00370
HPP12_RS07355	HP1460	HELPY_RS06955	HPG27_RS07240	HPB8_RS00365
HPP12_RS07360	HP1461	HELPY_RS06960	HPG27_RS07245	HPB8_RS00360
HPP12_RS07365	HP1462	HELPY_RS06965	HPG27_RS07250	HPB8_RS00355
HPP12_RS07370	HP1463	HELPY_RS06970	HPG27_RS07255	HPB8_RS00350
HPP12_RS07375	HP1464	HELPY_RS06975	HPG27_RS07260	HPB8_RS00345
HPP12_RS07380	HP1465	HELPY_RS06980	HPG27_RS07265	HPB8_RS00340
HPP12_RS07385	HP1466	HELPY_RS06985	HPG27_RS07270	HPB8_RS00335
HPP12_RS07390	HP1467	HELPY_RS06990	HPG27_RS07275	HPB8_RS00330
HPP12_RS07395	HP1468	HELPY_RS06995	HPG27_RS07280	HPB8_RS00325
HPP12_RS07400	HP1469	HELPY_RS07000	HPG27_RS07285	HPB8_RS00320
HPP12_RS07405	HP1470	HELPY_RS07005	HPG27_RS07290	HPB8_RS00315
HPP12_RS07410	HP1471	HELPY_RS07010	HPG27_RS07295	HPB8_RS00305
HPP12_RS07415	HP1472	HELPY_RS07020	HPG27_RS07300	HPB8_RS00300
HPP12_RS07420	HP1473	HELPY_RS07025	HPG27_RS07305	HPB8_RS00295
HPP12_RS07425	HP1474	HELPY_RS07030	HPG27_RS07310	HPB8_RS00290
HPP12_RS07430	HP1475	HELPY_RS07035	HPG27_RS07315	HPB8_RS00285
HPP12_RS07435	HP1476	HELPY_RS07040	HPG27_RS07320	HPB8_RS00280
HPP12_RS07440	HP1477	HELPY_RS07045	HPG27_RS07325	HPB8_RS00275
HPP12_RS07445	HP1478	HELPY_RS07050	HPG27_RS07330	HPB8_RS00270
HPP12_RS07450	HP1479	HELPY_RS07055	HPG27_RS07335	HPB8_RS00265
HPP12_RS07455	HP1480	HELPY_RS07060	HPG27_RS07340	HPB8_RS00260
HPP12_RS07465	HP1482	HELPY_RS07070	HPG27_RS07350	HPB8_RS00250
HPP12_RS07470	HP1483	HELPY_RS07075	HPG27_RS07355	HPB8_RS00245
HPP12_RS07475	HP1484	HELPY_RS07080	HPG27_RS07360	HPB8_RS00240
HPP12_RS07480	HP1485	HELPY_RS07085	HPG27_RS07365	HPB8_RS00235
HPP12_RS07485	HP1486	HELPY_RS07090	HPG27_RS07370	HPB8_RS00230
HPP12_RS07490	HP1487	HELPY_RS07095	HPG27_RS07375	HPB8_RS00225
HPP12_RS07495	HP1488	HELPY_RS07100	HPG27_RS07380	HPB8_RS00220
HPP12_RS07500	HP1489	HELPY_RS07105	HPG27_RS07385	HPB8_RS00215
HPP12_RS07505	HP1490	HELPY_RS07110	HPG27_RS07390	HPB8_RS00210
HPP12_RS07510	HP1491	HELPY_RS07115	HPG27_RS07395	HPB8_RS00205
HPP12_RS07515	HP1492	HELPY_RS07120	HPG27_RS07400	HPB8_RS00200
HPP12_RS07520	HP1493	HELPY_RS07125	HPG27_RS07405	HPB8_RS00195
HPP12_RS07525	HP1494	HELPY_RS07130	HPG27_RS07410	HPB8_RS00190
HPP12_RS07530	HP1495	HELPY_RS07135	HPG27_RS07415	HPB8_RS00185
HPP12_RS07535	HP1496	HELPY_RS07140	HPG27_RS07420	HPB8_RS00180
HPP12_RS07540	HP1497	HELPY_RS07145	HPG27_RS07425	HPB8_RS00175
HPP12_RS07545	HP1498	HELPY_RS07150	HPG27_RS07430	HPB8_RS00170
HPP12_RS07550	HP1499	HELPY_RS07155	-	-
HPP12_RS07560	HP1501	HELPY_RS07165	HPG27_RS07450	HPB8_RS00150
HPP12_RS07565	HP1502	HELPY_RS07170	HPG27_RS07455	HPB8_RS00145
HPP12_RS07570	HP1503	HELPY_RS07175	-	HPB8_RS00140
HPP12_RS07575	HP1504	HELPY_RS07180	HPG27_RS07465	HPB8_RS00135
HPP12_RS07580	HP1505	HELPY_RS07185	HPG27_RS07470	HPB8_RS00130
HPP12_RS07585	HP1506	HELPY_RS07190	HPG27_RS07475	HPB8_RS00125
HPP12_RS07590	HP1507	HELPY_RS07195	HPG27_RS07480	HPB8_RS00120
HPP12_RS07595	HP1508	HELPY_RS07200	HPG27_RS07485	HPB8_RS00115
HPP12_RS07600	HP1509	HELPY_RS07205	HPG27_RS07490	HPB8_RS00110
HPP12_RS07605	HP1510	HELPY_RS07210	HPG27_RS07495	HPB8_RS00105
HPP12_RS07610	HP1511	HELPY_RS07215	HPG27_RS07500	HPB8_RS00100
HPP12_RS07615	HP1512	HELPY_RS07220	HPG27_RS07505	HPB8_RS00095
HPP12_RS07620	HP1513	HELPY_RS07225	HPG27_RS07510	HPB8_RS00090
HPP12_RS07625	HP1514	HELPY_RS07230	HPG27_RS07515	HPB8_RS00085
HPP12_RS07630	-	-	-	-
HPP12_RS07635	-	-	-	-
HPP12_RS07640	-	-	HPG27_RS07530	HPB8_RS00070
HPP12_RS07645	HP1517	HELPY_RS07245	HPG27_RS07535	-
HPP12_RS07655	HP1521	HELPY_RS07255	-	HPB8_RS00060
HPP12_RS07660	-	HELPY_RS07265	HPG27_RS07550	HPB8_RS00050
HPP12_RS07665	HP1523	HELPY_RS07270	HPG27_RS07555	HPB8_RS00045
HPP12_RS07670	HP1524	HELPY_RS07275	HPG27_RS07560	HPB8_RS00040
HPP12_RS07675	HP1525	HELPY_RS07280	HPG27_RS07565	HPB8_RS00035
HPP12_RS07680	HP1526	HELPY_RS07285	HPG27_RS07570	HPB8_RS00030
HPP12_RS07690	HP1527	HELPY_RS07295	HPG27_RS07580	HPB8_RS00020
HPP12_RS07695	-	HELPY_RS07300	-	HPB8_RS00015
HPP12_RS07700	HP1529	HELPY_RS07305	HPG27_RS07585	HPB8_RS00010
HPP12_RS07705	HP1530	HELPY_RS07310	HPG27_RS07590	HPB8_RS00005
HPP12_RS07710	HP1531	HELPY_RS07315	HPG27_RS07595	HPB8_RS08115
HPP12_RS07715	HP1532	HELPY_RS07320	HPG27_RS07600	HPB8_RS08110
HPP12_RS07720	HP1533	HELPY_RS07325	HPG27_RS07605	HPB8_RS08105
HPP12_RS07725	-	-	-	-
HPP12_RS07730	HP1383	HELPY_RS07330	-	HPB8_RS00515
HPP12_RS07735	HP1403	HELPY_RS07335	HPG27_RS07615	HPB8_RS08090
HPP12_RS07745	HP1401	HELPY_RS07345	HPG27_RS07625	HPB8_RS08080
HPP12_RS07755	HP1399	HELPY_RS07360	HPG27_RS07635	HPB8_RS08070
HPP12_RS07760	HP1398	HELPY_RS07365	HPG27_RS07640	HPB8_RS08065
HPP12_RS07770	HP1395	HELPY_RS07375	HPG27_RS07650	HPB8_RS08055
HPP12_RS07775	HP1394	HELPY_RS07380	HPG27_RS07655	HPB8_RS08050
HPP12_RS07780	HP1393	HELPY_RS07385	HPG27_RS07660	HPB8_RS08045
HPP12_RS07785	HP1392	HELPY_RS07390	HPG27_RS07665	HPB8_RS08040
HPP12_RS07790	HP1391	HELPY_RS07395	HPG27_RS07670	HPB8_RS08035
HPP12_RS07795	-	HELPY_RS07485	HPG27_RS07700	HPB8_RS08005
HPP12_RS07800	HP1384	HELPY_RS07480	HPG27_RS07695	HPB8_RS08010
HPP12_RS07805	HP1385	HELPY_RS07475	HPG27_RS07690	HPB8_RS08015
HPP12_RS07810	HP1386	HELPY_RS07470	HPG27_RS07685	HPB8_RS08020
HPP12_RS07815	HP1387	HELPY_RS07465	HPG27_RS07680	HPB8_RS08025
HPP12_RS07820	-	-	-	-
HPP12_RS07825	HP1555	HELPY_RS07580	HPG27_RS07795	HPB8_RS07995
HPP12_RS07830	HP1554	HELPY_RS07575	HPG27_RS07790	HPB8_RS07990
HPP12_RS07835	HP1553	HELPY_RS07570	HPG27_RS07785	HPB8_RS07985
HPP12_RS07840	HP1552	HELPY_RS07565	HPG27_RS07780	HPB8_RS07980
HPP12_RS07845	HP1551	HELPY_RS07560	HPG27_RS07775	HPB8_RS07975
HPP12_RS07850	HP1550	HELPY_RS07555	HPG27_RS07770	HPB8_RS07970
HPP12_RS07855	HP1549	HELPY_RS07550	HPG27_RS07765	HPB8_RS07965
HPP12_RS07860	HP1548	HELPY_RS07545	HPG27_RS07760	HPB8_RS07960
HPP12_RS07865	HP1547	HELPY_RS07540	HPG27_RS07755	HPB8_RS07955
HPP12_RS07870	HP1546	HELPY_RS07535	HPG27_RS07750	HPB8_RS07950
HPP12_RS07875	HP1545	HELPY_RS07530	HPG27_RS07745	HPB8_RS07945
HPP12_RS07880	HP1544	HELPY_RS07525	HPG27_RS07740	HPB8_RS07940
HPP12_RS07885	HP1543	HELPY_RS07520	HPG27_RS07735	HPB8_RS07935
HPP12_RS07890	HP1542	HELPY_RS07515	HPG27_RS07730	HPB8_RS07930
HPP12_RS07895	HP1541	HELPY_RS07510	HPG27_RS07725	HPB8_RS07925
HPP12_RS07900	HP1540	HELPY_RS07505	HPG27_RS07720	HPB8_RS07920
HPP12_RS07905	HP1539	HELPY_RS07500	HPG27_RS07715	HPB8_RS07915
HPP12_RS07910	HP1538	HELPY_RS07495	HPG27_RS07710	HPB8_RS07910
HPP12_RS07920	-	-	-	HPB8_RS05665
HPP12_RS07925	HP1556	HELPY_RS07585	HPG27_RS07800	HPB8_RS07895
HPP12_RS07930	HP1557	HELPY_RS07590	HPG27_RS07805	HPB8_RS07890
HPP12_RS07935	HP1558	HELPY_RS07595	HPG27_RS07810	HPB8_RS07885
HPP12_RS07940	HP1559	HELPY_RS07600	HPG27_RS07815	HPB8_RS07880
HPP12_RS07945	HP1560	HELPY_RS07605	HPG27_RS07820	HPB8_RS07875
HPP12_RS07950	HP1562	HELPY_RS07610	HPG27_RS07825	HPB8_RS07865
HPP12_RS07955	HP1563	HELPY_RS07615	HPG27_RS07830	HPB8_RS07860
HPP12_RS07960	HP1564	HELPY_RS07620	HPG27_RS07835	HPB8_RS07850
HPP12_RS07965	HP1565	HELPY_RS07625	HPG27_RS07845	HPB8_RS07845
HPP12_RS07975	HP1567	HELPY_RS07635	HPG27_RS07855	HPB8_RS07835
HPP12_RS07980	HP1568	HELPY_RS07640	HPG27_RS07860	HPB8_RS07830
HPP12_RS07985	HP1569	HELPY_RS07645	HPG27_RS07865	HPB8_RS07825
HPP12_RS07990	HP1570	HELPY_RS07650	HPG27_RS07870	HPB8_RS07820
HPP12_RS07995	HP1571	HELPY_RS07655	HPG27_RS07875	HPB8_RS07815
HPP12_RS08000	HP1572	HELPY_RS07660	HPG27_RS07880	HPB8_RS07810
HPP12_RS08005	HP1573	HELPY_RS07665	HPG27_RS07885	HPB8_RS07805
HPP12_RS08010	HP1574	HELPY_RS07670	HPG27_RS07890	HPB8_RS07800
HPP12_RS08015	HP1575	HELPY_RS07675	HPG27_RS07895	HPB8_RS07795
HPP12_RS08020	HP1576	HELPY_RS07680	HPG27_RS07900	HPB8_RS07790
HPP12_RS08025	HP1577	HELPY_RS07685	HPG27_RS07905	HPB8_RS07785
HPP12_RS08030	HP1578	HELPY_RS07690	HPG27_RS07910	-
HPP12_RS08035	HP1579	HELPY_RS07695	HPG27_RS07915	HPB8_RS07780
HPP12_RS08040	HP1580	HELPY_RS07700	HPG27_RS07920	HPB8_RS07775
HPP12_RS08045	HP1581	HELPY_RS07705	HPG27_RS07925	HPB8_RS07770
HPP12_RS08050	HP1582	HELPY_RS07710	HPG27_RS07930	HPB8_RS07765
HPP12_RS08055	HP1583	HELPY_RS07715	HPG27_RS07935	HPB8_RS07760
HPP12_RS08060	HP1584	HELPY_RS07720	HPG27_RS07940	HPB8_RS07755
HPP12_RS08065	HP1585	HELPY_RS07725	HPG27_RS07945	HPB8_RS07750
HPP12_RS08070	-	-	-	HPB8_RS07740
HPP12_RS08080	-	HELPY_RS07735	HPG27_RS07960	HPB8_RS07730
HPP12_RS08085	HP1588	HELPY_RS07740	HPG27_RS07965	HPB8_RS07725
HPP12_RS08165	-	-	HPG27_RS04730	-
HPP12_RS08170	HP0453	-	-	-
HPP12_RS08175	-	-	HPG27_RS06805	HPB8_RS04130
HPP12_RS08180	-	-	-	HPB8_RS02525
HPP12_RS08185	-	-	-	-
-	HP0043	HELPY_RS00235	HPG27_RS00225	HPB8_RS07480
HPP12_RS00280	HP0054	-	-	HPB8_RS07195
-	HP0060	-	-	HPB8_RS07165
-	HP0063	HELPY_RS00320	-	HPB8_RS07150
HPP12_RS00345	HP0066	HELPY_RS00340	-	-
-	HP0091	-	-	-
-	HP0108	HELPY_RS00560	-	HPB8_RS06915
-	HP0118	-	-	-
HPP12_RS00630	HP0120	-	HPG27_RS00615	-
-	HP0131	-	-	-
-	HP0222	-	HPG27_RS01115	HPB8_RS06365
-	HP0251	-	HPG27_RS01260	HPB8_RS06220
-	HP0272	HELPY_RS01375	-	HPB8_RS06110
-	HP0315	-	-	-
-	HP0316	-	HPG27_RS04370	-
-	HP0317	-	HPG27_RS04375	-
-	HP0342	HELPY_RS01710	-	-
-	HP0356	HELPY_RS01775	HPG27_RS01785	HPB8_RS05745
-	HP0370	HELPY_RS05085	HPG27_RS05360	HPB8_RS01985
-	HP0379	-	-	-
-	HP0382	HELPY_RS05025	HPG27_RS05300	HPB8_RS02045
-	HP0440	-	HPG27_RS05010	HPB8_RS02340
-	HP0441	-	-	HPB8_RS02335
-	HP0444	-	-	HPB8_RS02315
HPP12_RS02425	HP0446	-	HPG27_RS04985	HPB8_RS02645
-	HP0447	-	HPG27_RS02660	HPB8_RS03540
-	HP0448	-	-	-
-	HP0449	HELPY_RS04750	-	-
-	HP0450	HELPY_RS04745	-	-
-	HP0451	HELPY_RS04740	-	-
HPP12_RS04975	HP0454	-	HPG27_RS04875	-
HPP12_RS02245	HP0462	-	HPG27_RS02205	HPB8_RS05310
-	HP0464	-	-	-
-	HP0477	HELPY_RS04385	HPG27_RS04510	HPB8_RS02985
-	HP0484	HELPY_RS02305	-	HPB8_RS05195
-	HP0489	HELPY_RS04175	HPG27_RS05525	HPB8_RS03205
-	HP0600	HELPY_RS03745	-	-
-	HP0613	-	HPG27_RS02980	HPB8_RS03850
HPP12_RS03335	HP0641	HELPY_RS03535	HPG27_RS03120	HPB8_RS03990
HPP12_RS03390	HP0651	HELPY_RS03485	HPG27_RS05315	-
-	HP0661	HELPY_RS03435	HPG27_RS03225	HPB8_RS04095
-	HP0695	-	-	-
HPP12_RS03730	HP0722	-	HPG27_RS03495	-
-	HP0725	HELPY_RS03115	HPG27_RS03510	HPB8_RS04390
-	HP0729	HELPY_RS03095	HPG27_RS03530	HPB8_RS04410
-	HP0743	-	-	-
-	HP0764	HELPY_RS02910	HPG27_RS03725	HPB8_RS04600
-	HP0765	HELPY_RS02905	-	HPB8_RS04605
-	HP0766	-	HPG27_RS03730	HPB8_RS04610
-	HP0789	-	-	-
HPP12_RS04045	HP0790	-	HPG27_RS04160	HPB8_RS04725
-	HP0801	HELPY_RS02715	HPG27_RS03910	HPB8_RS04780
-	HP0843	HELPY_RS02500	HPG27_RS04140	HPB8_RS04995
-	HP0844	HELPY_RS02495	HPG27_RS04145	HPB8_RS05000
-	HP0845	HELPY_RS02490	HPG27_RS04150	HPB8_RS05005
-	HP0846	-	HPG27_RS04155	HPB8_RS05010
-	HP0848	HELPY_RS02790	-	-
-	HP0849	-	-	-
-	HP0852	-	HPG27_RS04175	HPB8_RS05040
-	HP0855	-	-	-
-	HP0856	HELPY_RS02445	-	-
-	HP0878	-	-	-
-	HP0880	-	HPG27_RS04305	-
-	HP0881	-	-	-
-	HP0892	-	-	-
-	HP0893	HELPY_RS04240	HPG27_RS04360	-
HPP12_RS02330	HP0894	HELPY_RS04245	HPG27_RS01585	HPB8_RS03130
HPP12_RS04525	HP0895	HELPY_RS04250	-	HPB8_RS03125
HPP12_RS04565	HP0901	HELPY_RS04290	HPG27_RS04415	HPB8_RS03080
-	HP0903m	-	-	-
-	HP0916	-	-	-
HPP12_RS04660	HP0923	-	-	-
-	HP0938	HELPY_RS04460	-	HPB8_RS02910
-	HP0940	HELPY_RS04470	HPG27_RS04590	HPB8_RS02900
-	HP0944a	-	-	-
-	HP0962	-	-	-
-	HP0963	-	HPG27_RS04725	-
-	HP0964	-	HPG27_RS04730	-
-	HP0976	HELPY_RS04660	-	HPB8_RS02705
-	HP0980	-	-	-
-	HP0982	-	HPG27_RS04830	HPB8_RS02660
-	HP0985	-	-	-
-	HP0987	-	-	-
HPP12_RS02260	HP0995	-	HPG27_RS05130	HPB8_RS02485
HPP12_RS06920	HP0996	-	HPG27_RS05080	HPB8_RS02405
HPP12_RS02335	HP1006	-	HPG27_RS05065	HPB8_RS02565
-	HP1008	-	-	HPB8_RS02475
-	HP1021a	-	-	-
-	HP1074	-	-	-
-	HP1079	-	-	HPB8_RS05665
-	HP1094	-	-	-
-	HP1095	-	HPG27_RS04735	-
-	HP1097	-	-	-
HPP12_RS02550	HP1115	-	-	HPB8_RS01825
HPP12_RS05500	HP1116	HELPY_RS05260	HPG27_RS02345	HPB8_RS03190
-	HP1142	HELPY_RS05390	-	-
HPP12_RS05725	HP1157	HELPY_RS05470	HPG27_RS01275	HPB8_RS01605
-	HP1168	HELPY_RS05525	HPG27_RS05810	HPB8_RS01550
-	HP1187	HELPY_RS05625	-	HPB8_RS06865
-	HP1198	HELPY_RS05670	-	HPB8_RS01400
-	HP1204	HELPY_RS05710	HPG27_RS06010	HPB8_RS01360
-	HP1218a	HELPY_RS05810	HPG27_RS06105	HPB8_RS01265
-	HP1276	-	HPG27_RS06395	HPB8_RS00965
-	HP1286	HELPY_RS06145	HPG27_RS06480	HPB8_RS00920
-	HP1287	HELPY_RS06150	HPG27_RS06485	HPB8_RS00915
HPP12_RS06440	HP1288	HELPY_RS03325	HPG27_RS03310	HPB8_RS00910
-	HP1306	HELPY_RS06245	HPG27_RS06570	HPB8_RS00820
-	HP1324	HELPY_RS06335	-	HPB8_RS00730
-	HP1334	-	HPG27_RS06710	-
-	HP1352	HELPY_RS06525	HPG27_RS06800	-
-	HP1366	-	-	-
-	HP1367	-	-	-
-	HP1368	-	-	-
HPP12_RS06985	HP1369m	HELPY_RS06660	HPG27_RS07550	HPB8_RS07360
-	HP1381	HELPY_RS06650	HPG27_RS06920	-
-	HP1390	-	-	-
-	HP1400	HELPY_RS07350	HPG27_RS07630	HPB8_RS08075
-	HP1402	HELPY_RS07340	HPG27_RS07620	HPB8_RS08085
-	HP1404	-	-	-
-	HP1410	-	-	-
-	HP1412	HELPY_RS06705	HPG27_RS04940	HPB8_RS02265
-	HP1417m	HELPY_RS06730	HPG27_RS07015	HPB8_RS07900
-	HP1437	HELPY_RS06830	HPG27_RS07110	-
HPP12_RS07410	HP1471	HELPY_RS07010	HPG27_RS07295	HPB8_RS00310
-	HP1481	-	-	-
-	HP1516	-	-	-
-	HP1518	-	-	-
-	HP1534	-	-	-
-	HP1535	-	HPG27_RS04740	-
-	HP1537	-	HPG27_RS07705	-
-	HP1561	HELPY_RS07610	-	HPB8_RS07870
HPP12_RS07950	HP1562	-	HPG27_RS07825	HPB8_RS07865
-	HP1566	HELPY_RS07630	HPG27_RS07850	HPB8_RS07840
-	HP1589	HELPY_RS07745	-	-
-	HP1590	-	HPG27_RS08060	-
HPP12_RS00280	-	HELPY_RS00275	-	HPB8_RS07195
-	-	HELPY_RS00295	HPG27_RS00310	HPB8_RS07175
-	HP0066	HELPY_RS00340	-	-
-	-	HELPY_RS00420	-	-
-	-	HELPY_RS00945	-	HPB8_RS06530
-	-	HELPY_RS01320	-	HPB8_RS06165
-	-	HELPY_RS01680	-	-
HPP12_RS01740	HP0340	HELPY_RS01700	HPG27_RS01710	-
-	-	HELPY_RS01715	HPG27_RS01725	-
-	-	HELPY_RS01870	-	HPB8_RS05640
HPP12_RS02245	-	HELPY_RS02205	HPG27_RS02205	HPB8_RS05310
-	-	HELPY_RS02280	-	HPB8_RS05230
-	-	HELPY_RS02300	HPG27_RS02310	HPB8_RS05200
HPP12_RS04045	HP0848	HELPY_RS02790	HPG27_RS04160	HPB8_RS04725
-	-	HELPY_RS02915	HPG27_RS03720	HPB8_RS04595
HPP12_RS03730	HP0725	HELPY_RS03115	HPG27_RS03510	HPB8_RS04390
-	-	HELPY_RS03130	-	-
-	-	HELPY_RS03170	HPG27_RS03455	-
-	-	HELPY_RS03175	-	-
-	-	HELPY_RS03220	HPG27_RS03410	-
-	-	HELPY_RS03250	HPG27_RS03380	-
HPP12_RS03525	HP1288	HELPY_RS03325	HPG27_RS03310	HPB8_RS04190
-	-	HELPY_RS03360	-	-
-	-	HELPY_RS03380	HPG27_RS03255	HPB8_RS04130
-	HP0641	HELPY_RS03535	HPG27_RS03125	HPB8_RS03995
-	-	HELPY_RS03595	-	-
-	-	HELPY_RS03605	-	-
-	-	HELPY_RS03655	HPG27_RS03010	-
-	-	HELPY_RS03780	HPG27_RS02885	-
-	-	HELPY_RS04035	-	-
-	-	HELPY_RS04100	-	HPB8_RS03280
HPP12_RS02625	-	HELPY_RS04105	HPG27_RS02425	-
-	HP0489	HELPY_RS04175	HPG27_RS02350	HPB8_RS03205
-	-	HELPY_RS04185	-	HPB8_RS03180
-	-	HELPY_RS04305	-	HPB8_RS03065
-	-	HELPY_RS04355	HPG27_RS04480	-
HPP12_RS04660	HP0477	HELPY_RS04385	HPG27_RS04510	-
-	-	HELPY_RS04445	HPG27_RS04570	-
-	-	HELPY_RS04595	-	-
-	-	HELPY_RS04680	-	-
-	-	HELPY_RS04685	HPG27_RS04815	-
-	-	HELPY_RS04700	-	-
-	-	HELPY_RS04715	HPG27_RS04845	-
-	-	HELPY_RS04765	-	-
-	-	HELPY_RS04810	-	-
-	-	HELPY_RS04815	-	-
HPP12_RS05495	-	HELPY_RS05250	-	-
HPP12_RS05500	-	HELPY_RS05255	-	HPB8_RS03190
-	HP1116	HELPY_RS05260	HPG27_RS02345	HPB8_RS03185
-	-	HELPY_RS05410	-	-
-	-	HELPY_RS05610	-	-
HPP12_RS00630	HP1187	HELPY_RS05625	HPG27_RS00615	HPB8_RS06865
-	-	HELPY_RS06470	HPG27_RS06455	-
-	-	HELPY_RS06500	-	-
-	-	HELPY_RS06510	-	-
HPP12_RS06925	-	HELPY_RS06535	HPG27_RS06805	-
HPP12_RS07050	HP1369m	HELPY_RS06660	HPG27_RS06930	HPB8_RS07360
-	-	HELPY_RS06665	HPG27_RS06935	HPB8_RS07365
-	HP1412	HELPY_RS06705	HPG27_RS06985	HPB8_RS02265
-	HP1417m	HELPY_RS06730	HPG27_RS07010	-
-	-	HELPY_RS06735	HPG27_RS07015	HPB8_RS07900
-	-	HELPY_RS06810	-	-
-	-	HELPY_RS06840	HPG27_RS07120	HPB8_RS00485
HPP12_RS07410	HP1471	HELPY_RS07010	-	HPB8_RS00310
-	-	HELPY_RS07015	HPG27_RS07295	HPB8_RS00305
-	-	HELPY_RS07160	-	HPB8_RS00155
-	-	HELPY_RS07260	HPG27_RS07545	HPB8_RS00055
-	-	HELPY_RS07355	-	-
-	-	HELPY_RS07370	HPG27_RS07645	-
-	-	HELPY_RS07400	-	-
-	-	HELPY_RS07405	-	-
-	-	HELPY_RS07415	-	-
-	-	HELPY_RS07420	-	-
-	-	HELPY_RS07425	-	-
-	-	HELPY_RS07435	-	-
-	-	HELPY_RS07440	-	-
-	-	HELPY_RS07445	-	HPB8_RS02255
-	-	HELPY_RS07450	-	HPB8_RS02260
-	-	HELPY_RS07455	-	-
-	-	HELPY_RS07460	HPG27_RS07675	HPB8_RS08030
HPP12_RS07950	HP1561	HELPY_RS07610	HPG27_RS07825	HPB8_RS07870
-	-	HELPY_RS07775	-	-
-	-	HELPY_RS07785	HPG27_RS08050	-
HPP12_RS00220	HP0527	HELPY_RS00230	HPG27_RS00220	HPB8_RS07485
-	-	-	HPG27_RS00495	-
-	-	-	HPG27_RS00565	-
-	-	-	HPG27_RS00935	-
-	-	-	HPG27_RS00945	-
-	-	-	HPG27_RS01035	HPB8_RS06445
HPP12_RS01320	HP1157	HELPY_RS01280	HPG27_RS01275	HPB8_RS06205
-	-	-	HPG27_RS01560	-
-	HP0894	HELPY_RS04245	HPG27_RS01585	HPB8_RS03130
-	-	-	HPG27_RS01695	-
HPP12_RS01735	HP0339	HELPY_RS01700	HPG27_RS01710	-
-	-	-	HPG27_RS01790	-
-	-	-	HPG27_RS01795	-
-	-	-	HPG27_RS02300	-
-	-	-	HPG27_RS02320	HPB8_RS05190
-	-	HELPY_RS04175	HPG27_RS02350	-
-	-	-	HPG27_RS02355	-
-	-	-	HPG27_RS02465	-
-	-	-	HPG27_RS02585	HPB8_RS03375
HPP12_RS03075	HP0592	HELPY_RS03785	HPG27_RS02880	HPB8_RS00060
HPP12_RS06985	-	HELPY_RS03780	HPG27_RS02885	-
-	-	HELPY_RS03535	HPG27_RS03125	HPB8_RS03995
HPP12_RS03390	-	HELPY_RS03485	HPG27_RS03175	-
-	-	HELPY_RS03380	HPG27_RS03255	HPB8_RS04125
-	-	-	HPG27_RS03275	HPB8_RS04155
-	-	-	HPG27_RS03540	-
-	-	-	HPG27_RS03560	HPB8_RS04430
-	HP0766	-	HPG27_RS03730	-
-	-	-	HPG27_RS03735	HPB8_RS04610
-	-	-	HPG27_RS03855	HPB8_RS04725
-	-	-	HPG27_RS03995	-
-	-	-	HPG27_RS04000	-
-	-	-	HPG27_RS04005	-
HPP12_RS04045	HP0790	HELPY_RS02790	HPG27_RS04160	-
-	-	-	HPG27_RS04300	-
HPP12_RS04525	HP0316	HELPY_RS04250	HPG27_RS04370	HPB8_RS03125
-	-	-	HPG27_RS04380	-
HPP12_RS04660	HP0477	HELPY_RS04385	HPG27_RS04510	HPB8_RS02985
HPP12_RS08165	HP0964	-	HPG27_RS04730	HPB8_RS02760
-	HP1095	-	HPG27_RS04735	HPB8_RS02470
-	-	-	HPG27_RS04820	-
-	-	-	HPG27_RS04835	-
-	-	-	HPG27_RS04860	-
-	-	-	HPG27_RS04865	-
HPP12_RS04975	-	-	HPG27_RS04870	-
-	HP0454	-	HPG27_RS04875	-
-	HP1412	-	HPG27_RS04940	-
HPP12_RS06770	HP0446	-	HPG27_RS04985	HPB8_RS02645
HPP12_RS02375	-	-	HPG27_RS05025	-
HPP12_RS02330	-	-	HPG27_RS05070	-
HPP12_RS02320	HP0996	-	HPG27_RS05080	HPB8_RS02405
-	-	-	HPG27_RS05105	-
-	-	-	HPG27_RS05110	HPB8_RS02440
-	-	-	HPG27_RS05115	HPB8_RS02445
HPP12_RS05290	HP0651	HELPY_RS05040	HPG27_RS05315	-
HPP12_RS05495	HP0489	-	HPG27_RS05525	HPB8_RS03205
-	-	-	HPG27_RS05535	-
-	-	-	HPG27_RS05905	-
-	-	-	HPG27_RS05915	-
-	-	-	HPG27_RS05920	-
-	-	-	HPG27_RS06055	-
-	-	-	HPG27_RS06205	-
-	-	-	HPG27_RS06230	-
-	-	-	HPG27_RS06400	-
-	-	-	HPG27_RS06435	-
-	-	-	HPG27_RS06440	-
-	-	-	HPG27_RS06445	-
-	-	-	HPG27_RS06460	-
-	-	-	HPG27_RS06750	-
HPP12_RS08175	-	HELPY_RS06535	HPG27_RS06805	-
-	-	-	HPG27_RS06950	-
-	-	-	HPG27_RS06970	-
-	-	HELPY_RS06705	HPG27_RS06985	HPB8_RS02265
-	-	HELPY_RS06730	HPG27_RS07010	-
-	HP1417m	HELPY_RS06735	HPG27_RS07015	HPB8_RS07900
-	-	-	HPG27_RS07055	-
-	-	-	HPG27_RS07125	-
HPP12_RS07410	HP1471	HELPY_RS07015	HPG27_RS07295	HPB8_RS00305
-	-	-	HPG27_RS07435	HPB8_RS00165
-	-	-	HPG27_RS07440	HPB8_RS00160
-	-	-	HPG27_RS07520	HPB8_RS00080
-	-	-	HPG27_RS07525	HPB8_RS00075
HPP12_RS07660	HP1369m	HELPY_RS07265	HPG27_RS07550	HPB8_RS00050
-	-	-	HPG27_RS07950	-
-	-	-	HPG27_RS08055	-
HPP12_RS07655	HP1521	HELPY_RS07255	HPG27_RS02880	HPB8_RS00060
HPP12_RS07410	-	HELPY_RS07015	HPG27_RS07295	HPB8_RS00305
-	HP1471	HELPY_RS07010	-	HPB8_RS00310
-	-	-	-	HPB8_RS00480
-	-	-	-	HPB8_RS00555
-	-	-	-	HPB8_RS01500
-	-	-	-	HPB8_RS01505
-	HP1115	-	-	HPB8_RS01825
-	-	-	-	HPB8_RS02330
HPP12_RS02375	-	-	-	HPB8_RS02360
-	-	-	-	HPB8_RS02365
-	-	-	-	HPB8_RS02440
-	-	-	HPG27_RS04735	HPB8_RS02470
-	HP1008	-	HPG27_RS04740	HPB8_RS02475
-	HP0995	-	HPG27_RS05130	HPB8_RS02485
-	-	-	-	HPB8_RS02500
-	-	-	-	HPB8_RS02515
-	-	-	-	HPB8_RS02520
-	-	-	-	HPB8_RS02530
-	-	-	-	HPB8_RS02535
-	-	-	-	HPB8_RS02560
HPP12_RS06850	HP1006	-	HPG27_RS05065	HPB8_RS02565
-	-	-	-	HPB8_RS02590
HPP12_RS02260	-	-	-	HPB8_RS02655
-	-	-	-	HPB8_RS02665
-	-	-	-	HPB8_RS02680
-	-	-	-	HPB8_RS02685
HPP12_RS04875	HP0965	HELPY_RS07780	HPG27_RS04730	HPB8_RS02760
-	-	-	-	HPB8_RS02845
-	-	-	-	HPB8_RS02915
HPP12_RS04660	HP0477	-	HPG27_RS04510	HPB8_RS02985
-	HP0901	HELPY_RS04290	HPG27_RS04415	HPB8_RS03080
-	-	-	-	HPB8_RS03120
-	-	HELPY_RS05260	-	HPB8_RS03185
-	-	-	-	HPB8_RS03200
HPP12_RS05495	HP0489	HELPY_RS04175	HPG27_RS05525	HPB8_RS03205
HPP12_RS02625	-	HELPY_RS04100	HPG27_RS02425	HPB8_RS03280
-	-	-	-	HPB8_RS03460
-	-	-	-	HPB8_RS03505
-	-	-	-	HPB8_RS03510
-	-	-	-	HPB8_RS03515
-	-	-	-	HPB8_RS03520
-	-	-	-	HPB8_RS03880
-	-	-	HPG27_RS03255	HPB8_RS04125
HPP12_RS08175	-	HELPY_RS03380	-	HPB8_RS04130
-	-	-	-	HPB8_RS04135
-	-	-	-	HPB8_RS04140
-	-	-	-	HPB8_RS04295
-	HP0766	-	HPG27_RS03735	HPB8_RS04610
-	HP0790	HELPY_RS02790	HPG27_RS03855	HPB8_RS04725
HPP12_RS04045	-	-	-	HPB8_RS05015
-	-	-	-	HPB8_RS05025
-	-	-	-	HPB8_RS05030
HPP12_RS07920	HP1079	-	-	HPB8_RS05665
-	-	-	-	HPB8_RS05805
-	-	-	-	HPB8_RS06805
-	-	-	-	HPB8_RS07000
-	-	-	-	HPB8_RS07200
-	-	-	-	HPB8_RS07205
-	-	-	-	HPB8_RS07210
-	-	-	-	HPB8_RS07230
-	-	-	-	HPB8_RS07395
-	-	-	-	HPB8_RS07415
-	-	-	-	HPB8_RS07420
-	-	-	-	HPB8_RS07450
-	-	-	-	HPB8_RS07720
-	-	-	-	HPB8_RS07745
-	-	-	-	HPB8_RS08095
-	-	-	-	HPB8_RS08100
