	NC_000915.1	NC_011333.1	NC_011498.1	NC_012973.1	NC_014256.1	Mean	Std	Median	MedianMean	Consensus	Count
0	0	0	0	0	342	356.0	8.05	0.0	0.0	0.0	5.0
1	0	0	0	0	342	356.0	8.05	0.0	0.0	0.0	5.0
2	0	0	0	0	342	356.0	8.05	0.0	0.0	0.0	5.0
3	0	0	0	0	342	356.0	8.05	0.0	0.0	0.0	5.0
4	1	1	1	1	342	357.0	8.5	1.0	1.0	1.0	5.0
5	1	1	1	1	341	357.0	8.94	1.0	1.0	1.0	5.0
6	1	1	1	1	341	357.0	8.94	1.0	1.0	1.0	5.0
7	2	2	2	2	340	358.0	9.84	2.0	2.0	2.0	5.0
8	2	2	2	2	340	358.0	9.84	2.0	2.0	2.0	5.0
9	2	2	2	2	340	358.0	9.84	2.0	2.0	2.0	5.0
10	3	2	2	3	340	358.0	10.07	2.0	2.0	2.0	5.0
11	3	3	3	3	339	358.0	10.73	3.0	3.0	3.0	5.0
12	3	3	3	3	339	358.0	10.73	3.0	3.0	3.0	5.0
13	3	3	3	3	339	358.0	10.73	3.0	3.0	3.0	5.0
14	3	3	3	3	339	358.0	10.73	3.0	3.0	3.0	5.0
15	4	4	4	4	338	359.0	11.63	4.0	4.0	4.0	5.0
16	4	4	4	4	338	359.0	11.63	4.0	4.0	4.0	5.0
17	4	4	4	4	338	359.0	11.63	4.0	4.0	4.0	5.0
18	4	4	4	5	338	359.0	11.75	4.0	4.0	4.0	5.0
19	5	5	5	5	337	359.0	12.52	5.0	5.0	5.0	5.0
20	5	5	5	5	337	359.0	12.52	5.0	5.0	5.0	5.0
21	5	5	5	5	337	359.0	12.52	5.0	5.0	5.0	5.0
22	6	6	6	6	337	0.0	12.97	6.0	6.0	6.0	5.0
23	6	6	6	6	336	0.0	13.42	6.0	6.0	6.0	5.0
24	6	6	6	7	336	0.0	13.54	6.0	6.0	6.0	5.0
25	6	6	6	7	336	0.0	13.54	6.0	6.0	6.0	5.0
26	6	7	6	7	336	0.0	13.65	6.0	6.0	6.0	5.0
27	7	7	7	7	335	1.0	14.31	7.0	7.0	7.0	5.0
28	7	7	7	7	335	1.0	14.31	7.0	7.0	7.0	5.0
29	7	7	7	7	335	1.0	14.31	7.0	7.0	7.0	5.0
30	8	8	7	8	335	1.0	14.65	7.0	8.0	8.0	5.0
31	8	8	8	8	335	1.0	14.76	8.0	8.0	8.0	5.0
32	8	8	8	8	335	1.0	14.76	8.0	8.0	8.0	5.0
33	8	8	8	8	334	1.0	15.21	8.0	8.0	8.0	5.0
34	8	8	8	9	334	1.0	15.32	8.0	8.0	8.0	5.0
35	9	9	-	9	333	0.0	18.0	9.0	9.0	9.0	4.0
36	9	9	9	10	333	2.0	16.22	9.0	9.0	9.0	5.0
37	9	9	9	10	333	2.0	16.22	9.0	9.0	9.0	5.0
38	10	10	10	10	333	3.0	16.55	10.0	10.0	10.0	5.0
39	10	10	10	10	332	2.0	16.99	10.0	10.0	10.0	5.0
40	10	11	10	11	332	3.0	17.22	10.0	10.0	10.0	5.0
41	11	11	11	11	320	1.0	22.81	11.0	11.0	11.0	5.0
42	11	11	11	11	320	1.0	22.81	11.0	11.0	11.0	5.0
43	11	-	11	-	-	11.0	0.0	11.0	11.0	11.0	2.0
44	12	-	12	-	319	354.0	30.6	319.0	319.0	319.0	3.0
45	12	13	12	11	319	1.0	23.71	11.0	12.0	12.0	5.0
46	12	13	12	12	318	1.0	24.27	12.0	12.0	12.0	5.0
47	13	14	13	13	318	2.0	24.71	13.0	13.0	13.0	5.0
48	14	14	13	13	318	2.0	24.83	13.0	14.0	14.0	5.0
49	14	-	-	-	317	346.0	40.31	317.0	317.0	317.0	2.0
50	14	15	14	14	317	3.0	25.61	14.0	14.0	14.0	5.0
51	14	15	14	14	317	3.0	25.61	14.0	14.0	14.0	5.0
52	15	-	-	14	317	355.0	33.2	317.0	317.0	317.0	3.0
53	15	15	15	14	317	3.0	25.83	14.0	15.0	15.0	5.0
54	15	15	15	14	317	3.0	25.83	14.0	15.0	15.0	5.0
55	15	-	15	15	-	15.0	0.0	15.0	15.0	15.0	3.0
56	16	16	15	15	316	4.0	26.61	15.0	16.0	16.0	5.0
57	16	16	16	15	316	4.0	26.72	15.0	16.0	16.0	5.0
58	16	-	16	15	316	1.0	29.84	15.0	16.0	16.0	4.0
59	16	16	16	16	316	4.0	26.83	16.0	16.0	16.0	5.0
60	16	16	16	16	315	4.0	27.28	16.0	16.0	16.0	5.0
61	16	17	16	16	315	4.0	27.4	16.0	16.0	16.0	5.0
62	17	17	17	16	315	4.0	27.62	16.0	17.0	17.0	5.0
63	17	17	17	17	315	5.0	27.73	17.0	17.0	17.0	5.0
64	17	17	17	17	314	4.0	28.17	17.0	17.0	17.0	5.0
65	17	18	17	17	314	5.0	28.29	17.0	17.0	17.0	5.0
66	17	18	17	17	314	5.0	28.29	17.0	17.0	17.0	5.0
67	18	-	18	17	-	18.0	0.58	17.0	18.0	18.0	3.0
68	18	18	18	17	314	5.0	28.51	17.0	18.0	18.0	5.0
69	18	18	18	18	313	5.0	29.07	18.0	18.0	18.0	5.0
70	19	-	18	-	-	18.0	0.71	18.0	18.0	18.0	2.0
71	19	-	18	18	313	2.0	32.67	18.0	18.0	18.0	4.0
72	19	19	19	19	313	6.0	29.52	19.0	19.0	19.0	5.0
73	19	19	19	19	313	6.0	29.52	19.0	19.0	19.0	5.0
74	19	19	19	19	313	6.0	29.52	19.0	19.0	19.0	5.0
75	19	19	19	19	312	6.0	29.96	19.0	19.0	19.0	5.0
76	20	20	20	19	312	6.0	30.3	19.0	20.0	20.0	5.0
77	20	20	20	20	311	6.0	30.86	20.0	20.0	20.0	5.0
78	21	21	20	20	311	7.0	31.09	20.0	20.0	20.0	5.0
79	21	21	20	20	311	7.0	31.09	20.0	20.0	20.0	5.0
80	21	-	-	-	-	21.0	0.0	21.0	21.0	21.0	1.0
81	21	21	21	21	311	7.0	31.3	21.0	21.0	21.0	5.0
82	22	22	21	21	310	7.0	31.98	21.0	22.0	22.0	5.0
83	22	22	21	22	310	7.0	32.09	21.0	22.0	22.0	5.0
84	22	22	22	22	310	8.0	32.2	22.0	22.0	22.0	5.0
85	22	22	22	22	309	7.0	32.65	22.0	22.0	22.0	5.0
86	22	23	22	22	309	8.0	32.76	22.0	22.0	22.0	5.0
87	23	23	23	23	309	8.0	33.09	23.0	23.0	23.0	5.0
88	23	23	23	23	309	8.0	33.09	23.0	23.0	23.0	5.0
89	23	23	23	23	308	8.0	33.54	23.0	23.0	23.0	5.0
90	24	24	23	24	308	9.0	33.88	23.0	24.0	24.0	5.0
91	24	24	24	24	308	9.0	33.99	24.0	24.0	24.0	5.0
92	24	24	24	24	307	9.0	34.44	24.0	24.0	24.0	5.0
93	24	25	24	24	307	9.0	34.55	24.0	24.0	24.0	5.0
94	25	25	24	25	307	9.0	34.77	24.0	25.0	25.0	5.0
95	25	-	-	25	307	359.0	45.03	307.0	307.0	307.0	3.0
96	25	25	25	25	306	9.0	35.33	25.0	25.0	25.0	5.0
97	26	26	25	26	306	10.0	35.67	25.0	26.0	26.0	5.0
98	26	26	25	26	306	10.0	35.67	25.0	26.0	26.0	5.0
99	26	26	26	26	306	10.0	35.78	26.0	26.0	26.0	5.0
100	26	26	26	26	306	10.0	35.78	26.0	26.0	26.0	5.0
101	26	26	26	26	305	10.0	36.22	26.0	26.0	26.0	5.0
102	27	27	26	27	305	10.0	36.56	26.0	27.0	27.0	5.0
103	27	27	27	27	305	11.0	36.67	27.0	27.0	27.0	5.0
104	27	27	27	28	304	11.0	37.23	27.0	27.0	27.0	5.0
105	28	-	-	-	-	28.0	0.0	28.0	28.0	28.0	1.0
106	28	271	265	-	-	308.0	69.35	265.0	268.0	268.0	3.0
107	28	28	27	-	-	28.0	0.58	27.0	28.0	28.0	3.0
108	29	28	28	28	304	11.0	37.68	28.0	28.0	28.0	5.0
109	29	29	28	29	304	12.0	37.9	28.0	29.0	29.0	5.0
110	29	29	28	29	303	12.0	38.35	28.0	29.0	29.0	5.0
111	30	29	29	29	303	12.0	38.57	29.0	29.0	29.0	5.0
112	30	29	29	29	303	12.0	38.57	29.0	29.0	29.0	5.0
113	30	29	29	29	303	12.0	38.57	29.0	29.0	29.0	5.0
114	30	29	29	29	303	12.0	38.57	29.0	29.0	29.0	5.0
115	30	30	29	30	303	12.0	38.8	29.0	30.0	30.0	5.0
116	30	30	29	30	302	12.0	39.25	29.0	30.0	30.0	5.0
117	30	30	29	30	302	12.0	39.25	29.0	30.0	30.0	5.0
118	31	-	-	-	-	31.0	0.0	31.0	31.0	31.0	1.0
119	31	30	30	30	302	13.0	39.47	30.0	30.0	30.0	5.0
120	31	30	30	31	301	13.0	40.03	30.0	30.0	30.0	5.0
121	31	31	30	31	301	13.0	40.14	30.0	31.0	31.0	5.0
122	32	31	31	31	301	13.0	40.36	31.0	31.0	31.0	5.0
123	32	31	31	31	301	13.0	40.36	31.0	31.0	31.0	5.0
124	32	31	31	31	301	13.0	40.36	31.0	31.0	31.0	5.0
125	32	31	31	32	300	13.0	40.92	31.0	32.0	32.0	5.0
126	32	32	31	32	300	13.0	41.03	31.0	32.0	32.0	5.0
127	32	32	31	32	300	13.0	41.03	31.0	32.0	32.0	5.0
128	33	32	32	33	300	14.0	41.37	32.0	32.0	32.0	5.0
129	33	33	32	33	299	14.0	41.93	32.0	33.0	33.0	5.0
130	34	33	33	34	299	15.0	42.26	33.0	34.0	34.0	5.0
131	34	34	33	34	299	15.0	42.38	33.0	34.0	34.0	5.0
132	34	34	33	34	298	15.0	42.82	33.0	34.0	34.0	5.0
133	34	34	33	34	298	15.0	42.82	33.0	34.0	34.0	5.0
134	34	34	33	34	298	15.0	42.82	33.0	34.0	34.0	5.0
135	35	34	34	34	298	15.0	43.05	34.0	34.0	34.0	5.0
136	35	-	34	34	298	10.0	48.17	34.0	34.0	34.0	4.0
137	35	34	34	35	298	15.0	43.16	34.0	34.0	34.0	5.0
138	35	34	34	35	298	15.0	43.16	34.0	34.0	34.0	5.0
139	35	35	34	35	297	15.0	43.72	34.0	35.0	35.0	5.0
140	35	35	34	35	297	15.0	43.72	34.0	35.0	35.0	5.0
141	36	35	35	36	297	16.0	44.05	35.0	36.0	36.0	5.0
142	36	35	35	36	297	16.0	44.05	35.0	36.0	36.0	5.0
143	36	35	35	36	297	16.0	44.05	35.0	36.0	36.0	5.0
144	36	35	35	36	297	16.0	44.05	35.0	36.0	36.0	5.0
145	36	36	35	36	296	16.0	44.61	35.0	36.0	36.0	5.0
146	36	36	35	36	296	16.0	44.61	35.0	36.0	36.0	5.0
147	37	36	36	37	296	16.0	44.95	36.0	36.0	36.0	5.0
148	37	36	36	37	296	16.0	44.95	36.0	36.0	36.0	5.0
149	38	37	36	37	295	17.0	45.62	36.0	37.0	37.0	5.0
150	38	37	37	38	295	17.0	45.84	37.0	38.0	38.0	5.0
151	38	37	37	38	295	17.0	45.84	37.0	38.0	38.0	5.0
152	38	37	37	38	295	17.0	45.84	37.0	38.0	38.0	5.0
153	38	38	37	38	295	17.0	45.95	37.0	38.0	38.0	5.0
154	38	38	37	38	294	17.0	46.4	37.0	38.0	38.0	5.0
155	39	38	37	39	294	17.0	46.63	37.0	38.0	38.0	5.0
156	39	38	38	39	294	18.0	46.74	38.0	38.0	38.0	5.0
157	39	38	38	39	294	18.0	46.74	38.0	38.0	38.0	5.0
158	39	-	38	39	294	12.0	52.34	38.0	39.0	39.0	4.0
159	39	39	38	39	293	18.0	47.29	38.0	39.0	39.0	5.0
160	39	39	38	39	293	18.0	47.29	38.0	39.0	39.0	5.0
161	40	39	39	40	293	18.0	47.63	39.0	40.0	40.0	5.0
162	40	39	39	40	293	18.0	47.63	39.0	40.0	40.0	5.0
163	40	40	39	40	293	18.0	47.74	39.0	40.0	40.0	5.0
164	40	40	39	40	292	18.0	48.19	39.0	40.0	40.0	5.0
165	41	40	40	41	292	19.0	48.53	40.0	40.0	40.0	5.0
166	41	40	40	41	292	19.0	48.53	40.0	40.0	40.0	5.0
167	41	41	40	41	292	19.0	48.64	40.0	41.0	41.0	5.0
168	41	41	41	41	291	19.0	49.19	41.0	41.0	41.0	5.0
169	41	41	41	42	291	19.0	49.31	41.0	41.0	41.0	5.0
170	42	41	41	42	291	19.0	49.42	41.0	42.0	42.0	5.0
171	42	42	41	42	291	20.0	49.53	41.0	42.0	42.0	5.0
172	42	42	41	42	290	19.0	49.98	41.0	42.0	42.0	5.0
173	43	42	42	43	290	20.0	50.31	42.0	42.0	42.0	5.0
174	43	42	42	43	290	20.0	50.31	42.0	42.0	42.0	5.0
175	43	43	42	43	289	20.0	50.87	42.0	43.0	43.0	5.0
176	43	43	43	44	289	20.0	51.1	43.0	43.0	43.0	5.0
177	44	43	43	44	289	21.0	51.21	43.0	44.0	44.0	5.0
178	44	43	43	44	289	21.0	51.21	43.0	44.0	44.0	5.0
179	44	43	43	44	289	21.0	51.21	43.0	44.0	44.0	5.0
180	44	44	43	45	289	21.0	51.43	43.0	44.0	44.0	5.0
181	44	44	44	45	288	21.0	51.99	44.0	44.0	44.0	5.0
182	44	44	44	45	288	21.0	51.99	44.0	44.0	44.0	5.0
183	44	44	44	45	288	21.0	51.99	44.0	44.0	44.0	5.0
184	45	44	44	45	288	21.0	52.1	44.0	44.0	44.0	5.0
185	45	45	44	45	288	21.0	52.21	44.0	45.0	45.0	5.0
186	46	45	45	46	287	22.0	53.0	45.0	46.0	46.0	5.0
187	46	46	45	46	287	22.0	53.11	45.0	46.0	46.0	5.0
188	46	46	46	47	286	22.0	53.78	46.0	46.0	46.0	5.0
189	47	46	46	47	286	22.0	53.89	46.0	46.0	46.0	5.0
190	47	47	46	48	286	23.0	54.12	46.0	47.0	47.0	5.0
191	47	47	46	48	285	23.0	54.56	46.0	47.0	47.0	5.0
192	48	47	47	48	285	23.0	54.79	47.0	48.0	48.0	5.0
193	48	48	47	49	285	23.0	55.01	47.0	48.0	48.0	5.0
194	48	48	48	49	284	23.0	55.57	48.0	48.0	48.0	5.0
195	48	48	48	49	284	23.0	55.57	48.0	48.0	48.0	5.0
196	49	-	48	49	-	49.0	0.58	48.0	49.0	49.0	3.0
197	49	48	48	50	284	24.0	55.8	48.0	49.0	49.0	5.0
198	49	49	48	50	284	24.0	55.91	48.0	49.0	49.0	5.0
199	49	49	48	50	284	24.0	55.91	48.0	49.0	49.0	5.0
200	50	49	49	50	283	24.0	56.57	49.0	50.0	50.0	5.0
201	50	49	-	-	283	7.0	73.04	283.0	283.0	283.0	3.0
202	50	49	49	51	283	24.0	56.69	49.0	50.0	50.0	5.0
203	50	50	49	51	283	25.0	56.8	49.0	50.0	50.0	5.0
204	50	50	50	51	282	25.0	57.36	50.0	50.0	50.0	5.0
205	51	51	50	52	282	25.0	57.69	50.0	51.0	51.0	5.0
206	52	51	51	52	281	25.0	58.36	51.0	52.0	52.0	5.0
207	52	51	51	53	281	26.0	58.48	51.0	52.0	52.0	5.0
208	52	51	51	53	281	26.0	58.48	51.0	52.0	52.0	5.0
209	52	52	51	53	281	26.0	58.59	51.0	52.0	52.0	5.0
210	52	52	52	53	281	26.0	58.7	52.0	52.0	52.0	5.0
211	53	52	52	54	280	26.0	59.37	52.0	53.0	53.0	5.0
212	53	52	52	54	280	26.0	59.37	52.0	53.0	53.0	5.0
213	53	53	52	54	280	26.0	59.48	52.0	53.0	53.0	5.0
214	53	53	52	54	280	26.0	59.48	52.0	53.0	53.0	5.0
215	53	53	53	54	279	26.0	60.04	53.0	53.0	53.0	5.0
216	54	53	53	55	279	27.0	60.27	53.0	54.0	54.0	5.0
217	54	54	53	55	279	27.0	60.38	53.0	54.0	54.0	5.0
218	54	54	53	55	279	27.0	60.38	53.0	54.0	54.0	5.0
219	54	54	54	55	279	27.0	60.49	54.0	54.0	54.0	5.0
220	54	54	54	55	279	27.0	60.49	54.0	54.0	54.0	5.0
221	55	54	54	56	278	27.0	61.16	54.0	55.0	55.0	5.0
222	55	54	54	56	278	27.0	61.16	54.0	55.0	55.0	5.0
223	55	54	54	56	278	27.0	61.16	54.0	55.0	55.0	5.0
224	55	55	54	56	278	28.0	61.27	54.0	55.0	55.0	5.0
225	55	55	55	57	277	28.0	61.95	55.0	56.0	56.0	5.0
226	56	55	55	57	277	28.0	62.06	55.0	56.0	56.0	5.0
227	56	55	55	57	277	28.0	62.06	55.0	56.0	56.0	5.0
228	56	56	-	-	277	10.0	80.25	277.0	277.0	277.0	3.0
229	56	56	56	58	276	28.0	62.84	56.0	56.0	56.0	5.0
230	57	57	56	58	276	29.0	63.06	56.0	57.0	57.0	5.0
231	57	57	57	59	276	29.0	63.29	57.0	58.0	58.0	5.0
232	57	57	57	59	276	29.0	63.29	57.0	58.0	58.0	5.0
233	58	57	57	59	275	29.0	63.85	57.0	58.0	58.0	5.0
234	58	57	57	59	275	29.0	63.85	57.0	58.0	58.0	5.0
235	58	58	57	59	275	29.0	63.96	57.0	58.0	58.0	5.0
236	58	58	58	60	275	30.0	64.18	58.0	58.0	58.0	5.0
237	59	58	58	60	274	30.0	64.74	58.0	59.0	59.0	5.0
238	59	58	58	60	274	30.0	64.74	58.0	59.0	59.0	5.0
239	59	58	58	60	274	30.0	64.74	58.0	59.0	59.0	5.0
240	59	59	59	61	274	30.0	65.08	59.0	60.0	60.0	5.0
241	60	59	59	61	273	30.0	65.63	59.0	60.0	60.0	5.0
242	60	59	59	61	273	30.0	65.63	59.0	60.0	60.0	5.0
243	60	60	59	61	273	31.0	65.74	59.0	60.0	60.0	5.0
244	60	60	59	61	273	31.0	65.74	59.0	60.0	60.0	5.0
245	60	60	60	62	273	31.0	65.97	60.0	60.0	60.0	5.0
246	61	60	60	62	272	31.0	66.53	60.0	61.0	61.0	5.0
247	61	-	-	62	272	12.0	86.32	272.0	272.0	272.0	3.0
248	61	-	60	62	272	24.0	74.5	60.0	61.0	61.0	4.0
249	61	61	60	62	272	31.0	66.64	60.0	61.0	61.0	5.0
250	61	61	60	62	272	31.0	66.64	60.0	61.0	61.0	5.0
251	61	61	60	63	272	31.0	66.76	60.0	61.0	61.0	5.0
252	62	61	61	63	272	32.0	66.98	61.0	62.0	62.0	5.0
253	62	61	61	63	271	32.0	67.42	61.0	62.0	62.0	5.0
254	62	61	61	63	271	32.0	67.42	61.0	62.0	62.0	5.0
255	62	62	61	63	271	32.0	67.53	61.0	62.0	62.0	5.0
256	62	62	61	64	271	32.0	67.65	61.0	62.0	62.0	5.0
257	63	62	62	64	270	32.0	68.32	62.0	63.0	63.0	5.0
258	63	63	62	64	270	32.0	68.43	62.0	63.0	63.0	5.0
259	63	63	62	65	270	33.0	68.54	62.0	63.0	63.0	5.0
260	63	63	63	65	269	33.0	69.1	63.0	64.0	64.0	5.0
261	64	63	63	65	269	33.0	69.21	63.0	64.0	64.0	5.0
262	64	64	63	66	269	33.0	69.44	63.0	64.0	64.0	5.0
263	64	64	63	66	269	33.0	69.44	63.0	64.0	64.0	5.0
264	64	64	63	66	267	33.0	70.33	63.0	64.0	64.0	5.0
265	66	66	65	68	267	34.0	71.23	65.0	66.0	66.0	5.0
266	66	66	66	68	267	35.0	71.34	66.0	66.0	66.0	5.0
267	67	66	66	68	266	35.0	71.89	66.0	67.0	67.0	5.0
268	67	66	66	68	266	35.0	71.89	66.0	67.0	67.0	5.0
269	67	67	66	69	266	35.0	72.12	66.0	67.0	67.0	5.0
270	67	67	67	69	265	35.0	72.68	67.0	68.0	68.0	5.0
271	68	68	67	70	265	36.0	73.02	67.0	68.0	68.0	5.0
272	68	68	67	70	265	36.0	73.02	67.0	68.0	68.0	5.0
273	68	68	67	70	265	36.0	73.02	67.0	68.0	68.0	5.0
274	68	68	68	70	264	36.0	73.57	68.0	68.0	68.0	5.0
275	69	68	68	70	264	36.0	73.68	68.0	69.0	69.0	5.0
276	69	69	68	71	264	36.0	73.91	68.0	69.0	69.0	5.0
277	69	69	68	71	264	36.0	73.91	68.0	69.0	69.0	5.0
278	69	69	68	71	264	36.0	73.91	68.0	69.0	69.0	5.0
279	69	69	69	71	263	36.0	74.47	69.0	70.0	70.0	5.0
280	70	69	69	72	263	37.0	74.69	69.0	70.0	70.0	5.0
281	70	70	69	72	263	37.0	74.8	69.0	70.0	70.0	5.0
282	70	70	69	72	263	37.0	74.8	69.0	70.0	70.0	5.0
283	70	70	69	72	263	37.0	74.8	69.0	70.0	70.0	5.0
284	70	70	69	72	263	37.0	74.8	69.0	70.0	70.0	5.0
285	71	70	70	72	262	37.0	75.47	70.0	71.0	71.0	5.0
286	71	71	70	73	262	37.0	75.7	70.0	71.0	71.0	5.0
287	71	71	70	73	262	37.0	75.7	70.0	71.0	71.0	5.0
288	71	71	70	73	262	37.0	75.7	70.0	71.0	71.0	5.0
289	71	-	-	-	-	71.0	0.0	71.0	71.0	71.0	1.0
290	71	199	-	-	-	135.0	90.51	71.0	71.0	71.0	2.0
291	72	199	-	-	-	136.0	89.8	72.0	72.0	72.0	2.0
292	72	72	71	73	262	38.0	76.03	71.0	72.0	72.0	5.0
293	72	72	71	73	261	38.0	76.48	71.0	72.0	72.0	5.0
294	73	-	72	74	261	30.0	86.0	72.0	73.0	73.0	4.0
295	73	73	72	74	261	39.0	76.92	72.0	73.0	73.0	5.0
296	73	73	72	74	261	39.0	76.92	72.0	73.0	73.0	5.0
297	73	73	72	74	261	39.0	76.92	72.0	73.0	73.0	5.0
298	73	73	72	75	260	39.0	77.49	72.0	73.0	73.0	5.0
299	74	74	72	75	260	39.0	77.71	72.0	74.0	74.0	5.0
300	74	74	73	75	260	39.0	77.82	73.0	74.0	74.0	5.0
301	74	74	73	75	260	39.0	77.82	73.0	74.0	74.0	5.0
302	74	74	73	75	260	39.0	77.82	73.0	74.0	74.0	5.0
303	74	74	73	76	260	39.0	77.93	73.0	74.0	74.0	5.0
304	75	75	73	76	259	40.0	78.61	73.0	75.0	75.0	5.0
305	75	75	74	76	259	40.0	78.71	74.0	75.0	75.0	5.0
306	75	75	74	76	259	40.0	78.71	74.0	75.0	75.0	5.0
307	75	75	74	76	259	40.0	78.71	74.0	75.0	75.0	5.0
308	75	75	74	76	259	40.0	78.71	74.0	75.0	75.0	5.0
309	75	76	74	77	259	40.0	78.94	74.0	76.0	76.0	5.0
310	76	76	75	77	258	40.0	79.61	75.0	76.0	76.0	5.0
311	76	76	75	-	-	76.0	0.58	75.0	76.0	76.0	3.0
312	76	-	75	77	-	76.0	1.0	75.0	76.0	76.0	3.0
313	76	-	75	77	-	76.0	1.0	75.0	76.0	76.0	3.0
314	76	-	-	77	-	76.0	0.71	76.0	76.0	76.0	2.0
315	76	76	75	78	258	41.0	79.72	75.0	76.0	76.0	5.0
316	77	77	76	78	258	41.0	80.05	76.0	77.0	77.0	5.0
317	77	77	76	78	257	113.0	80.5	77.0	77.0	77.0	5.0
318	77	77	76	79	257	113.0	80.39	77.0	77.0	77.0	5.0
319	77	78	76	79	257	113.0	80.28	77.0	78.0	78.0	5.0
320	78	78	77	79	257	114.0	80.05	78.0	78.0	78.0	5.0
321	78	78	77	80	257	114.0	79.95	78.0	78.0	78.0	5.0
322	78	78	77	80	256	114.0	79.5	78.0	78.0	78.0	5.0
323	79	79	78	80	256	114.0	79.16	79.0	79.0	79.0	5.0
324	79	79	-	81	256	124.0	88.17	79.0	80.0	80.0	4.0
325	79	249	244	243	81	179.0	90.59	81.0	80.0	80.0	5.0
326	79	249	243	242	81	179.0	90.23	81.0	80.0	80.0	5.0
327	80	248	243	242	81	179.0	89.76	81.0	80.0	80.0	5.0
328	80	248	243	242	81	179.0	89.76	81.0	80.0	80.0	5.0
329	80	248	243	242	82	179.0	89.49	82.0	81.0	81.0	5.0
330	81	248	242	241	82	179.0	88.86	82.0	82.0	82.0	5.0
331	81	247	242	241	82	179.0	88.67	82.0	82.0	82.0	5.0
332	81	247	242	241	82	179.0	88.67	82.0	82.0	82.0	5.0
333	81	247	242	241	82	179.0	88.67	82.0	82.0	82.0	5.0
334	82	246	-	240	83	163.0	92.7	83.0	82.0	82.0	4.0
335	82	246	241	240	83	178.0	87.57	83.0	82.0	82.0	5.0
336	82	246	241	240	83	178.0	87.57	83.0	82.0	82.0	5.0
337	82	246	240	239	84	178.0	86.95	84.0	83.0	83.0	5.0
338	83	245	240	239	84	178.0	86.48	84.0	84.0	84.0	5.0
339	83	245	240	239	84	178.0	86.48	84.0	84.0	84.0	5.0
340	83	245	240	239	84	178.0	86.48	84.0	84.0	84.0	5.0
341	83	245	240	239	84	178.0	86.48	84.0	84.0	84.0	5.0
342	83	244	239	238	85	178.0	85.66	85.0	84.0	84.0	5.0
343	84	-	-	-	-	84.0	0.0	84.0	84.0	84.0	1.0
344	84	244	239	237	86	178.0	84.94	86.0	85.0	85.0	5.0
345	85	243	238	237	86	178.0	84.29	86.0	86.0	86.0	5.0
346	85	243	-	237	86	163.0	89.24	86.0	86.0	86.0	4.0
347	85	243	238	237	86	178.0	84.29	86.0	86.0	86.0	5.0
348	85	243	238	237	86	178.0	84.29	86.0	86.0	86.0	5.0
349	85	243	238	236	87	178.0	83.84	87.0	86.0	86.0	5.0
350	85	243	238	236	87	178.0	83.84	87.0	86.0	86.0	5.0
351	85	242	237	236	87	177.0	83.47	87.0	86.0	86.0	5.0
352	86	242	237	236	87	178.0	83.19	87.0	86.0	86.0	5.0
353	86	242	237	236	87	178.0	83.19	87.0	86.0	86.0	5.0
354	86	242	237	235	87	177.0	83.02	87.0	86.0	86.0	5.0
355	86	242	237	235	88	178.0	82.75	88.0	87.0	87.0	5.0
356	86	241	236	235	88	177.0	82.38	88.0	87.0	87.0	5.0
357	87	241	236	234	-	200.0	75.06	234.0	237.0	237.0	4.0
358	87	241	236	234	89	177.0	81.65	89.0	88.0	88.0	5.0
359	87	241	236	234	89	177.0	81.65	89.0	88.0	88.0	5.0
360	88	240	235	234	89	177.0	81.0	89.0	88.0	88.0	5.0
361	88	240	235	233	89	177.0	80.83	89.0	88.0	88.0	5.0
362	88	240	235	233	90	177.0	80.56	90.0	89.0	89.0	5.0
363	88	239	234	233	90	177.0	80.19	90.0	89.0	89.0	5.0
364	89	239	234	233	90	177.0	79.91	90.0	90.0	90.0	5.0
365	89	239	234	232	90	177.0	79.74	90.0	90.0	90.0	5.0
366	89	238	233	232	91	177.0	79.09	91.0	90.0	90.0	5.0
367	90	238	233	232	91	177.0	78.81	91.0	90.0	90.0	5.0
368	90	238	233	232	91	177.0	78.81	91.0	90.0	90.0	5.0
369	90	238	233	231	91	177.0	78.64	91.0	90.0	90.0	5.0
370	90	238	233	231	92	177.0	78.37	92.0	91.0	91.0	5.0
371	90	237	232	230	92	176.0	77.82	92.0	91.0	91.0	5.0
372	91	237	232	230	92	176.0	77.55	92.0	92.0	92.0	5.0
373	91	237	232	230	92	176.0	77.55	92.0	92.0	92.0	5.0
374	91	237	231	230	93	176.0	77.1	93.0	92.0	92.0	5.0
375	92	227	231	229	93	174.0	74.78	93.0	92.0	92.0	5.0
376	93	227	231	229	94	175.0	74.23	94.0	94.0	94.0	5.0
377	93	227	230	228	94	174.0	73.86	94.0	94.0	94.0	5.0
378	93	226	230	228	94	174.0	73.68	94.0	94.0	94.0	5.0
379	94	226	230	228	95	175.0	73.14	95.0	94.0	94.0	5.0
380	94	226	230	228	95	175.0	73.14	95.0	94.0	94.0	5.0
381	94	226	229	228	95	174.0	72.95	95.0	94.0	94.0	5.0
382	94	225	229	227	95	174.0	72.59	95.0	94.0	94.0	5.0
383	95	224	228	-	-	182.0	75.66	95.0	95.0	95.0	3.0
384	97	223	227	224	-	193.0	63.86	223.0	225.0	225.0	4.0
385	97	223	226	224	-	192.0	63.68	223.0	224.0	224.0	4.0
386	97	223	226	-	-	182.0	73.63	97.0	97.0	97.0	3.0
387	98	229	104	-	-	144.0	73.96	98.0	101.0	101.0	3.0
388	99	229	-	-	98	142.0	75.35	98.0	98.0	98.0	3.0
389	99	-	-	-	98	98.0	0.71	98.0	98.0	98.0	2.0
390	100	228	105	-	98	133.0	63.57	100.0	101.0	101.0	4.0
391	100	228	105	-	98	133.0	63.57	100.0	101.0	101.0	4.0
392	100	-	-	-	98	99.0	1.41	98.0	99.0	99.0	2.0
393	100	228	106	-	113	137.0	61.06	106.0	106.0	106.0	4.0
394	100	120	-	-	155	125.0	27.84	100.0	100.0	100.0	3.0
395	101	-	-	-	-	101.0	0.0	101.0	101.0	101.0	1.0
396	101	-	-	223	-	162.0	86.27	101.0	101.0	101.0	2.0
397	101	-	-	223	-	162.0	86.27	101.0	101.0	101.0	2.0
398	101	-	-	223	-	162.0	86.27	101.0	101.0	101.0	2.0
399	102	-	225	-	-	164.0	86.97	102.0	102.0	102.0	2.0
400	102	222	225	-	-	183.0	70.16	102.0	102.0	102.0	3.0
401	103	-	300	-	113	52.0	97.12	300.0	300.0	300.0	3.0
402	102	-	300	-	113	52.0	96.86	300.0	300.0	300.0	3.0
403	103	-	300	-	113	52.0	97.12	300.0	300.0	300.0	3.0
404	103	-	300	-	113	52.0	97.12	300.0	300.0	300.0	3.0
405	103	-	300	-	112	52.0	96.81	300.0	300.0	300.0	3.0
406	104	98	96	-	237	134.0	68.92	98.0	99.0	99.0	4.0
407	104	98	97	100	237	127.0	61.44	98.0	100.0	100.0	5.0
408	104	-	-	-	-	104.0	0.0	104.0	104.0	104.0	1.0
409	105	99	106	101	236	129.0	59.66	101.0	103.0	103.0	5.0
410	105	99	107	101	236	130.0	59.56	101.0	103.0	103.0	5.0
411	105	100	107	102	235	130.0	58.87	102.0	104.0	104.0	5.0
412	106	100	107	102	235	130.0	58.77	102.0	104.0	104.0	5.0
413	106	100	107	102	235	130.0	58.77	102.0	104.0	104.0	5.0
414	106	100	107	102	235	130.0	58.77	102.0	104.0	104.0	5.0
415	106	101	108	102	234	130.0	58.1	102.0	104.0	104.0	5.0
416	107	101	108	103	234	131.0	57.87	103.0	105.0	105.0	5.0
417	107	101	108	103	234	131.0	57.87	103.0	105.0	105.0	5.0
418	107	101	109	103	234	131.0	57.78	103.0	105.0	105.0	5.0
419	107	101	109	103	234	131.0	57.78	103.0	105.0	105.0	5.0
420	107	102	109	104	233	131.0	57.08	104.0	106.0	106.0	5.0
421	108	207	-	208	127	162.0	52.54	127.0	127.0	127.0	4.0
422	108	102	109	104	-	106.0	3.3	104.0	106.0	106.0	4.0
423	108	102	110	105	233	132.0	56.77	105.0	106.0	106.0	5.0
424	108	103	110	105	232	132.0	56.19	105.0	106.0	106.0	5.0
425	109	-	-	105	231	148.0	71.62	105.0	107.0	107.0	3.0
426	110	104	110	106	231	132.0	55.29	106.0	108.0	108.0	5.0
427	110	104	111	106	231	132.0	55.19	106.0	108.0	108.0	5.0
428	110	104	111	106	230	132.0	54.75	106.0	108.0	108.0	5.0
429	111	253	-	194	140	174.0	62.62	140.0	140.0	140.0	4.0
430	112	106	112	194	140	133.0	36.68	112.0	110.0	110.0	5.0
431	112	106	113	194	140	133.0	36.54	112.0	110.0	110.0	5.0
432	112	106	113	194	140	133.0	36.54	112.0	110.0	110.0	5.0
433	112	106	113	193	140	133.0	36.12	112.0	110.0	110.0	5.0
434	112	106	113	193	141	133.0	36.17	112.0	110.0	110.0	5.0
435	113	107	113	193	141	133.0	35.84	113.0	111.0	111.0	5.0
436	113	107	113	193	141	133.0	35.84	113.0	111.0	111.0	5.0
437	113	107	114	193	141	134.0	35.7	113.0	111.0	111.0	5.0
438	113	107	114	192	141	133.0	35.29	113.0	111.0	111.0	5.0
439	113	-	114	-	142	123.0	16.46	113.0	114.0	114.0	3.0
440	114	108	114	192	142	134.0	35.01	114.0	112.0	112.0	5.0
441	114	108	115	191	142	134.0	34.46	114.0	112.0	112.0	5.0
442	115	109	116	191	143	135.0	34.05	115.0	113.0	113.0	5.0
443	115	109	116	190	143	135.0	33.63	115.0	113.0	113.0	5.0
444	115	109	116	190	143	135.0	33.63	115.0	113.0	113.0	5.0
445	116	110	116	190	144	135.0	33.36	116.0	114.0	114.0	5.0
446	116	110	117	190	144	135.0	33.22	116.0	114.0	114.0	5.0
447	116	110	117	190	154	137.0	34.16	116.0	114.0	114.0	5.0
448	116	110	117	189	151	137.0	33.43	116.0	114.0	114.0	5.0
449	117	-	117	189	152	144.0	34.38	117.0	117.0	117.0	4.0
450	117	111	118	188	152	137.0	32.65	117.0	115.0	115.0	5.0
451	117	111	118	188	152	137.0	32.65	117.0	115.0	115.0	5.0
452	117	111	118	188	152	137.0	32.65	117.0	115.0	115.0	5.0
453	117	111	118	187	153	137.0	32.38	117.0	115.0	115.0	5.0
454	118	111	118	187	153	137.0	32.22	118.0	116.0	116.0	5.0
455	118	112	119	187	151	137.0	31.64	118.0	116.0	116.0	5.0
456	118	112	119	-	151	125.0	17.61	118.0	116.0	116.0	4.0
457	118	112	119	-	151	125.0	17.61	118.0	116.0	116.0	4.0
458	119	112	119	-	151	125.0	17.48	119.0	117.0	117.0	4.0
459	119	113	120	-	150	126.0	16.62	119.0	117.0	117.0	4.0
460	119	113	120	-	150	126.0	16.62	119.0	117.0	117.0	4.0
461	119	113	120	-	150	126.0	16.62	119.0	117.0	117.0	4.0
462	120	-	120	-	148	129.0	16.17	120.0	120.0	120.0	3.0
463	121	115	122	-	148	126.0	14.66	121.0	119.0	119.0	4.0
464	121	115	122	-	148	126.0	14.66	121.0	119.0	119.0	4.0
465	122	115	122	-	148	127.0	14.55	122.0	120.0	120.0	4.0
466	122	116	123	-	147	127.0	13.69	122.0	120.0	120.0	4.0
467	122	116	123	-	147	127.0	13.69	122.0	120.0	120.0	4.0
468	122	116	123	-	147	127.0	13.69	122.0	120.0	120.0	4.0
469	122	117	123	-	147	127.0	13.43	122.0	121.0	121.0	4.0
470	123	117	123	-	147	128.0	13.3	123.0	121.0	121.0	4.0
471	123	117	124	-	146	128.0	12.71	123.0	121.0	121.0	4.0
472	123	117	124	-	146	128.0	12.71	123.0	121.0	121.0	4.0
473	123	117	124	-	146	128.0	12.71	123.0	121.0	121.0	4.0
474	123	118	124	-	146	128.0	12.45	123.0	122.0	122.0	4.0
475	124	118	124	-	145	128.0	11.84	124.0	122.0	122.0	4.0
476	124	118	125	-	145	128.0	11.75	124.0	122.0	122.0	4.0
477	124	118	125	-	145	128.0	11.75	124.0	122.0	122.0	4.0
478	124	118	125	-	145	128.0	11.75	124.0	122.0	122.0	4.0
479	125	119	126	-	144	128.0	10.79	125.0	123.0	123.0	4.0
480	125	119	126	-	144	128.0	10.79	125.0	123.0	123.0	4.0
481	125	119	126	-	144	128.0	10.79	125.0	123.0	123.0	4.0
482	125	119	126	-	154	131.0	15.64	125.0	123.0	123.0	4.0
483	126	120	127	187	155	143.0	28.08	126.0	124.0	124.0	5.0
484	126	121	127	186	155	143.0	27.49	126.0	125.0	125.0	5.0
485	127	121	127	186	156	143.0	27.45	127.0	125.0	125.0	5.0
486	127	-	127	186	156	149.0	28.2	127.0	127.0	127.0	4.0
487	127	121	128	186	156	144.0	27.3	127.0	125.0	125.0	5.0
488	127	121	128	186	156	144.0	27.3	127.0	125.0	125.0	5.0
489	127	121	128	186	156	144.0	27.3	127.0	125.0	125.0	5.0
490	127	122	128	185	-	140.0	29.78	127.0	126.0	126.0	4.0
491	128	122	128	185	157	144.0	26.67	128.0	126.0	126.0	5.0
492	128	122	129	185	157	144.0	26.53	128.0	126.0	126.0	5.0
493	128	122	129	185	157	144.0	26.53	128.0	126.0	126.0	5.0
494	128	123	129	184	157	144.0	25.94	128.0	127.0	127.0	5.0
495	128	123	129	184	157	144.0	25.94	128.0	127.0	127.0	5.0
496	129	123	129	184	157	144.0	25.78	129.0	127.0	127.0	5.0
497	129	123	129	184	158	145.0	25.91	129.0	127.0	127.0	5.0
498	129	123	130	184	158	145.0	25.76	129.0	127.0	127.0	5.0
499	129	123	130	184	158	145.0	25.76	129.0	127.0	127.0	5.0
500	129	123	130	183	158	145.0	25.38	129.0	127.0	127.0	5.0
501	130	124	130	183	158	145.0	25.02	130.0	128.0	128.0	5.0
502	130	124	130	183	159	145.0	25.15	130.0	128.0	128.0	5.0
503	130	124	131	183	159	145.0	25.01	130.0	128.0	128.0	5.0
504	130	125	131	182	159	145.0	24.42	130.0	129.0	129.0	5.0
505	130	125	131	182	159	145.0	24.42	130.0	129.0	129.0	5.0
506	131	125	131	182	159	146.0	24.27	131.0	129.0	129.0	5.0
507	131	125	131	182	160	146.0	24.41	131.0	129.0	129.0	5.0
508	131	125	131	182	160	146.0	24.41	131.0	129.0	129.0	5.0
509	131	125	132	182	160	146.0	24.26	131.0	129.0	129.0	5.0
510	131	125	132	182	160	146.0	24.26	131.0	129.0	129.0	5.0
511	131	126	132	181	160	146.0	23.67	131.0	130.0	130.0	5.0
512	132	126	132	181	161	146.0	23.67	132.0	130.0	130.0	5.0
513	132	126	132	181	161	146.0	23.67	132.0	130.0	130.0	5.0
514	132	126	133	180	161	146.0	23.16	132.0	130.0	130.0	5.0
515	132	-	133	180	161	152.0	23.27	133.0	132.0	132.0	4.0
516	133	127	133	180	161	147.0	22.79	133.0	131.0	131.0	5.0
517	133	127	133	180	162	147.0	22.95	133.0	131.0	131.0	5.0
518	133	127	133	180	162	147.0	22.95	133.0	131.0	131.0	5.0
519	133	127	134	180	162	147.0	22.8	133.0	131.0	131.0	5.0
520	133	127	134	179	162	147.0	22.44	133.0	131.0	131.0	5.0
521	134	128	134	179	163	148.0	22.23	134.0	132.0	132.0	5.0
522	134	128	134	179	163	148.0	22.23	134.0	132.0	132.0	5.0
523	134	128	135	178	163	148.0	21.73	134.0	132.0	132.0	5.0
524	134	128	135	178	163	148.0	21.73	134.0	132.0	132.0	5.0
525	134	129	135	178	163	148.0	21.51	134.0	133.0	133.0	5.0
526	135	129	135	177	-	144.0	22.18	135.0	133.0	133.0	4.0
527	136	130	136	177	164	149.0	20.66	136.0	134.0	134.0	5.0
528	136	130	136	177	164	149.0	20.66	136.0	134.0	134.0	5.0
529	136	130	137	176	164	149.0	20.17	136.0	134.0	134.0	5.0
530	136	130	137	176	164	149.0	20.17	136.0	134.0	134.0	5.0
531	137	131	137	176	165	149.0	19.98	137.0	135.0	135.0	5.0
532	137	131	137	175	165	149.0	19.65	137.0	135.0	135.0	5.0
533	137	-	-	175	-	156.0	26.87	137.0	137.0	137.0	2.0
534	138	132	138	175	166	150.0	19.32	138.0	136.0	136.0	5.0
535	138	132	138	174	166	150.0	18.99	138.0	136.0	136.0	5.0
536	138	132	139	174	166	150.0	18.85	138.0	136.0	136.0	5.0
537	138	132	139	174	166	150.0	18.85	138.0	136.0	136.0	5.0
538	138	133	139	174	167	150.0	18.83	138.0	137.0	137.0	5.0
539	139	133	139	173	167	150.0	18.36	139.0	137.0	137.0	5.0
540	139	133	139	173	167	150.0	18.36	139.0	137.0	137.0	5.0
541	140	134	140	173	168	151.0	18.06	140.0	138.0	138.0	5.0
542	142	136	-	-	170	149.0	18.15	136.0	139.0	139.0	3.0
543	142	136	143	170	170	152.0	16.47	142.0	140.0	140.0	5.0
544	142	137	143	169	170	152.0	15.96	142.0	141.0	141.0	5.0
545	143	137	143	169	171	153.0	16.09	143.0	141.0	141.0	5.0
546	143	137	143	169	171	153.0	16.09	143.0	141.0	141.0	5.0
547	143	138	144	169	171	153.0	15.7	143.0	142.0	142.0	5.0
548	144	138	144	168	172	153.0	15.59	144.0	142.0	142.0	5.0
549	144	138	145	168	172	153.0	15.45	144.0	142.0	142.0	5.0
550	144	139	145	168	173	154.0	15.51	144.0	143.0	143.0	5.0
551	144	139	146	167	173	154.0	15.16	144.0	143.0	143.0	5.0
552	145	139	146	167	173	154.0	15.0	145.0	143.0	143.0	5.0
553	145	139	146	167	173	154.0	15.0	145.0	143.0	143.0	5.0
554	145	140	146	166	174	154.0	14.87	145.0	144.0	144.0	5.0
555	146	140	147	166	174	155.0	14.59	146.0	144.0	144.0	5.0
556	146	141	147	166	175	155.0	14.68	146.0	145.0	145.0	5.0
557	146	141	147	165	175	155.0	14.5	146.0	145.0	145.0	5.0
558	147	141	148	165	175	155.0	14.22	147.0	145.0	145.0	5.0
559	147	141	148	165	175	155.0	14.22	147.0	145.0	145.0	5.0
560	147	142	148	165	176	156.0	14.33	147.0	146.0	146.0	5.0
561	147	142	148	164	176	155.0	14.17	147.0	146.0	146.0	5.0
562	148	142	149	164	176	156.0	13.9	148.0	146.0	146.0	5.0
563	148	142	149	164	176	156.0	13.9	148.0	146.0	146.0	5.0
564	148	142	149	164	176	156.0	13.9	148.0	146.0	146.0	5.0
565	148	143	149	163	177	156.0	13.89	148.0	147.0	147.0	5.0
566	148	143	150	163	177	156.0	13.77	148.0	147.0	147.0	5.0
567	148	-	150	163	177	160.0	13.43	150.0	149.0	149.0	4.0
568	149	143	150	163	177	156.0	13.63	149.0	147.0	147.0	5.0
569	149	144	150	162	178	157.0	13.67	149.0	148.0	148.0	5.0
570	149	144	150	162	178	157.0	13.67	149.0	148.0	148.0	5.0
571	149	144	151	162	178	157.0	13.55	149.0	148.0	148.0	5.0
572	150	144	151	162	178	157.0	13.42	150.0	148.0	148.0	5.0
573	150	144	151	162	178	157.0	13.42	150.0	148.0	148.0	5.0
574	150	145	151	161	179	157.0	13.5	150.0	149.0	149.0	5.0
575	150	145	152	161	179	157.0	13.39	150.0	149.0	149.0	5.0
576	150	244	152	161	-	177.0	45.09	152.0	154.0	154.0	4.0
577	151	145	152	161	179	158.0	13.26	151.0	149.0	149.0	5.0
578	151	145	152	160	180	158.0	13.61	151.0	152.0	152.0	5.0
579	151	146	152	160	180	158.0	13.39	151.0	152.0	152.0	5.0
580	151	146	153	160	180	158.0	13.29	151.0	152.0	152.0	5.0
581	152	147	153	159	181	158.0	13.33	152.0	153.0	153.0	5.0
582	152	147	153	159	181	158.0	13.33	152.0	153.0	153.0	5.0
583	152	147	154	159	181	159.0	13.24	152.0	153.0	153.0	5.0
584	153	147	154	158	181	159.0	13.13	153.0	153.0	153.0	5.0
585	153	148	154	158	182	159.0	13.34	153.0	153.0	153.0	5.0
586	153	148	-	158	182	160.0	15.06	153.0	153.0	153.0	4.0
587	153	148	155	158	182	159.0	13.26	153.0	154.0	154.0	5.0
588	153	148	155	158	182	159.0	13.26	153.0	154.0	154.0	5.0
589	154	148	155	157	182	159.0	13.18	154.0	154.0	154.0	5.0
590	154	148	155	157	182	159.0	13.18	154.0	154.0	154.0	5.0
591	154	149	155	157	183	160.0	13.41	154.0	154.0	154.0	5.0
592	155	-	157	-	-	156.0	1.41	155.0	156.0	156.0	2.0
593	156	150	157	155	185	161.0	13.9	155.0	154.0	154.0	5.0
594	156	150	157	155	185	161.0	13.9	155.0	154.0	154.0	5.0
595	157	151	158	154	186	161.0	14.13	154.0	155.0	155.0	5.0
596	157	151	158	154	186	161.0	14.13	154.0	155.0	155.0	5.0
597	157	151	158	154	186	161.0	14.13	154.0	155.0	155.0	5.0
598	157	151	158	153	186	161.0	14.27	153.0	155.0	155.0	5.0
599	158	-	159	153	187	164.0	15.39	158.0	157.0	157.0	4.0
600	158	-	159	290	-	202.0	75.92	158.0	158.0	158.0	3.0
601	158	152	159	153	187	162.0	14.41	153.0	156.0	156.0	5.0
602	159	153	160	152	188	162.0	14.74	153.0	156.0	156.0	5.0
603	159	153	160	151	188	162.0	14.92	153.0	156.0	156.0	5.0
604	160	154	161	151	189	163.0	15.12	154.0	156.0	156.0	5.0
605	160	154	161	151	189	163.0	15.12	154.0	156.0	156.0	5.0
606	160	154	161	150	189	163.0	15.32	154.0	156.0	156.0	5.0
607	160	155	162	150	189	163.0	15.16	155.0	157.0	157.0	5.0
608	161	-	-	-	-	161.0	0.0	161.0	161.0	161.0	1.0
609	161	156	163	149	190	164.0	15.61	156.0	157.0	157.0	5.0
610	162	156	163	149	191	164.0	15.99	156.0	158.0	158.0	5.0
611	162	156	163	148	191	164.0	16.23	156.0	157.0	157.0	5.0
612	162	157	164	148	191	164.0	16.1	157.0	158.0	158.0	5.0
613	162	157	164	148	191	164.0	16.1	157.0	158.0	158.0	5.0
614	163	157	164	148	192	165.0	16.48	157.0	158.0	158.0	5.0
615	163	157	164	147	192	165.0	16.74	157.0	161.0	161.0	5.0
616	163	-	165	146	193	167.0	19.47	163.0	164.0	164.0	4.0
617	164	158	165	146	193	165.0	17.28	158.0	162.0	162.0	5.0
618	164	159	166	146	193	166.0	17.18	159.0	163.0	163.0	5.0
619	165	159	166	146	194	166.0	17.56	159.0	163.0	163.0	5.0
620	165	159	166	146	194	166.0	17.56	159.0	163.0	163.0	5.0
621	165	-	166	145	194	168.0	20.14	165.0	166.0	166.0	4.0
622	165	160	167	145	194	166.0	17.77	160.0	164.0	164.0	5.0
623	166	160	167	144	195	166.0	18.45	160.0	164.0	164.0	5.0
624	166	160	167	144	195	166.0	18.45	160.0	164.0	164.0	5.0
625	166	161	167	144	195	167.0	18.37	161.0	165.0	165.0	5.0
626	166	-	167	144	195	168.0	20.9	166.0	166.0	166.0	4.0
627	167	161	168	143	196	167.0	19.07	161.0	165.0	165.0	5.0
628	167	161	168	143	196	167.0	19.07	161.0	165.0	165.0	5.0
629	167	162	169	-	-	166.0	3.61	162.0	166.0	166.0	3.0
630	168	162	169	143	197	168.0	19.38	162.0	166.0	166.0	5.0
631	168	162	169	142	197	168.0	19.71	162.0	166.0	166.0	5.0
632	168	163	-	142	197	168.0	22.66	163.0	166.0	166.0	4.0
633	169	163	170	142	198	168.0	20.03	163.0	167.0	167.0	5.0
634	169	163	170	142	198	168.0	20.03	163.0	167.0	167.0	5.0
635	169	163	170	141	198	168.0	20.36	163.0	167.0	167.0	5.0
636	169	164	-	141	198	168.0	23.42	164.0	166.0	166.0	4.0
637	169	164	171	141	199	169.0	20.69	164.0	168.0	168.0	5.0
638	170	165	171	141	-	162.0	14.08	165.0	169.0	169.0	4.0
639	170	165	171	140	199	169.0	20.99	165.0	169.0	169.0	5.0
640	171	165	172	140	200	170.0	21.38	165.0	169.0	169.0	5.0
641	171	166	172	139	200	170.0	21.69	166.0	170.0	170.0	5.0
642	171	166	172	139	200	170.0	21.69	166.0	170.0	170.0	5.0
643	171	166	172	139	200	170.0	21.69	166.0	170.0	170.0	5.0
644	171	166	172	139	200	170.0	21.69	166.0	170.0	170.0	5.0
645	172	166	173	139	201	170.0	22.08	166.0	170.0	170.0	5.0
646	172	167	173	138	201	170.0	22.4	167.0	171.0	171.0	5.0
647	172	167	173	138	201	170.0	22.4	167.0	171.0	171.0	5.0
648	172	-	-	-	-	172.0	0.0	172.0	172.0	172.0	1.0
649	173	167	174	137	202	171.0	23.16	167.0	171.0	171.0	5.0
650	173	168	174	137	202	171.0	23.12	168.0	172.0	172.0	5.0
651	173	168	174	137	202	171.0	23.12	168.0	172.0	172.0	5.0
652	173	168	175	137	202	171.0	23.16	168.0	172.0	172.0	5.0
653	174	168	175	136	203	171.0	23.89	168.0	172.0	172.0	5.0
654	174	169	175	136	203	171.0	23.86	169.0	173.0	173.0	5.0
655	174	169	175	136	203	171.0	23.86	169.0	173.0	173.0	5.0
656	174	169	175	136	203	171.0	23.86	169.0	173.0	173.0	5.0
657	175	169	176	136	204	172.0	24.26	169.0	173.0	173.0	5.0
658	175	169	176	135	204	172.0	24.63	169.0	173.0	173.0	5.0
659	175	170	176	135	204	172.0	24.61	170.0	174.0	174.0	5.0
660	175	170	176	135	204	172.0	24.61	170.0	174.0	174.0	5.0
661	175	170	176	135	204	172.0	24.61	170.0	174.0	174.0	5.0
662	175	170	176	135	204	172.0	24.61	170.0	174.0	174.0	5.0
663	175	170	177	134	204	172.0	25.03	170.0	174.0	174.0	5.0
664	176	171	177	134	205	173.0	25.36	171.0	175.0	175.0	5.0
665	176	171	177	134	205	173.0	25.36	171.0	175.0	175.0	5.0
666	176	171	177	134	205	173.0	25.36	171.0	175.0	175.0	5.0
667	177	171	-	133	206	172.0	30.02	171.0	174.0	174.0	4.0
668	177	-	-	133	206	172.0	36.76	133.0	133.0	133.0	3.0
669	177	172	-	-	206	185.0	18.36	172.0	174.0	174.0	3.0
670	177	172	178	133	206	173.0	26.13	172.0	176.0	176.0	5.0
671	177	172	178	133	206	173.0	26.13	172.0	176.0	176.0	5.0
672	177	172	178	132	207	173.0	26.83	172.0	176.0	176.0	5.0
673	178	173	178	132	207	174.0	26.86	173.0	176.0	176.0	5.0
674	178	173	179	132	207	174.0	26.9	173.0	177.0	177.0	5.0
675	178	173	179	132	207	174.0	26.9	173.0	177.0	177.0	5.0
676	178	173	179	131	208	174.0	27.6	173.0	177.0	177.0	5.0
677	179	174	179	131	208	174.0	27.64	174.0	177.0	177.0	5.0
678	179	174	180	131	208	174.0	27.68	174.0	178.0	178.0	5.0
679	179	174	180	131	208	174.0	27.68	174.0	178.0	178.0	5.0
680	179	174	180	130	209	174.0	28.38	174.0	178.0	178.0	5.0
681	180	174	180	130	209	175.0	28.42	174.0	178.0	178.0	5.0
682	180	175	181	130	209	175.0	28.47	175.0	179.0	179.0	5.0
683	180	175	181	129	209	175.0	28.87	175.0	179.0	179.0	5.0
684	181	175	181	129	210	175.0	29.21	175.0	179.0	179.0	5.0
685	181	176	182	129	210	176.0	29.26	176.0	180.0	180.0	5.0
686	181	176	182	129	210	176.0	29.26	176.0	180.0	180.0	5.0
687	181	176	182	128	210	175.0	29.66	176.0	180.0	180.0	5.0
688	182	177	182	128	211	176.0	30.01	177.0	180.0	180.0	5.0
689	182	177	183	127	211	176.0	30.46	177.0	181.0	181.0	5.0
690	182	-	-	-	-	182.0	0.0	182.0	182.0	182.0	1.0
691	183	190	183	-	212	192.0	13.74	183.0	185.0	185.0	4.0
692	183	178	184	126	212	177.0	31.27	178.0	182.0	182.0	5.0
693	183	178	184	126	212	177.0	31.27	178.0	182.0	182.0	5.0
694	184	178	184	125	213	177.0	32.01	178.0	182.0	182.0	5.0
695	184	179	184	125	213	177.0	32.02	179.0	182.0	182.0	5.0
696	184	179	185	125	213	177.0	32.08	179.0	183.0	183.0	5.0
697	184	179	185	125	213	177.0	32.08	179.0	183.0	183.0	5.0
698	184	179	185	125	213	177.0	32.08	179.0	183.0	183.0	5.0
699	185	179	185	124	214	177.0	32.82	179.0	183.0	183.0	5.0
700	185	180	185	124	214	178.0	32.84	180.0	183.0	183.0	5.0
701	185	180	185	124	214	178.0	32.84	180.0	183.0	183.0	5.0
702	185	180	-	124	214	176.0	37.62	180.0	182.0	182.0	4.0
703	185	180	186	124	214	178.0	32.9	180.0	184.0	184.0	5.0
704	185	180	186	124	214	178.0	32.9	180.0	184.0	184.0	5.0
705	185	180	186	124	214	178.0	32.9	180.0	184.0	184.0	5.0
706	186	180	186	123	215	178.0	33.64	180.0	184.0	184.0	5.0
707	186	181	186	123	215	178.0	33.66	181.0	184.0	184.0	5.0
708	186	181	187	-	215	192.0	15.39	186.0	185.0	185.0	4.0
709	186	181	187	123	215	178.0	33.72	181.0	185.0	185.0	5.0
710	186	181	187	122	216	178.0	34.4	181.0	185.0	185.0	5.0
711	187	182	187	122	216	179.0	34.48	182.0	185.0	185.0	5.0
712	187	182	187	122	216	179.0	34.48	182.0	185.0	185.0	5.0
713	187	182	188	122	216	179.0	34.54	182.0	186.0	186.0	5.0
714	187	182	188	122	216	179.0	34.54	182.0	186.0	186.0	5.0
715	187	182	188	122	216	179.0	34.54	182.0	186.0	186.0	5.0
716	187	182	188	121	216	179.0	34.95	182.0	186.0	186.0	5.0
717	188	183	188	121	217	179.0	35.3	183.0	186.0	186.0	5.0
718	188	183	188	121	217	179.0	35.3	183.0	186.0	186.0	5.0
719	188	183	189	121	217	180.0	35.37	183.0	187.0	187.0	5.0
720	188	184	189	121	217	180.0	35.39	184.0	187.0	187.0	5.0
721	188	184	189	120	217	180.0	35.81	184.0	187.0	187.0	5.0
722	188	184	189	120	217	180.0	35.81	184.0	187.0	187.0	5.0
723	189	184	189	120	218	180.0	36.13	184.0	187.0	187.0	5.0
724	189	184	190	120	218	180.0	36.2	184.0	188.0	188.0	5.0
725	189	185	190	120	218	180.0	36.23	185.0	188.0	188.0	5.0
726	189	185	190	120	218	180.0	36.23	185.0	188.0	188.0	5.0
727	189	185	190	119	218	180.0	36.64	185.0	188.0	188.0	5.0
728	190	185	190	119	219	181.0	36.96	185.0	188.0	188.0	5.0
729	190	185	191	119	219	181.0	37.03	185.0	189.0	189.0	5.0
730	190	185	191	119	219	181.0	37.03	185.0	189.0	189.0	5.0
731	190	186	191	118	219	181.0	37.48	186.0	189.0	189.0	5.0
732	190	186	191	118	219	181.0	37.48	186.0	189.0	189.0	5.0
733	191	186	191	118	220	181.0	37.8	186.0	189.0	189.0	5.0
734	191	186	192	118	220	181.0	37.87	186.0	190.0	190.0	5.0
735	191	186	192	117	220	181.0	38.28	186.0	190.0	190.0	5.0
736	191	187	192	117	220	181.0	38.32	187.0	190.0	190.0	5.0
737	192	187	192	117	221	182.0	38.64	187.0	190.0	190.0	5.0
738	192	187	193	117	221	182.0	38.7	187.0	191.0	191.0	5.0
739	192	187	193	116	221	182.0	39.12	187.0	191.0	191.0	5.0
740	192	188	193	116	222	182.0	39.41	188.0	191.0	191.0	5.0
741	193	188	193	116	222	182.0	39.48	188.0	191.0	191.0	5.0
742	193	188	194	116	222	183.0	39.54	188.0	192.0	192.0	5.0
743	193	188	-	115	222	180.0	45.54	188.0	190.0	190.0	4.0
744	193	189	-	115	222	180.0	45.6	189.0	191.0	191.0	4.0
745	193	189	-	115	222	180.0	45.6	189.0	191.0	191.0	4.0
746	194	189	-	-	223	202.0	18.36	189.0	192.0	192.0	3.0
747	194	-	-	127	-	160.0	47.38	127.0	127.0	127.0	2.0
748	194	-	-	-	-	194.0	0.0	194.0	194.0	194.0	1.0
749	195	190	194	-	224	201.0	15.65	194.0	193.0	193.0	4.0
750	195	190	194	114	224	183.0	41.1	190.0	193.0	193.0	5.0
751	195	191	-	-	225	204.0	18.58	191.0	193.0	193.0	3.0
752	195	191	195	113	225	184.0	41.87	191.0	194.0	194.0	5.0
753	196	191	195	113	225	184.0	41.94	191.0	194.0	194.0	5.0
754	196	-	-	-	-	196.0	0.0	196.0	196.0	196.0	1.0
755	196	-	-	112	-	154.0	59.4	112.0	112.0	112.0	2.0
756	196	191	195	112	225	184.0	42.36	191.0	194.0	194.0	5.0
757	197	192	195	112	226	184.0	42.72	192.0	195.0	195.0	5.0
758	197	192	196	111	226	184.0	43.21	192.0	195.0	195.0	5.0
759	197	192	196	111	226	184.0	43.21	192.0	195.0	195.0	5.0
760	197	192	196	111	226	184.0	43.21	192.0	195.0	195.0	5.0
761	197	192	196	111	226	184.0	43.21	192.0	195.0	195.0	5.0
762	198	192	196	111	226	185.0	43.29	192.0	195.0	195.0	5.0
763	198	193	197	110	227	185.0	44.06	193.0	196.0	196.0	5.0
764	198	193	197	110	227	185.0	44.06	193.0	196.0	196.0	5.0
765	198	193	197	110	227	185.0	44.06	193.0	196.0	196.0	5.0
766	198	193	197	110	227	185.0	44.06	193.0	196.0	196.0	5.0
767	198	193	197	110	227	185.0	44.06	193.0	196.0	196.0	5.0
768	199	194	197	110	227	185.0	44.18	194.0	197.0	197.0	5.0
769	199	194	197	109	228	185.0	44.85	194.0	197.0	197.0	5.0
770	199	194	198	109	-	175.0	44.05	194.0	197.0	197.0	4.0
771	199	194	198	109	228	186.0	44.91	194.0	197.0	197.0	5.0
772	199	194	198	109	228	186.0	44.91	194.0	197.0	197.0	5.0
773	200	194	198	109	228	186.0	44.99	194.0	197.0	197.0	5.0
774	200	195	199	108	229	186.0	45.77	195.0	198.0	198.0	5.0
775	200	195	199	108	229	186.0	45.77	195.0	198.0	198.0	5.0
776	201	196	199	108	230	187.0	46.13	196.0	199.0	199.0	5.0
777	201	-	-	-	-	201.0	0.0	201.0	201.0	201.0	1.0
778	201	196	200	107	230	187.0	46.62	196.0	199.0	199.0	5.0
779	201	196	-	-	-	198.0	3.54	196.0	198.0	198.0	2.0
780	201	-	-	-	-	201.0	0.0	201.0	201.0	201.0	1.0
781	201	196	200	195	139	186.0	26.51	195.0	198.0	198.0	5.0
782	201	196	200	195	138	186.0	26.95	195.0	198.0	198.0	5.0
783	202	197	201	196	138	187.0	27.4	196.0	199.0	199.0	5.0
784	202	197	201	196	138	187.0	27.4	196.0	199.0	199.0	5.0
785	203	197	201	197	-	200.0	3.0	197.0	200.0	200.0	4.0
786	203	198	202	197	137	187.0	28.29	197.0	200.0	200.0	5.0
787	204	198	202	198	136	188.0	28.96	198.0	200.0	200.0	5.0
788	204	199	203	198	136	188.0	29.18	198.0	201.0	201.0	5.0
789	204	199	203	198	136	188.0	29.18	198.0	201.0	201.0	5.0
790	204	-	-	-	-	204.0	0.0	204.0	204.0	204.0	1.0
791	204	199	-	198	-	200.0	3.21	198.0	200.0	200.0	3.0
792	204	71	102	198	136	142.0	58.43	102.0	102.0	102.0	5.0
793	204	-	203	198	136	185.0	32.94	198.0	202.0	202.0	4.0
794	205	-	279	-	-	242.0	52.33	205.0	205.0	205.0	2.0
795	205	200	204	199	135	189.0	30.07	199.0	202.0	202.0	5.0
796	205	200	204	199	135	189.0	30.07	199.0	202.0	202.0	5.0
797	205	200	204	200	135	189.0	30.16	200.0	202.0	202.0	5.0
798	206	200	204	200	135	189.0	30.3	200.0	202.0	202.0	5.0
799	206	201	204	200	134	189.0	30.84	200.0	203.0	203.0	5.0
800	206	201	204	200	134	189.0	30.84	200.0	203.0	203.0	5.0
801	206	-	-	-	-	206.0	0.0	206.0	206.0	206.0	1.0
802	206	201	205	201	133	189.0	31.5	201.0	203.0	203.0	5.0
803	207	201	205	201	133	189.0	31.64	201.0	204.0	204.0	5.0
804	207	201	206	201	133	190.0	31.76	201.0	204.0	204.0	5.0
805	207	202	206	202	133	190.0	31.95	202.0	204.0	204.0	5.0
806	208	202	206	202	132	190.0	32.53	202.0	204.0	204.0	5.0
807	208	202	206	202	132	190.0	32.53	202.0	204.0	204.0	5.0
808	208	203	207	203	131	190.0	33.28	203.0	205.0	205.0	5.0
809	209	203	207	203	131	191.0	33.42	203.0	206.0	206.0	5.0
810	209	204	208	204	131	191.0	33.73	204.0	206.0	206.0	5.0
811	210	-	-	-	-	210.0	0.0	210.0	210.0	210.0	1.0
812	210	205	209	205	130	192.0	34.62	205.0	207.0	207.0	5.0
813	210	205	209	205	129	192.0	35.07	205.0	207.0	207.0	5.0
814	211	205	210	205	129	192.0	35.33	205.0	208.0	208.0	5.0
815	211	206	210	206	129	192.0	35.51	206.0	208.0	208.0	5.0
816	211	206	210	206	127	192.0	36.41	206.0	208.0	208.0	5.0
817	213	-	212	-	-	212.0	0.71	212.0	212.0	212.0	2.0
818	213	208	212	208	127	194.0	37.3	208.0	210.0	210.0	5.0
819	213	208	212	208	127	194.0	37.3	208.0	210.0	210.0	5.0
820	214	208	212	208	127	194.0	37.43	208.0	210.0	210.0	5.0
821	214	208	212	208	126	194.0	37.88	208.0	210.0	210.0	5.0
822	214	208	213	209	126	194.0	38.1	208.0	211.0	211.0	5.0
823	214	209	213	209	126	194.0	38.19	209.0	211.0	211.0	5.0
824	214	209	213	209	126	194.0	38.19	209.0	211.0	211.0	5.0
825	215	209	213	209	126	194.0	38.32	209.0	212.0	212.0	5.0
826	215	209	213	209	125	194.0	38.77	209.0	212.0	212.0	5.0
827	215	209	213	210	125	194.0	38.87	209.0	212.0	212.0	5.0
828	215	210	214	-	125	191.0	44.05	210.0	213.0	213.0	4.0
829	216	-	-	211	124	184.0	51.73	124.0	124.0	124.0	3.0
830	216	210	214	211	124	195.0	39.76	210.0	213.0	213.0	5.0
831	216	210	-	211	124	190.0	44.24	210.0	212.0	212.0	4.0
832	216	211	215	211	123	195.0	40.43	211.0	213.0	213.0	5.0
833	216	211	215	211	123	195.0	40.43	211.0	213.0	213.0	5.0
834	217	211	215	212	123	196.0	40.65	211.0	214.0	214.0	5.0
835	217	211	216	212	123	196.0	40.78	211.0	214.0	214.0	5.0
836	217	-	-	-	-	217.0	0.0	217.0	217.0	217.0	1.0
837	217	212	216	212	122	196.0	41.32	212.0	214.0	214.0	5.0
838	218	212	216	213	122	196.0	41.55	212.0	215.0	215.0	5.0
839	218	213	216	213	122	196.0	41.64	213.0	215.0	215.0	5.0
840	218	213	217	213	122	197.0	41.76	213.0	215.0	215.0	5.0
841	218	213	217	213	122	197.0	41.76	213.0	215.0	215.0	5.0
842	218	213	217	213	121	196.0	42.21	213.0	215.0	215.0	5.0
843	218	213	217	213	121	196.0	42.21	213.0	215.0	215.0	5.0
844	219	214	217	214	121	197.0	42.54	214.0	216.0	216.0	5.0
845	219	214	217	214	121	197.0	42.54	214.0	216.0	216.0	5.0
846	219	214	217	214	121	197.0	42.54	214.0	216.0	216.0	5.0
847	219	214	218	214	121	197.0	42.66	214.0	216.0	216.0	5.0
848	219	214	218	214	120	197.0	43.1	214.0	216.0	216.0	5.0
849	220	214	218	214	120	197.0	43.23	214.0	216.0	216.0	5.0
850	220	215	218	215	120	198.0	43.43	215.0	217.0	217.0	5.0
851	220	215	218	215	120	198.0	43.43	215.0	217.0	217.0	5.0
852	220	215	219	215	120	198.0	43.55	215.0	217.0	217.0	5.0
853	220	-	-	-	-	220.0	0.0	220.0	220.0	220.0	1.0
854	220	215	-	-	-	218.0	3.54	215.0	218.0	218.0	2.0
855	221	216	-	-	-	218.0	3.54	216.0	218.0	218.0	2.0
856	221	-	219	216	119	194.0	49.88	216.0	219.0	219.0	4.0
857	221	216	220	216	118	198.0	44.89	216.0	218.0	218.0	5.0
858	222	-	220	-	118	187.0	59.48	118.0	118.0	118.0	3.0
859	222	217	220	217	118	199.0	45.22	217.0	219.0	219.0	5.0
860	222	218	221	218	117	199.0	45.99	218.0	220.0	220.0	5.0
861	223	218	221	218	117	199.0	46.11	218.0	220.0	220.0	5.0
862	223	218	221	218	117	199.0	46.11	218.0	220.0	220.0	5.0
863	223	219	222	219	116	200.0	46.88	219.0	221.0	221.0	5.0
864	224	219	222	219	116	200.0	47.01	219.0	221.0	221.0	5.0
865	224	219	222	219	116	200.0	47.01	219.0	221.0	221.0	5.0
866	224	-	-	219	116	186.0	60.96	116.0	116.0	116.0	3.0
867	224	220	223	220	115	200.0	47.77	220.0	222.0	222.0	5.0
868	225	220	223	220	115	201.0	47.9	220.0	222.0	222.0	5.0
869	225	220	223	220	115	201.0	47.9	220.0	222.0	222.0	5.0
870	225	-	-	-	-	225.0	0.0	225.0	225.0	225.0	1.0
871	226	221	-	-	114	187.0	63.27	114.0	114.0	114.0	3.0
872	226	221	224	221	114	201.0	48.79	221.0	223.0	223.0	5.0
873	226	-	-	-	-	226.0	0.0	226.0	226.0	226.0	1.0
874	226	222	224	-	-	224.0	2.0	222.0	224.0	224.0	3.0
875	227	-	-	-	-	227.0	0.0	227.0	227.0	227.0	1.0
876	228	-	305	-	107	213.0	99.81	107.0	107.0	107.0	3.0
877	228	-	305	-	106	213.0	100.34	106.0	106.0	106.0	3.0
878	228	236	97	-	106	167.0	75.5	106.0	102.0	102.0	4.0
879	228	232	306	-	100	216.0	85.55	228.0	230.0	230.0	4.0
880	229	232	101	-	101	166.0	74.78	101.0	101.0	101.0	4.0
881	230	232	101	-	101	166.0	75.06	101.0	101.0	101.0	4.0
882	230	232	101	-	101	166.0	75.06	101.0	101.0	101.0	4.0
883	230	231	102	-	-	188.0	74.19	102.0	102.0	102.0	3.0
884	231	231	102	-	110	168.0	72.24	110.0	106.0	106.0	4.0
885	231	-	-	-	105	168.0	89.1	105.0	105.0	105.0	2.0
886	231	97	96	99	238	152.0	75.18	97.0	97.0	97.0	5.0
887	232	97	96	99	238	152.0	75.44	97.0	97.0	97.0	5.0
888	232	97	95	98	238	152.0	75.81	97.0	97.0	97.0	5.0
889	232	96	95	98	238	152.0	75.99	96.0	96.0	96.0	5.0
890	233	96	95	98	239	152.0	76.54	96.0	96.0	96.0	5.0
891	233	96	95	98	239	152.0	76.54	96.0	96.0	96.0	5.0
892	233	-	95	98	239	166.0	80.59	98.0	96.0	96.0	4.0
893	233	96	94	97	239	152.0	76.9	96.0	96.0	96.0	5.0
894	234	95	94	97	240	152.0	77.63	95.0	95.0	95.0	5.0
895	234	95	94	97	240	152.0	77.63	95.0	95.0	95.0	5.0
896	234	-	-	-	-	234.0	0.0	234.0	234.0	234.0	1.0
897	234	95	93	96	-	130.0	69.68	95.0	95.0	95.0	4.0
898	234	-	93	96	240	166.0	82.32	96.0	94.0	94.0	4.0
899	235	94	93	96	241	152.0	78.73	94.0	94.0	94.0	5.0
900	235	-	93	96	241	166.0	82.9	96.0	94.0	94.0	4.0
901	235	94	92	95	241	151.0	79.09	94.0	94.0	94.0	5.0
902	235	94	92	95	241	151.0	79.09	94.0	94.0	94.0	5.0
903	235	94	92	95	241	151.0	79.09	94.0	94.0	94.0	5.0
904	236	93	92	95	242	152.0	79.82	93.0	93.0	93.0	5.0
905	236	93	92	95	242	152.0	79.82	93.0	93.0	93.0	5.0
906	236	93	92	95	242	152.0	79.82	93.0	93.0	93.0	5.0
907	236	93	91	94	242	151.0	80.19	93.0	93.0	93.0	5.0
908	236	93	91	94	242	151.0	80.19	93.0	93.0	93.0	5.0
909	236	92	91	94	243	151.0	80.65	92.0	92.0	92.0	5.0
910	237	92	91	94	243	151.0	80.92	92.0	92.0	92.0	5.0
911	237	92	91	93	243	151.0	81.09	92.0	92.0	92.0	5.0
912	237	92	90	93	243	151.0	81.28	92.0	92.0	92.0	5.0
913	237	91	90	93	243	151.0	81.46	91.0	91.0	91.0	5.0
914	238	91	90	93	244	151.0	82.01	91.0	91.0	91.0	5.0
915	238	91	90	92	244	151.0	82.19	91.0	91.0	91.0	5.0
916	238	91	89	92	244	151.0	82.38	91.0	91.0	91.0	5.0
917	238	90	89	92	244	151.0	82.56	90.0	90.0	90.0	5.0
918	239	90	89	92	245	151.0	83.11	90.0	90.0	90.0	5.0
919	239	90	88	91	245	151.0	83.47	90.0	90.0	90.0	5.0
920	239	89	88	91	245	150.0	83.65	89.0	89.0	89.0	5.0
921	240	89	88	91	245	151.0	83.92	89.0	89.0	89.0	5.0
922	240	89	88	90	246	151.0	84.38	89.0	89.0	89.0	5.0
923	240	89	87	90	246	150.0	84.57	89.0	89.0	89.0	5.0
924	240	89	87	90	246	150.0	84.57	89.0	89.0	89.0	5.0
925	240	88	87	90	246	150.0	84.75	88.0	88.0	88.0	5.0
926	241	88	87	90	247	151.0	85.3	88.0	88.0	88.0	5.0
927	241	88	87	89	247	150.0	85.47	88.0	88.0	88.0	5.0
928	241	88	87	89	247	150.0	85.47	88.0	88.0	88.0	5.0
929	241	88	86	89	247	150.0	85.66	88.0	88.0	88.0	5.0
930	241	87	86	89	247	150.0	85.84	87.0	87.0	87.0	5.0
931	242	-	86	89	248	166.0	90.97	89.0	88.0	88.0	4.0
932	242	87	86	88	248	150.0	86.57	87.0	87.0	87.0	5.0
933	242	87	86	88	248	150.0	86.57	87.0	87.0	87.0	5.0
934	242	87	85	88	248	150.0	86.76	87.0	87.0	87.0	5.0
935	242	87	85	88	248	150.0	86.76	87.0	87.0	87.0	5.0
936	242	86	85	88	248	150.0	86.94	86.0	86.0	86.0	5.0
937	243	86	85	87	249	150.0	87.66	86.0	86.0	86.0	5.0
938	243	86	85	87	249	150.0	87.66	86.0	86.0	86.0	5.0
939	243	86	85	87	249	150.0	87.66	86.0	86.0	86.0	5.0
940	243	86	85	87	249	150.0	87.66	86.0	86.0	86.0	5.0
941	243	86	85	87	249	150.0	87.66	86.0	86.0	86.0	5.0
942	243	86	84	87	249	150.0	87.85	86.0	86.0	86.0	5.0
943	243	85	84	86	249	149.0	88.21	85.0	85.0	85.0	5.0
944	244	85	84	86	250	150.0	88.76	85.0	85.0	85.0	5.0
945	244	85	84	86	250	150.0	88.76	85.0	85.0	85.0	5.0
946	244	84	83	86	250	149.0	89.13	84.0	84.0	84.0	5.0
947	244	84	83	86	250	149.0	89.13	84.0	84.0	84.0	5.0
948	245	-	-	-	-	245.0	0.0	245.0	245.0	245.0	1.0
949	245	84	83	85	251	150.0	89.85	84.0	84.0	84.0	5.0
950	245	84	83	85	251	150.0	89.85	84.0	84.0	84.0	5.0
951	245	84	82	85	251	149.0	90.04	84.0	84.0	84.0	5.0
952	245	-	82	-	251	193.0	95.89	82.0	82.0	82.0	3.0
953	246	-	-	-	251	248.0	3.54	246.0	248.0	248.0	2.0
954	246	83	82	85	252	150.0	90.77	83.0	83.0	83.0	5.0
955	246	83	82	84	252	149.0	90.95	83.0	83.0	83.0	5.0
956	246	83	81	84	252	149.0	91.14	83.0	83.0	83.0	5.0
957	246	83	81	84	252	149.0	91.14	83.0	83.0	83.0	5.0
958	247	82	81	83	253	149.0	92.04	82.0	82.0	82.0	5.0
959	247	82	81	83	253	149.0	92.04	82.0	82.0	82.0	5.0
960	247	82	81	83	253	149.0	92.04	82.0	82.0	82.0	5.0
961	247	82	80	83	253	149.0	92.23	82.0	82.0	82.0	5.0
962	247	81	80	83	253	149.0	92.41	81.0	81.0	81.0	5.0
963	248	81	79	82	254	149.0	93.33	81.0	81.0	81.0	5.0
964	248	80	79	81	254	148.0	93.69	80.0	80.0	80.0	5.0
965	249	80	79	81	255	149.0	94.23	80.0	80.0	80.0	5.0
966	249	80	78	81	255	149.0	94.42	80.0	80.0	80.0	5.0
967	250	-	-	-	-	250.0	0.0	250.0	250.0	250.0	1.0
968	250	216	-	-	-	233.0	24.04	216.0	216.0	216.0	2.0
969	250	-	-	-	-	250.0	0.0	250.0	250.0	250.0	1.0
970	250	249	244	243	80	213.0	74.52	243.0	246.0	246.0	5.0
971	250	249	244	243	80	213.0	74.52	243.0	246.0	246.0	5.0
972	250	249	244	243	80	213.0	74.52	243.0	246.0	246.0	5.0
973	251	250	245	244	80	214.0	74.97	244.0	248.0	248.0	5.0
974	251	250	245	244	79	214.0	75.42	244.0	248.0	248.0	5.0
975	251	250	245	244	79	214.0	75.42	244.0	248.0	248.0	5.0
976	252	251	245	245	79	214.0	75.76	245.0	248.0	248.0	5.0
977	252	251	246	245	79	215.0	75.86	245.0	248.0	248.0	5.0
978	252	251	246	245	78	214.0	76.31	245.0	248.0	248.0	5.0
979	252	251	246	245	78	214.0	76.31	245.0	248.0	248.0	5.0
980	253	252	246	246	78	215.0	76.66	246.0	249.0	249.0	5.0
981	253	252	246	246	78	215.0	76.66	246.0	249.0	249.0	5.0
982	253	252	246	246	78	215.0	76.66	246.0	249.0	249.0	5.0
983	253	252	247	246	77	215.0	77.2	246.0	250.0	250.0	5.0
984	253	252	247	246	77	215.0	77.2	246.0	250.0	250.0	5.0
985	254	253	247	247	77	216.0	77.55	247.0	250.0	250.0	5.0
986	254	253	247	247	77	216.0	77.55	247.0	250.0	250.0	5.0
987	254	-	112	-	76	147.0	94.11	76.0	76.0	76.0	3.0
988	254	105	248	248	139	199.0	71.17	139.0	139.0	139.0	5.0
989	255	254	249	248	75	216.0	78.99	248.0	252.0	252.0	5.0
990	255	254	249	248	75	216.0	78.99	248.0	252.0	252.0	5.0
991	256	255	249	249	75	217.0	79.34	249.0	252.0	252.0	5.0
992	256	255	250	249	74	217.0	79.89	249.0	252.0	252.0	5.0
993	256	255	250	249	74	217.0	79.89	249.0	252.0	252.0	5.0
994	256	255	250	250	74	217.0	79.99	250.0	253.0	253.0	5.0
995	257	256	250	250	74	217.0	80.23	250.0	253.0	253.0	5.0
996	257	256	250	250	74	217.0	80.23	250.0	253.0	253.0	5.0
997	257	256	250	250	74	217.0	80.23	250.0	253.0	253.0	5.0
998	257	256	251	250	74	218.0	80.33	250.0	254.0	254.0	5.0
999	257	256	251	250	73	289.0	80.33	251.0	254.0	254.0	5.0
1000	257	257	251	251	73	290.0	80.11	251.0	254.0	254.0	5.0
1001	258	257	251	251	73	290.0	80.01	251.0	254.0	254.0	5.0
1002	258	257	252	251	73	290.0	79.89	252.0	254.0	254.0	5.0
1003	258	257	252	251	73	290.0	79.89	252.0	254.0	254.0	5.0
1004	258	257	252	251	72	290.0	79.44	252.0	254.0	254.0	5.0
1005	258	257	252	252	72	290.0	79.32	252.0	255.0	255.0	5.0
1006	259	258	252	252	72	291.0	79.11	252.0	255.0	255.0	5.0
1007	259	258	253	252	72	291.0	78.99	253.0	256.0	256.0	5.0
1008	259	258	253	252	72	291.0	78.99	253.0	256.0	256.0	5.0
1009	259	258	253	252	71	291.0	78.54	253.0	256.0	256.0	5.0
1010	259	258	253	253	71	291.0	78.42	253.0	256.0	256.0	5.0
1011	259	258	253	253	71	291.0	78.42	253.0	256.0	256.0	5.0
1012	259	259	253	253	71	291.0	78.32	253.0	256.0	256.0	5.0
1013	260	-	-	253	-	256.0	4.95	253.0	256.0	256.0	2.0
1014	260	259	254	254	70	291.0	77.53	254.0	257.0	257.0	5.0
1015	261	261	255	255	69	292.0	76.53	255.0	258.0	258.0	5.0
1016	262	261	255	255	69	292.0	76.43	255.0	258.0	258.0	5.0
1017	262	261	255	255	69	292.0	76.43	255.0	258.0	258.0	5.0
1018	262	261	256	255	69	293.0	76.31	256.0	258.0	258.0	5.0
1019	262	261	256	255	69	293.0	76.31	256.0	258.0	258.0	5.0
1020	262	261	256	256	68	293.0	75.74	256.0	259.0	259.0	5.0
1021	262	261	256	256	68	293.0	75.74	256.0	259.0	259.0	5.0
1022	263	262	257	256	68	293.0	75.42	257.0	260.0	260.0	5.0
1023	263	262	257	257	67	293.0	74.85	257.0	260.0	260.0	5.0
1024	263	262	257	257	67	293.0	74.85	257.0	260.0	260.0	5.0
1025	264	56	257	257	66	324.0	88.67	257.0	259.0	259.0	5.0
1026	264	264	258	258	66	294.0	73.85	258.0	261.0	261.0	5.0
1027	265	264	258	258	-	261.0	3.77	258.0	261.0	261.0	4.0
1028	265	264	259	258	66	294.0	73.63	259.0	262.0	262.0	5.0
1029	265	264	259	259	66	295.0	73.51	259.0	262.0	262.0	5.0
1030	265	264	259	259	66	295.0	73.51	259.0	262.0	262.0	5.0
1031	265	264	259	259	65	294.0	73.06	259.0	262.0	262.0	5.0
1032	265	264	259	259	65	294.0	73.06	259.0	262.0	262.0	5.0
1033	265	265	259	259	65	295.0	72.96	259.0	262.0	262.0	5.0
1034	266	265	259	259	65	295.0	72.86	259.0	262.0	262.0	5.0
1035	266	-	260	260	64	302.0	81.05	260.0	262.0	262.0	4.0
1036	266	266	-	260	64	304.0	80.05	266.0	264.0	264.0	4.0
1037	267	266	261	261	64	296.0	71.72	261.0	264.0	264.0	5.0
1038	267	266	261	261	63	296.0	71.27	261.0	264.0	264.0	5.0
1039	267	266	261	261	63	296.0	71.27	261.0	264.0	264.0	5.0
1040	267	267	261	261	63	296.0	71.17	261.0	264.0	264.0	5.0
1041	268	267	261	262	63	296.0	70.95	262.0	264.0	264.0	5.0
1042	268	267	262	262	63	296.0	70.83	262.0	265.0	265.0	5.0
1043	268	267	262	262	62	296.0	70.38	262.0	265.0	265.0	5.0
1044	268	268	262	262	196	251.0	31.0	262.0	265.0	265.0	5.0
1045	269	268	263	263	61	297.0	69.49	263.0	266.0	266.0	5.0
1046	269	268	263	263	61	297.0	69.49	263.0	266.0	266.0	5.0
1047	269	269	263	263	61	297.0	69.38	263.0	266.0	266.0	5.0
1048	270	269	264	264	60	297.0	68.59	264.0	267.0	267.0	5.0
1049	270	269	264	264	60	297.0	68.59	264.0	267.0	267.0	5.0
1050	270	269	264	264	60	297.0	68.59	264.0	267.0	267.0	5.0
1051	270	270	264	265	59	298.0	67.92	265.0	267.0	267.0	5.0
1052	271	270	265	265	59	298.0	67.7	265.0	268.0	268.0	5.0
1053	271	270	265	265	59	298.0	67.7	265.0	268.0	268.0	5.0
1054	271	-	-	265	304	280.0	21.0	265.0	268.0	268.0	3.0
1055	272	272	266	266	58	299.0	66.7	266.0	269.0	269.0	5.0
1056	272	272	266	266	58	299.0	66.7	266.0	269.0	269.0	5.0
1057	272	272	266	266	58	299.0	66.7	266.0	269.0	269.0	5.0
1058	273	273	267	267	58	300.0	66.26	267.0	270.0	270.0	5.0
1059	273	273	267	267	58	300.0	66.26	267.0	270.0	270.0	5.0
1060	273	273	267	267	57	299.0	65.81	267.0	270.0	270.0	5.0
1061	274	273	267	268	57	300.0	65.59	268.0	270.0	270.0	5.0
1062	274	274	268	268	57	300.0	65.36	268.0	271.0	271.0	5.0
1063	274	-	-	268	55	319.0	83.19	268.0	271.0	271.0	3.0
1064	276	276	270	-	-	274.0	3.46	270.0	274.0	274.0	3.0
1065	276	276	270	270	55	301.0	63.58	270.0	273.0	273.0	5.0
1066	276	276	270	270	55	301.0	63.58	270.0	273.0	273.0	5.0
1067	276	276	270	270	54	301.0	63.13	270.0	273.0	273.0	5.0
1068	276	276	270	270	54	301.0	63.13	270.0	273.0	273.0	5.0
1069	276	276	270	270	54	301.0	63.13	270.0	273.0	273.0	5.0
1070	276	276	270	271	54	301.0	63.01	271.0	273.0	273.0	5.0
1071	276	276	-	271	54	309.0	69.87	276.0	274.0	274.0	4.0
1072	276	276	270	271	54	301.0	63.01	271.0	273.0	273.0	5.0
1073	277	277	271	271	53	302.0	62.24	271.0	274.0	274.0	5.0
1074	277	277	271	271	53	302.0	62.24	271.0	274.0	274.0	5.0
1075	277	277	271	272	53	302.0	62.11	272.0	274.0	274.0	5.0
1076	278	278	272	272	53	303.0	61.79	272.0	275.0	275.0	5.0
1077	278	278	272	272	52	302.0	61.34	272.0	275.0	275.0	5.0
1078	278	278	272	272	52	302.0	61.34	272.0	275.0	275.0	5.0
1079	279	278	273	273	52	303.0	61.0	273.0	276.0	276.0	5.0
1080	279	279	273	274	51	303.0	60.33	274.0	276.0	276.0	5.0
1081	279	279	273	274	51	303.0	60.33	274.0	276.0	276.0	5.0
1082	280	280	-	274	51	311.0	66.56	280.0	278.0	278.0	4.0
1083	280	280	274	274	50	304.0	59.56	274.0	277.0	277.0	5.0
1084	280	280	274	274	50	304.0	59.56	274.0	277.0	277.0	5.0
1085	280	280	274	274	50	304.0	59.56	274.0	277.0	277.0	5.0
1086	281	281	275	275	50	304.0	59.11	275.0	278.0	278.0	5.0
1087	281	281	275	275	49	304.0	58.66	275.0	278.0	278.0	5.0
1088	281	281	275	275	49	304.0	58.66	275.0	278.0	278.0	5.0
1089	281	281	275	275	49	304.0	58.66	275.0	278.0	278.0	5.0
1090	281	281	276	276	49	305.0	58.41	276.0	278.0	278.0	5.0
1091	281	281	276	276	49	305.0	58.41	276.0	278.0	278.0	5.0
1092	281	281	276	276	49	305.0	58.41	276.0	278.0	278.0	5.0
1093	282	282	276	276	48	305.0	57.77	276.0	279.0	279.0	5.0
1094	282	282	276	276	48	305.0	57.77	276.0	279.0	279.0	5.0
1095	282	282	276	276	48	305.0	57.77	276.0	279.0	279.0	5.0
1096	282	282	277	277	48	305.0	57.52	277.0	280.0	280.0	5.0
1097	282	282	277	277	-	280.0	2.89	277.0	280.0	280.0	4.0
1098	283	282	277	277	47	305.0	56.98	277.0	280.0	280.0	5.0
1099	283	283	277	277	47	305.0	56.88	277.0	280.0	280.0	5.0
1100	283	283	277	278	47	306.0	56.75	278.0	280.0	280.0	5.0
1101	283	283	278	278	47	306.0	56.63	278.0	280.0	280.0	5.0
1102	284	283	278	278	47	306.0	56.53	278.0	281.0	281.0	5.0
1103	284	-	278	278	46	312.0	63.06	278.0	280.0	280.0	4.0
1104	284	284	279	279	46	306.0	55.73	279.0	282.0	282.0	5.0
1105	284	72	203	199	135	179.0	79.66	135.0	135.0	135.0	5.0
1106	285	285	280	280	45	307.0	54.84	280.0	282.0	282.0	5.0
1107	285	285	280	280	45	307.0	54.84	280.0	282.0	282.0	5.0
1108	285	285	280	280	45	307.0	54.84	280.0	282.0	282.0	5.0
1109	285	285	280	280	45	307.0	54.84	280.0	282.0	282.0	5.0
1110	286	286	280	280	-	283.0	3.46	280.0	283.0	283.0	4.0
1111	286	286	280	281	44	307.0	54.07	281.0	283.0	283.0	5.0
1112	286	286	281	281	44	308.0	53.95	281.0	284.0	284.0	5.0
1113	286	286	281	281	44	308.0	53.95	281.0	284.0	284.0	5.0
1114	286	-	281	281	43	313.0	60.21	281.0	283.0	283.0	4.0
1115	287	287	281	282	43	308.0	53.18	282.0	284.0	284.0	5.0
1116	287	287	282	282	43	308.0	53.05	282.0	284.0	284.0	5.0
1117	287	287	282	282	43	308.0	53.05	282.0	284.0	284.0	5.0
1118	287	287	282	282	43	308.0	53.05	282.0	284.0	284.0	5.0
1119	287	288	282	282	43	308.0	52.96	282.0	285.0	285.0	5.0
1120	288	288	282	283	43	309.0	52.73	283.0	285.0	285.0	5.0
1121	288	288	282	283	42	309.0	52.29	283.0	285.0	285.0	5.0
1122	288	288	283	283	42	309.0	52.16	283.0	286.0	286.0	5.0
1123	288	288	283	283	42	309.0	52.16	283.0	286.0	286.0	5.0
1124	288	288	283	283	42	309.0	52.16	283.0	286.0	286.0	5.0
1125	289	289	283	284	42	309.0	51.84	284.0	286.0	286.0	5.0
1126	289	289	283	284	42	309.0	51.84	284.0	286.0	286.0	5.0
1127	289	289	283	284	41	309.0	51.39	284.0	286.0	286.0	5.0
1128	289	289	284	284	41	309.0	51.27	284.0	286.0	286.0	5.0
1129	290	290	284	285	41	310.0	50.95	285.0	287.0	287.0	5.0
1130	290	290	284	285	40	310.0	50.5	285.0	287.0	287.0	5.0
1131	290	290	284	285	40	310.0	50.5	285.0	287.0	287.0	5.0
1132	290	290	284	285	40	310.0	50.5	285.0	287.0	287.0	5.0
1133	290	-	285	285	40	315.0	56.72	285.0	287.0	287.0	4.0
1134	291	291	285	286	39	310.0	49.61	286.0	288.0	288.0	5.0
1135	291	291	285	286	39	310.0	49.61	286.0	288.0	288.0	5.0
1136	291	291	286	287	39	311.0	49.36	287.0	289.0	289.0	5.0
1137	292	292	-	-	38	327.0	61.2	292.0	292.0	292.0	3.0
1138	292	292	286	287	38	311.0	48.71	287.0	289.0	289.0	5.0
1139	292	292	287	287	38	311.0	48.59	287.0	290.0	290.0	5.0
1140	292	292	287	288	38	311.0	48.46	288.0	290.0	290.0	5.0
1141	293	293	287	288	37	312.0	47.82	288.0	290.0	290.0	5.0
1142	293	293	287	288	37	312.0	47.82	288.0	290.0	290.0	5.0
1143	293	293	287	288	37	312.0	47.82	288.0	290.0	290.0	5.0
1144	293	294	288	301	-	294.0	5.35	293.0	294.0	294.0	4.0
1145	294	295	288	289	37	313.0	47.28	289.0	292.0	292.0	5.0
1146	294	295	288	289	37	313.0	47.28	289.0	292.0	292.0	5.0
1147	294	295	-	289	36	318.0	51.73	294.0	293.0	293.0	4.0
1148	294	295	-	289	36	318.0	51.73	294.0	293.0	293.0	4.0
1149	294	152	289	153	36	185.0	108.41	152.0	152.0	152.0	5.0
1150	295	152	289	290	36	356.0	98.11	290.0	291.0	291.0	5.0
1151	295	296	289	290	36	313.0	46.39	290.0	292.0	292.0	5.0
1152	295	296	289	290	36	313.0	46.39	290.0	292.0	292.0	5.0
1153	295	296	290	290	35	313.0	45.81	290.0	293.0	293.0	5.0
1154	295	-	290	290	35	318.0	51.72	290.0	292.0	292.0	4.0
1155	295	296	290	291	35	313.0	45.69	291.0	293.0	293.0	5.0
1156	296	297	290	291	35	314.0	45.49	291.0	294.0	294.0	5.0
1157	296	297	290	291	35	314.0	45.49	291.0	294.0	294.0	5.0
1158	296	297	290	291	35	314.0	45.49	291.0	294.0	294.0	5.0
1159	296	297	290	291	35	314.0	45.49	291.0	294.0	294.0	5.0
1160	296	297	290	291	35	314.0	45.49	291.0	294.0	294.0	5.0
1161	296	297	291	291	34	314.0	44.92	291.0	294.0	294.0	5.0
1162	296	297	291	291	34	314.0	44.92	291.0	294.0	294.0	5.0
1163	296	297	291	292	34	314.0	44.79	292.0	294.0	294.0	5.0
1164	296	297	291	292	34	314.0	44.79	292.0	294.0	294.0	5.0
1165	297	298	291	292	34	314.0	44.6	292.0	294.0	294.0	5.0
1166	297	298	291	292	34	314.0	44.6	292.0	294.0	294.0	5.0
1167	297	298	-	292	34	320.0	49.24	297.0	296.0	296.0	4.0
1168	297	298	291	292	34	314.0	44.6	292.0	294.0	294.0	5.0
1169	297	298	291	292	34	314.0	44.6	292.0	294.0	294.0	5.0
1170	297	298	291	292	34	314.0	44.6	292.0	294.0	294.0	5.0
1171	297	298	292	292	33	314.0	44.03	292.0	295.0	295.0	5.0
1172	297	298	292	292	33	314.0	44.03	292.0	295.0	295.0	5.0
1173	297	298	292	292	33	314.0	44.03	292.0	295.0	295.0	5.0
1174	297	298	292	292	33	314.0	44.03	292.0	295.0	295.0	5.0
1175	297	298	292	293	33	315.0	43.9	293.0	295.0	295.0	5.0
1176	297	298	292	293	33	315.0	43.9	293.0	295.0	295.0	5.0
1177	298	298	292	293	33	315.0	43.8	293.0	295.0	295.0	5.0
1178	298	299	292	293	33	315.0	43.71	293.0	296.0	296.0	5.0
1179	298	299	292	293	33	315.0	43.71	293.0	296.0	296.0	5.0
1180	298	299	292	293	33	315.0	43.71	293.0	296.0	296.0	5.0
1181	298	299	293	293	32	315.0	43.13	293.0	296.0	296.0	5.0
1182	298	299	293	293	32	315.0	43.13	293.0	296.0	296.0	5.0
1183	298	299	293	294	32	315.0	43.01	294.0	296.0	296.0	5.0
1184	299	300	293	294	32	316.0	42.82	294.0	296.0	296.0	5.0
1185	299	-	-	294	32	328.0	55.19	294.0	296.0	296.0	3.0
1186	299	300	293	294	32	316.0	42.82	294.0	296.0	296.0	5.0
1187	299	300	294	294	31	316.0	42.24	294.0	297.0	297.0	5.0
1188	299	300	294	295	31	316.0	42.12	295.0	297.0	297.0	5.0
1189	299	300	294	295	31	316.0	42.12	295.0	297.0	297.0	5.0
1190	300	301	294	295	30	316.0	41.48	295.0	298.0	298.0	5.0
1191	300	301	295	296	30	316.0	41.22	296.0	298.0	298.0	5.0
1192	300	301	295	296	30	316.0	41.22	296.0	298.0	298.0	5.0
1193	301	302	295	296	30	317.0	41.03	296.0	298.0	298.0	5.0
1194	301	302	295	296	30	317.0	41.03	296.0	298.0	298.0	5.0
1195	301	302	-	-	-	302.0	0.71	301.0	302.0	302.0	2.0
1196	301	302	296	297	29	317.0	40.33	297.0	299.0	299.0	5.0
1197	302	303	296	297	29	317.0	40.14	297.0	300.0	300.0	5.0
1198	302	303	296	297	29	317.0	40.14	297.0	300.0	300.0	5.0
1199	302	303	296	297	29	317.0	40.14	297.0	300.0	300.0	5.0
1200	302	303	296	297	29	317.0	40.14	297.0	300.0	300.0	5.0
1201	302	303	296	297	29	317.0	40.14	297.0	300.0	300.0	5.0
1202	302	303	296	297	28	317.0	39.7	297.0	300.0	300.0	5.0
1203	302	50	297	298	28	339.0	55.35	298.0	299.0	299.0	5.0
1204	303	303	297	298	28	318.0	39.34	298.0	300.0	300.0	5.0
1205	303	304	297	298	28	318.0	39.25	298.0	300.0	300.0	5.0
1206	303	304	298	299	27	318.0	38.54	299.0	301.0	301.0	5.0
1207	303	304	298	299	27	318.0	38.54	299.0	301.0	301.0	5.0
1208	304	304	298	299	27	318.0	38.45	299.0	301.0	301.0	5.0
1209	304	305	298	299	27	319.0	38.36	299.0	302.0	302.0	5.0
1210	304	305	298	299	27	319.0	38.36	299.0	302.0	302.0	5.0
1211	304	305	299	300	26	319.0	37.65	300.0	302.0	302.0	5.0
1212	305	305	299	302	26	319.0	37.31	302.0	303.0	303.0	5.0
1213	305	305	-	302	-	304.0	1.73	302.0	304.0	304.0	3.0
1214	306	306	307	303	322	309.0	7.53	306.0	306.0	306.0	5.0
1215	306	307	307	303	322	309.0	7.45	306.0	306.0	306.0	5.0
1216	306	307	307	303	322	309.0	7.45	306.0	306.0	306.0	5.0
1217	306	307	307	304	322	309.0	7.26	306.0	306.0	306.0	5.0
1218	307	307	307	304	322	309.0	7.16	307.0	306.0	306.0	5.0
1219	307	-	307	304	322	310.0	8.12	307.0	306.0	306.0	4.0
1220	307	307	308	304	323	310.0	7.53	307.0	306.0	306.0	5.0
1221	307	308	308	304	323	310.0	7.45	307.0	307.0	307.0	5.0
1222	307	308	308	305	323	310.0	7.26	307.0	307.0	307.0	5.0
1223	308	308	308	305	323	310.0	7.16	308.0	307.0	307.0	5.0
1224	308	309	309	305	324	311.0	7.45	308.0	308.0	308.0	5.0
1225	308	-	-	-	-	308.0	0.0	308.0	308.0	308.0	1.0
1226	308	-	-	-	-	308.0	0.0	308.0	308.0	308.0	1.0
1227	309	-	-	-	-	309.0	0.0	309.0	309.0	309.0	1.0
1228	309	341	309	309	327	319.0	14.56	309.0	309.0	309.0	5.0
1229	309	309	309	306	324	311.0	7.16	309.0	308.0	308.0	5.0
1230	310	310	310	307	325	312.0	7.16	310.0	309.0	309.0	5.0
1231	310	310	310	307	325	312.0	7.16	310.0	309.0	309.0	5.0
1232	310	310	310	307	325	312.0	7.16	310.0	309.0	309.0	5.0
1233	311	311	311	307	326	313.0	7.36	311.0	310.0	310.0	5.0
1234	311	311	311	308	326	313.0	7.16	311.0	310.0	310.0	5.0
1235	311	311	311	308	326	313.0	7.16	311.0	310.0	310.0	5.0
1236	311	311	311	308	326	313.0	7.16	311.0	310.0	310.0	5.0
1237	311	311	311	308	326	313.0	7.16	311.0	310.0	310.0	5.0
1238	312	312	312	309	327	314.0	7.16	312.0	311.0	311.0	5.0
1239	312	312	-	309	-	311.0	1.73	309.0	311.0	311.0	3.0
1240	312	312	312	309	327	314.0	7.16	312.0	311.0	311.0	5.0
1241	312	-	344	341	23	345.0	29.15	341.0	342.0	342.0	4.0
1242	312	348	348	348	354	342.0	16.97	348.0	350.0	350.0	5.0
1243	312	348	348	348	354	342.0	16.97	348.0	350.0	350.0	5.0
1244	313	348	348	348	354	342.0	16.53	348.0	350.0	350.0	5.0
1245	313	348	349	348	355	343.0	16.8	348.0	350.0	350.0	5.0
1246	313	-	274	-	51	333.0	70.59	274.0	274.0	274.0	3.0
1247	313	-	274	-	51	333.0	70.59	274.0	274.0	274.0	3.0
1248	313	-	-	-	-	313.0	0.0	313.0	313.0	313.0	1.0
1249	313	348	348	345	355	342.0	16.51	345.0	347.0	347.0	5.0
1250	313	347	348	345	355	342.0	16.43	345.0	347.0	347.0	5.0
1251	314	347	347	345	355	342.0	15.9	345.0	346.0	346.0	5.0
1252	314	347	347	345	356	342.0	16.12	345.0	346.0	346.0	5.0
1253	314	346	347	344	356	341.0	15.99	344.0	346.0	346.0	5.0
1254	315	346	346	344	356	341.0	15.49	344.0	345.0	345.0	5.0
1255	315	346	346	343	357	341.0	15.69	343.0	345.0	345.0	5.0
1256	315	345	-	343	357	340.0	17.78	343.0	344.0	344.0	4.0
1257	316	345	345	343	358	341.0	15.4	343.0	344.0	344.0	5.0
1258	316	344	-	342	358	340.0	17.51	342.0	343.0	343.0	4.0
1259	317	344	344	341	358	341.0	14.86	341.0	343.0	343.0	5.0
1260	317	-	-	-	-	317.0	0.0	317.0	317.0	317.0	1.0
1261	318	313	313	310	328	316.0	7.09	313.0	314.0	314.0	5.0
1262	318	314	314	310	329	317.0	7.28	314.0	314.0	314.0	5.0
1263	319	224	228	226	-	249.0	46.53	226.0	226.0	226.0	4.0
1264	319	-	-	-	-	319.0	0.0	319.0	319.0	319.0	1.0
1265	320	225	228	226	330	266.0	54.17	226.0	226.0	226.0	5.0
1266	320	225	-	312	96	328.0	95.42	312.0	316.0	316.0	4.0
1267	320	316	316	312	331	319.0	7.28	316.0	316.0	316.0	5.0
1268	320	316	316	313	331	319.0	7.05	316.0	316.0	316.0	5.0
1269	321	316	316	313	331	319.0	7.09	316.0	316.0	316.0	5.0
1270	321	316	316	313	331	319.0	7.09	316.0	316.0	316.0	5.0
1271	321	316	-	313	349	325.0	16.5	316.0	317.0	317.0	4.0
1272	321	317	317	313	26	331.0	30.99	317.0	317.0	317.0	5.0
1273	321	317	317	314	26	331.0	30.85	317.0	317.0	317.0	5.0
1274	322	317	317	314	25	331.0	30.32	317.0	318.0	318.0	5.0
1275	322	317	317	314	25	331.0	30.32	317.0	318.0	318.0	5.0
1276	322	317	317	314	25	331.0	30.32	317.0	318.0	318.0	5.0
1277	323	318	318	315	25	332.0	29.88	318.0	318.0	318.0	5.0
1278	323	318	318	315	24	332.0	29.43	318.0	318.0	318.0	5.0
1279	323	318	318	315	24	332.0	29.43	318.0	318.0	318.0	5.0
1280	323	318	319	316	24	332.0	29.18	318.0	319.0	319.0	5.0
1281	324	319	319	316	23	332.0	28.54	319.0	320.0	320.0	5.0
1282	324	319	319	316	23	332.0	28.54	319.0	320.0	320.0	5.0
1283	325	320	320	-	-	322.0	2.89	320.0	322.0	322.0	3.0
1284	325	320	320	317	22	333.0	27.65	320.0	320.0	320.0	5.0
1285	325	320	320	317	22	333.0	27.65	320.0	320.0	320.0	5.0
1286	325	320	321	318	22	333.0	27.4	320.0	321.0	321.0	5.0
1287	326	321	-	318	-	322.0	4.04	318.0	322.0	322.0	3.0
1288	326	321	10	318	-	334.0	24.39	321.0	322.0	322.0	4.0
1289	327	322	322	319	21	334.0	26.32	322.0	322.0	322.0	5.0
1290	327	322	322	319	21	334.0	26.32	322.0	322.0	322.0	5.0
1291	327	322	322	319	21	334.0	26.32	322.0	322.0	322.0	5.0
1292	327	322	322	319	20	334.0	25.87	322.0	322.0	322.0	5.0
1293	327	322	322	319	20	334.0	25.87	322.0	322.0	322.0	5.0
1294	327	322	322	319	20	334.0	25.87	322.0	322.0	322.0	5.0
1295	327	322	323	319	20	334.0	25.76	322.0	323.0	323.0	5.0
1296	327	322	323	320	20	334.0	25.62	322.0	323.0	323.0	5.0
1297	327	-	323	320	20	338.0	28.48	323.0	323.0	323.0	4.0
1298	328	323	323	320	20	335.0	25.43	323.0	324.0	324.0	5.0
1299	328	323	323	320	19	335.0	24.99	323.0	324.0	324.0	5.0
1300	328	323	323	320	19	335.0	24.99	323.0	324.0	324.0	5.0
1301	328	323	323	320	19	335.0	24.99	323.0	324.0	324.0	5.0
1302	328	324	324	321	18	335.0	24.17	324.0	324.0	324.0	5.0
1303	329	324	324	321	18	335.0	24.1	324.0	324.0	324.0	5.0
1304	329	324	325	322	18	336.0	23.84	324.0	325.0	325.0	5.0
1305	329	324	325	322	18	336.0	23.84	324.0	325.0	325.0	5.0
1306	330	325	325	322	18	336.0	23.65	325.0	326.0	326.0	5.0
1307	330	325	325	322	18	336.0	23.65	325.0	326.0	326.0	5.0
1308	330	325	325	322	17	336.0	23.21	325.0	326.0	326.0	5.0
1309	330	325	325	322	17	336.0	23.21	325.0	326.0	326.0	5.0
1310	331	326	326	323	16	336.0	22.32	326.0	326.0	326.0	5.0
1311	331	326	326	323	16	336.0	22.32	326.0	326.0	326.0	5.0
1312	331	326	326	324	16	337.0	22.18	326.0	327.0	327.0	5.0
1313	331	326	327	324	16	337.0	22.06	326.0	327.0	327.0	5.0
1314	332	327	327	324	16	337.0	21.88	327.0	328.0	328.0	5.0
1315	332	327	327	324	16	337.0	21.88	327.0	328.0	328.0	5.0
1316	332	327	327	324	15	337.0	21.44	327.0	328.0	328.0	5.0
1317	332	327	327	325	15	337.0	21.29	327.0	328.0	328.0	5.0
1318	332	327	328	325	15	337.0	21.17	327.0	328.0	328.0	5.0
1319	333	328	328	325	14	338.0	20.55	328.0	328.0	328.0	5.0
1320	333	328	328	326	14	338.0	20.4	328.0	329.0	329.0	5.0
1321	333	328	329	326	14	338.0	20.29	328.0	329.0	329.0	5.0
1322	334	329	329	326	13	338.0	19.66	329.0	330.0	330.0	5.0
1323	334	329	329	326	13	338.0	19.66	329.0	330.0	330.0	5.0
1324	334	329	329	327	13	338.0	19.51	329.0	330.0	330.0	5.0
1325	334	329	329	327	13	338.0	19.51	329.0	330.0	330.0	5.0
1326	334	329	330	327	13	339.0	19.4	329.0	330.0	330.0	5.0
1327	334	330	330	327	13	339.0	19.28	330.0	330.0	330.0	5.0
1328	335	330	330	327	12	339.0	18.78	330.0	330.0	330.0	5.0
1329	335	331	331	328	12	339.0	18.39	331.0	331.0	331.0	5.0
1330	336	-	-	-	-	336.0	0.0	336.0	336.0	336.0	1.0
1331	336	331	331	329	12	340.0	18.19	331.0	332.0	332.0	5.0
1332	336	331	331	329	11	340.0	17.74	331.0	332.0	332.0	5.0
1333	336	331	331	329	11	340.0	17.74	331.0	332.0	332.0	5.0
1334	336	331	331	329	11	340.0	17.74	331.0	332.0	332.0	5.0
1335	336	331	332	329	11	340.0	17.63	331.0	332.0	332.0	5.0
1336	337	332	332	329	11	340.0	17.46	332.0	332.0	332.0	5.0
1337	337	332	332	329	10	340.0	17.01	332.0	332.0	332.0	5.0
1338	337	332	332	330	10	340.0	16.86	332.0	333.0	333.0	5.0
1339	337	332	333	330	10	340.0	16.74	332.0	333.0	333.0	5.0
1340	338	333	333	330	9	341.0	16.13	333.0	334.0	334.0	5.0
1341	338	333	333	331	9	341.0	15.97	333.0	334.0	334.0	5.0
1342	338	333	333	331	9	341.0	15.97	333.0	334.0	334.0	5.0
1343	338	333	333	331	9	341.0	15.97	333.0	334.0	334.0	5.0
1344	339	334	334	331	9	341.0	15.69	334.0	334.0	334.0	5.0
1345	339	334	334	332	9	342.0	15.53	334.0	335.0	335.0	5.0
1346	339	334	334	332	8	341.0	15.09	334.0	335.0	335.0	5.0
1347	339	334	334	332	8	341.0	15.09	334.0	335.0	335.0	5.0
1348	339	-	334	332	-	335.0	3.61	332.0	335.0	335.0	3.0
1349	340	335	335	332	7	342.0	14.38	335.0	336.0	336.0	5.0
1350	340	335	335	333	7	342.0	14.21	335.0	336.0	336.0	5.0
1351	340	-	335	333	7	344.0	15.78	335.0	336.0	336.0	4.0
1352	340	336	336	333	6	342.0	13.54	336.0	336.0	336.0	5.0
1353	341	336	336	333	6	342.0	13.5	336.0	336.0	336.0	5.0
1354	341	336	336	334	6	343.0	13.33	336.0	337.0	337.0	5.0
1355	341	337	337	334	6	343.0	13.1	337.0	337.0	337.0	5.0
1356	341	337	337	334	5	343.0	12.66	337.0	337.0	337.0	5.0
1357	342	337	337	335	5	343.0	12.46	337.0	338.0	338.0	5.0
1358	342	337	337	335	5	343.0	12.46	337.0	338.0	338.0	5.0
1359	342	338	337	335	5	343.0	12.34	337.0	338.0	338.0	5.0
1360	342	338	337	335	4	343.0	11.9	337.0	338.0	338.0	5.0
1361	343	338	338	336	4	344.0	11.58	338.0	339.0	339.0	5.0
1362	343	339	338	336	4	344.0	11.47	338.0	339.0	339.0	5.0
1363	343	-	-	-	-	343.0	0.0	343.0	343.0	343.0	1.0
1364	343	339	339	337	-	340.0	2.52	339.0	340.0	340.0	4.0
1365	344	-	-	-	-	344.0	0.0	344.0	344.0	344.0	1.0
1366	345	-	340	338	2	346.0	10.9	340.0	341.0	341.0	4.0
1367	346	341	341	339	1	346.0	8.99	341.0	342.0	342.0	5.0
1368	346	342	342	339	1	346.0	8.75	342.0	342.0	342.0	5.0
1369	346	342	342	339	1	346.0	8.75	342.0	342.0	342.0	5.0
1370	346	342	342	339	1	346.0	8.75	342.0	342.0	342.0	5.0
1371	347	342	342	339	0	346.0	8.34	342.0	342.0	342.0	5.0
1372	347	342	343	340	0	346.0	8.02	342.0	343.0	343.0	5.0
1373	347	343	343	340	0	347.0	7.89	343.0	343.0	343.0	5.0
1374	347	343	343	340	360	347.0	7.89	343.0	343.0	343.0	5.0
1375	348	343	343	340	359	347.0	7.5	343.0	344.0	344.0	5.0
1376	348	343	343	341	359	347.0	7.29	343.0	344.0	344.0	5.0
1377	348	-	-	-	-	348.0	0.0	348.0	348.0	348.0	1.0
1378	348	216	-	-	-	282.0	93.34	216.0	216.0	216.0	2.0
1379	349	349	-	-	-	349.0	0.0	349.0	349.0	349.0	2.0
1380	349	349	353	349	349	350.0	1.79	349.0	350.0	350.0	5.0
1381	349	349	353	349	349	350.0	1.79	349.0	350.0	350.0	5.0
1382	349	349	353	349	350	350.0	1.73	349.0	350.0	350.0	5.0
1383	349	349	352	349	350	350.0	1.3	349.0	350.0	350.0	5.0
1384	350	350	352	350	350	350.0	0.89	350.0	350.0	350.0	5.0
1385	350	350	352	350	350	350.0	0.89	350.0	350.0	350.0	5.0
1386	350	350	352	350	351	351.0	0.89	350.0	351.0	351.0	5.0
1387	350	351	352	350	351	351.0	0.84	350.0	351.0	351.0	5.0
1388	351	351	352	351	351	351.0	0.45	351.0	351.0	351.0	5.0
1389	351	351	351	351	351	351.0	0.0	351.0	351.0	351.0	5.0
1390	351	351	351	351	352	351.0	0.45	351.0	351.0	351.0	5.0
1391	351	351	351	351	352	351.0	0.45	351.0	351.0	351.0	5.0
1392	352	352	350	352	352	352.0	0.89	352.0	352.0	352.0	5.0
1393	352	352	350	352	352	352.0	0.89	352.0	352.0	352.0	5.0
1394	352	352	350	352	352	352.0	0.89	352.0	352.0	352.0	5.0
1395	352	352	349	352	353	352.0	1.52	352.0	352.0	352.0	5.0
1396	353	353	349	353	353	352.0	1.79	353.0	352.0	352.0	5.0
1397	353	353	349	353	354	352.0	1.95	353.0	352.0	352.0	5.0
1398	354	354	354	354	348	353.0	2.68	354.0	353.0	353.0	5.0
1399	354	354	354	354	348	353.0	2.68	354.0	353.0	353.0	5.0
1400	354	354	355	354	348	353.0	2.83	354.0	353.0	353.0	5.0
1401	354	354	355	354	348	353.0	2.83	354.0	353.0	353.0	5.0
1402	354	354	355	354	348	353.0	2.83	354.0	353.0	353.0	5.0
1403	355	-	-	355	347	352.0	4.62	347.0	352.0	352.0	3.0
1404	355	355	355	-	347	353.0	4.0	355.0	353.0	353.0	4.0
1405	355	355	355	355	347	353.0	3.58	355.0	353.0	353.0	5.0
1406	355	355	355	355	347	353.0	3.58	355.0	353.0	353.0	5.0
1407	356	355	356	355	346	354.0	4.28	355.0	354.0	354.0	5.0
1408	356	356	-	356	346	354.0	5.0	356.0	356.0	354.0	4.0
1409	356	356	356	356	346	354.0	4.47	356.0	356.0	354.0	5.0
1410	356	356	356	356	346	354.0	4.47	356.0	356.0	354.0	5.0
1411	356	356	356	356	346	354.0	4.47	356.0	356.0	354.0	5.0
1412	356	356	357	356	346	354.0	4.6	356.0	356.0	354.0	5.0
1413	357	356	357	356	345	354.0	5.17	356.0	356.0	356.0	5.0
1414	357	357	357	357	345	355.0	5.37	357.0	357.0	357.0	5.0
1415	357	357	357	357	345	355.0	5.37	357.0	357.0	357.0	5.0
1416	357	357	357	357	345	355.0	5.37	357.0	357.0	357.0	5.0
1417	357	357	357	357	345	355.0	5.37	357.0	357.0	357.0	5.0
1418	357	357	358	357	345	355.0	5.5	357.0	357.0	357.0	5.0
1419	358	357	358	358	344	355.0	6.16	357.0	358.0	358.0	5.0
1420	358	358	358	358	-	358.0	0.0	358.0	358.0	358.0	4.0
1421	358	358	358	358	344	355.0	6.26	358.0	358.0	358.0	5.0
1422	358	358	358	358	344	355.0	6.26	358.0	358.0	358.0	5.0
1423	358	358	358	358	344	355.0	6.26	358.0	358.0	358.0	5.0
1424	358	358	359	358	344	355.0	6.39	358.0	358.0	358.0	5.0
1425	359	358	359	359	344	356.0	6.61	358.0	359.0	359.0	5.0
1426	359	359	359	359	343	356.0	7.16	359.0	359.0	359.0	5.0
1427	359	359	359	359	343	356.0	7.16	359.0	359.0	359.0	5.0
1428	360	360	360	360	343	357.0	7.6	360.0	360.0	360.0	5.0
1429	360	-	-	360	-	360.0	0.0	360.0	360.0	360.0	2.0
1430	360	359	-	-	-	360.0	0.71	359.0	360.0	360.0	2.0
1431	-	8	8	9	334	-0.0	17.17	8.0	8.0	8.0	4.0
1432	-	8	8	9	334	-0.0	17.17	8.0	8.0	8.0	4.0
1433	120	9	8	9	334	24.0	55.73	8.0	9.0	9.0	5.0
1434	-	14	-	13	318	355.0	32.05	318.0	318.0	318.0	3.0
1435	-	21	21	21	310	3.0	35.5	21.0	21.0	21.0	4.0
1436	-	22	-	-	-	22.0	0.0	22.0	22.0	22.0	1.0
1437	-	25	-	-	-	25.0	0.0	25.0	25.0	25.0	1.0
1438	28	28	27	265	304	346.0	58.17	304.0	304.0	304.0	5.0
1439	-	33	32	33	299	9.0	46.84	32.0	33.0	33.0	4.0
1440	-	37	36	37	295	11.0	50.84	36.0	37.0	37.0	4.0
1441	-	41	-	-	-	41.0	0.0	41.0	41.0	41.0	1.0
1442	-	41	-	-	-	41.0	0.0	41.0	41.0	41.0	1.0
1443	-	45	-	-	287	346.0	83.44	287.0	287.0	287.0	2.0
1444	-	46	45	-	287	6.0	68.42	287.0	287.0	287.0	3.0
1445	264	56	56	58	276	358.0	80.45	276.0	276.0	276.0	5.0
1446	-	70	-	-	-	70.0	0.0	70.0	70.0	70.0	1.0
1447	204	71	-	198	136	152.0	62.28	136.0	136.0	136.0	4.0
1448	-	74	73	75	260	30.0	87.0	73.0	74.0	74.0	4.0
1449	-	75	-	-	-	75.0	0.0	75.0	75.0	75.0	1.0
1450	76	76	75	77	-	76.0	0.82	76.0	76.0	76.0	4.0
1451	-	76	75	-	-	76.0	0.71	75.0	76.0	76.0	2.0
1452	-	76	-	77	-	76.0	0.71	76.0	76.0	76.0	2.0
1453	-	76	75	-	-	76.0	0.71	75.0	76.0	76.0	2.0
1454	-	76	75	78	-	76.0	1.53	75.0	76.0	76.0	3.0
1455	-	79	-	-	-	79.0	0.0	79.0	79.0	79.0	1.0
1456	-	80	-	-	-	80.0	0.0	80.0	80.0	80.0	1.0
1457	-	93	91	94	242	130.0	74.68	93.0	93.0	93.0	4.0
1458	-	95	94	97	239	131.0	71.84	95.0	95.0	95.0	4.0
1459	104	98	96	100	237	127.0	61.56	98.0	100.0	100.0	5.0
1460	-	103	-	-	-	103.0	0.0	103.0	103.0	103.0	1.0
1461	-	103	-	105	232	147.0	73.91	103.0	104.0	104.0	3.0
1462	-	104	-	-	231	168.0	89.8	104.0	104.0	104.0	2.0
1463	-	105	-	194	-	150.0	62.93	105.0	105.0	105.0	2.0
1464	-	106	-	-	-	106.0	0.0	106.0	106.0	106.0	1.0
1465	-	108	115	191	143	139.0	37.67	115.0	112.0	112.0	4.0
1466	-	109	115	191	143	140.0	37.39	115.0	112.0	112.0	4.0
1467	-	111	-	-	-	111.0	0.0	111.0	111.0	111.0	1.0
1468	-	112	119	-	151	127.0	20.79	112.0	116.0	116.0	3.0
1469	-	117	-	-	147	132.0	21.21	117.0	117.0	117.0	2.0
1470	-	118	125	-	145	129.0	14.01	118.0	122.0	122.0	3.0
1471	135	129	135	177	2	116.0	66.35	129.0	133.0	133.0	5.0
1472	-	129	309	177	-	205.0	93.21	129.0	129.0	129.0	3.0
1473	-	134	140	170	168	153.0	18.65	140.0	137.0	137.0	4.0
1474	-	136	142	170	170	154.0	18.06	142.0	139.0	139.0	4.0
1475	-	136	142	170	-	149.0	18.15	136.0	139.0	139.0	3.0
1476	-	138	-	169	-	154.0	21.92	138.0	138.0	138.0	2.0
1477	-	138	144	168	172	156.0	17.0	144.0	141.0	141.0	4.0
1478	-	140	147	166	174	157.0	15.9	147.0	144.0	144.0	4.0
1479	-	142	149	164	176	158.0	15.24	149.0	146.0	146.0	4.0
1480	148	143	150	-	177	154.0	15.29	148.0	147.0	147.0	4.0
1481	-	143	-	163	177	161.0	17.09	143.0	143.0	143.0	3.0
1482	-	145	152	161	-	153.0	8.02	145.0	148.0	148.0	3.0
1483	-	149	-	155	183	162.0	18.15	149.0	152.0	152.0	3.0
1484	-	151	-	-	185	168.0	24.04	151.0	151.0	151.0	2.0
1485	-	151	158	154	186	162.0	16.09	154.0	154.0	154.0	4.0
1486	294	152	159	153	187	189.0	60.4	153.0	155.0	155.0	5.0
1487	-	153	160	152	187	163.0	16.39	153.0	155.0	155.0	4.0
1488	-	154	161	151	189	164.0	17.35	154.0	155.0	155.0	4.0
1489	-	155	162	150	190	164.0	17.86	155.0	156.0	156.0	4.0
1490	-	156	-	149	-	152.0	4.95	149.0	152.0	152.0	2.0
1491	-	158	-	147	-	152.0	7.78	147.0	147.0	147.0	2.0
1492	-	158	165	147	192	166.0	19.16	158.0	162.0	162.0	4.0
1493	-	160	-	145	-	152.0	10.61	145.0	145.0	145.0	2.0
1494	-	161	168	143	196	167.0	22.02	161.0	164.0	164.0	4.0
1495	-	164	-	-	-	164.0	0.0	164.0	164.0	164.0	1.0
1496	-	165	-	-	199	182.0	24.04	165.0	165.0	165.0	2.0
1497	-	165	171	-	199	178.0	18.15	165.0	168.0	168.0	3.0
1498	-	170	177	134	205	172.0	29.22	170.0	174.0	174.0	4.0
1499	-	171	-	134	205	170.0	35.51	134.0	134.0	134.0	3.0
1500	177	172	-	-	-	174.0	3.54	172.0	174.0	174.0	2.0
1501	-	172	-	-	206	189.0	24.04	172.0	172.0	172.0	2.0
1502	-	177	-	-	212	194.0	24.75	177.0	177.0	177.0	2.0
1503	-	183	-	-	-	183.0	0.0	183.0	183.0	183.0	1.0
1504	-	183	-	-	-	183.0	0.0	183.0	183.0	183.0	1.0
1505	-	183	-	-	-	183.0	0.0	183.0	183.0	183.0	1.0
1506	-	187	192	117	221	179.0	44.12	187.0	190.0	190.0	4.0
1507	183	190	183	127	-	171.0	29.35	183.0	185.0	185.0	4.0
1508	-	196	-	-	-	196.0	0.0	196.0	196.0	196.0	1.0
1509	71	199	203	198	136	161.0	57.67	136.0	136.0	136.0	5.0
1510	-	200	-	-	-	200.0	0.0	200.0	200.0	200.0	1.0
1511	-	204	-	204	-	204.0	0.0	204.0	204.0	204.0	2.0
1512	108	207	212	208	127	172.0	50.6	127.0	127.0	127.0	5.0
1513	-	209	213	209	126	189.0	42.21	209.0	210.0	210.0	4.0
1514	-	209	-	210	-	210.0	0.71	209.0	210.0	210.0	2.0
1515	221	216	219	-	119	194.0	49.88	216.0	219.0	219.0	4.0
1516	250	216	-	-	105	190.0	75.83	105.0	105.0	105.0	3.0
1517	-	217	220	217	118	193.0	50.02	217.0	218.0	218.0	4.0
1518	-	221	-	221	-	221.0	0.0	221.0	221.0	221.0	2.0
1519	-	221	-	-	-	221.0	0.0	221.0	221.0	221.0	1.0
1520	-	221	-	-	-	221.0	0.0	221.0	221.0	221.0	1.0
1521	-	222	-	221	-	222.0	0.71	221.0	222.0	222.0	2.0
1522	-	222	-	-	-	222.0	0.0	222.0	222.0	222.0	1.0
1523	-	222	-	-	-	222.0	0.0	222.0	222.0	222.0	1.0
1524	-	222	225	-	-	224.0	2.12	222.0	224.0	224.0	2.0
1525	102	222	-	-	-	162.0	84.85	102.0	102.0	102.0	2.0
1526	-	224	228	-	96	183.0	75.08	96.0	96.0	96.0	3.0
1527	320	225	-	-	-	272.0	67.18	225.0	225.0	225.0	2.0
1528	100	228	300	-	113	185.0	95.71	113.0	113.0	113.0	4.0
1529	-	230	104	-	-	167.0	89.1	104.0	104.0	104.0	2.0
1530	-	230	103	-	-	166.0	89.8	103.0	103.0	103.0	2.0
1531	-	230	103	-	100	144.0	74.2	100.0	102.0	102.0	3.0
1532	-	230	103	-	100	144.0	74.2	100.0	102.0	102.0	3.0
1533	-	230	103	-	100	144.0	74.2	100.0	102.0	102.0	3.0
1534	-	231	103	-	100	145.0	74.78	100.0	102.0	102.0	3.0
1535	-	231	103	-	100	145.0	74.78	100.0	102.0	102.0	3.0
1536	-	231	103	-	-	167.0	90.51	103.0	103.0	103.0	2.0
1537	-	231	102	-	-	166.0	91.22	102.0	102.0	102.0	2.0
1538	228	232	102	-	100	166.0	74.5	102.0	101.0	101.0	4.0
1539	-	233	99	-	101	144.0	76.79	99.0	100.0	100.0	3.0
1540	-	234	-	-	-	234.0	0.0	234.0	234.0	234.0	1.0
1541	-	235	-	-	103	169.0	93.34	103.0	103.0	103.0	2.0
1542	-	235	-	-	104	170.0	92.63	104.0	104.0	104.0	2.0
1543	-	235	98	-	104	146.0	77.42	98.0	101.0	101.0	3.0
1544	-	236	98	-	-	167.0	97.58	98.0	98.0	98.0	2.0
1545	-	236	231	230	93	198.0	69.72	230.0	232.0	232.0	4.0
1546	150	244	239	238	-	218.0	45.24	238.0	240.0	240.0	4.0
1547	-	247	241	240	83	203.0	79.89	240.0	243.0	243.0	4.0
1548	-	247	242	241	83	203.0	80.21	241.0	243.0	243.0	4.0
1549	111	253	248	-	140	188.0	73.16	140.0	140.0	140.0	4.0
1550	-	254	-	-	-	254.0	0.0	254.0	254.0	254.0	1.0
1551	-	254	111	107	230	176.0	77.43	111.0	109.0	109.0	4.0
1552	-	256	251	251	73	208.0	89.86	251.0	253.0	253.0	4.0
1553	-	260	254	254	70	300.0	87.05	254.0	256.0	256.0	4.0
1554	-	260	255	255	-	257.0	2.89	255.0	257.0	257.0	3.0
1555	-	270	-	-	-	270.0	0.0	270.0	270.0	270.0	1.0
1556	-	271	-	-	-	271.0	0.0	271.0	271.0	271.0	1.0
1557	-	271	-	-	-	271.0	0.0	271.0	271.0	271.0	1.0
1558	-	278	-	-	-	278.0	0.0	278.0	278.0	278.0	1.0
1559	-	279	273	273	51	309.0	68.06	273.0	275.0	275.0	4.0
1560	-	283	-	-	-	283.0	0.0	283.0	283.0	283.0	1.0
1561	-	285	-	-	-	285.0	0.0	285.0	285.0	285.0	1.0
1562	-	288	282	283	42	314.0	58.89	283.0	284.0	284.0	4.0
1563	-	292	-	-	-	292.0	0.0	292.0	292.0	292.0	1.0
1564	-	294	-	-	-	294.0	0.0	294.0	294.0	294.0	1.0
1565	-	294	-	-	-	294.0	0.0	294.0	294.0	294.0	1.0
1566	-	294	-	-	-	294.0	0.0	294.0	294.0	294.0	1.0
1567	-	294	-	300	-	297.0	4.24	294.0	297.0	297.0	2.0
1568	-	294	-	-	-	294.0	0.0	294.0	294.0	294.0	1.0
1569	-	303	-	-	-	303.0	0.0	303.0	303.0	303.0	1.0
1570	-	306	299	302	-	302.0	3.51	299.0	302.0	302.0	3.0
1571	-	312	312	309	327	315.0	8.12	312.0	311.0	311.0	4.0
1572	-	313	-	310	328	317.0	9.64	310.0	312.0	312.0	3.0
1573	-	314	-	-	-	314.0	0.0	314.0	314.0	314.0	1.0
1574	-	315	-	-	-	315.0	0.0	315.0	315.0	315.0	1.0
1575	-	315	315	312	96	350.0	71.01	315.0	314.0	314.0	4.0
1576	-	315	315	-	96	2.0	81.41	315.0	315.0	315.0	3.0
1577	-	315	-	312	96	1.0	82.29	312.0	314.0	314.0	3.0
1578	-	316	-	313	-	314.0	2.12	313.0	314.0	314.0	2.0
1579	321	316	-	313	349	325.0	16.5	316.0	317.0	317.0	4.0
1580	-	318	-	-	-	318.0	0.0	318.0	318.0	318.0	1.0
1581	-	319	320	317	23	335.0	32.19	319.0	319.0	319.0	4.0
1582	-	319	320	-	-	320.0	0.71	319.0	320.0	320.0	2.0
1583	-	321	-	318	22	340.0	36.12	318.0	320.0	320.0	3.0
1584	-	321	-	-	-	321.0	0.0	321.0	321.0	321.0	1.0
1585	-	324	324	321	18	337.0	27.54	324.0	323.0	323.0	4.0
1586	333	328	328	326	14	338.0	20.4	328.0	329.0	329.0	5.0
1587	-	334	-	-	8	351.0	24.04	334.0	334.0	334.0	2.0
1588	-	335	-	-	8	352.0	23.33	335.0	335.0	335.0	2.0
1589	-	339	-	-	4	352.0	17.68	339.0	339.0	339.0	2.0
1590	-	339	-	-	4	352.0	17.68	339.0	339.0	339.0	2.0
1591	-	339	339	-	3	347.0	13.86	339.0	339.0	339.0	3.0
1592	-	341	-	338	2	347.0	13.08	338.0	340.0	340.0	3.0
1593	309	341	341	338	2	338.0	18.94	338.0	340.0	340.0	5.0
1594	-	346	-	344	-	345.0	1.41	344.0	345.0	345.0	2.0
1595	-	348	-	347	355	350.0	4.36	347.0	350.0	350.0	3.0
1596	-	348	348	348	354	350.0	3.0	348.0	350.0	350.0	4.0
1597	355	355	355	355	347	353.0	3.58	355.0	353.0	353.0	5.0
1598	-	359	-	-	-	359.0	0.0	359.0	359.0	359.0	1.0
1599	-	360	360	360	343	356.0	8.5	360.0	360.0	360.0	4.0
1600	-	167	174	-	202	181.0	18.52	167.0	170.0	170.0	3.0
1601	-	221	-	221	-	221.0	0.0	221.0	221.0	221.0	2.0
1602	-	237	-	-	-	237.0	0.0	237.0	237.0	237.0	1.0
1603	-	-	5	5	337	356.0	16.17	337.0	337.0	337.0	3.0
1604	-	9	8	9	334	0.0	17.34	8.0	9.0	9.0	4.0
1605	-	-	11	-	320	346.0	36.06	320.0	320.0	320.0	2.0
1606	12	-	12	11	319	358.0	26.34	11.0	12.0	12.0	4.0
1607	-	-	13	-	-	13.0	0.0	13.0	13.0	13.0	1.0
1608	15	-	15	-	-	15.0	0.0	15.0	15.0	15.0	2.0
1609	-	-	15	-	-	15.0	0.0	15.0	15.0	15.0	1.0
1610	-	-	39	-	-	39.0	0.0	39.0	39.0	39.0	1.0
1611	-	-	39	-	-	39.0	0.0	39.0	39.0	39.0	1.0
1612	-	-	44	45	288	6.0	67.26	288.0	288.0	288.0	3.0
1613	-	-	48	49	-	48.0	0.71	48.0	48.0	48.0	2.0
1614	-	-	48	-	-	48.0	0.0	48.0	48.0	48.0	1.0
1615	-	56	56	58	276	22.0	70.34	56.0	57.0	57.0	4.0
1616	-	-	74	-	-	74.0	0.0	74.0	74.0	74.0	1.0
1617	-	-	78	81	256	138.0	101.91	78.0	80.0	80.0	3.0
1618	-	-	78	81	255	138.0	101.34	78.0	80.0	80.0	3.0
1619	228	236	97	-	113	168.0	73.69	113.0	113.0	113.0	4.0
1620	-	-	98	-	113	106.0	10.61	98.0	98.0	98.0	2.0
1621	-	-	98	-	104	101.0	4.24	98.0	101.0	101.0	2.0
1622	-	-	99	-	103	101.0	2.83	99.0	101.0	101.0	2.0
1623	-	232	102	-	100	145.0	75.64	100.0	101.0	101.0	3.0
1624	204	231	102	198	136	174.0	53.27	136.0	136.0	136.0	5.0
1625	231	231	102	-	-	188.0	74.48	102.0	102.0	102.0	3.0
1626	-	-	103	-	100	102.0	2.12	100.0	102.0	102.0	2.0
1627	-	230	103	-	100	144.0	74.2	100.0	102.0	102.0	3.0
1628	-	-	106	-	97	102.0	6.36	97.0	102.0	102.0	2.0
1629	100	-	106	-	-	103.0	4.24	100.0	103.0	103.0	2.0
1630	-	-	108	-	234	171.0	89.1	108.0	108.0	108.0	2.0
1631	254	-	112	-	-	183.0	100.41	112.0	112.0	112.0	2.0
1632	-	-	117	-	-	117.0	0.0	117.0	117.0	117.0	1.0
1633	-	-	127	-	153	140.0	18.38	127.0	127.0	127.0	2.0
1634	-	-	142	-	-	142.0	0.0	142.0	142.0	142.0	1.0
1635	-	-	144	-	-	144.0	0.0	144.0	144.0	144.0	1.0
1636	-	-	145	-	-	145.0	0.0	145.0	145.0	145.0	1.0
1637	-	-	145	-	-	145.0	0.0	145.0	145.0	145.0	1.0
1638	150	145	152	161	-	152.0	6.68	150.0	149.0	149.0	4.0
1639	-	-	158	-	-	158.0	0.0	158.0	158.0	158.0	1.0
1640	-	152	159	153	187	163.0	16.46	153.0	155.0	155.0	4.0
1641	-	-	159	-	-	159.0	0.0	159.0	159.0	159.0	1.0
1642	-	-	163	-	191	177.0	19.8	163.0	163.0	163.0	2.0
1643	167	162	169	142	197	167.0	19.71	162.0	166.0	166.0	5.0
1644	-	-	174	138	-	156.0	25.46	138.0	138.0	138.0	2.0
1645	-	-	182	-	210	196.0	19.8	182.0	182.0	182.0	2.0
1646	-	-	183	-	-	183.0	0.0	183.0	183.0	183.0	1.0
1647	183	190	183	127	223	181.0	34.53	183.0	185.0	185.0	5.0
1648	-	-	189	-	-	189.0	0.0	189.0	189.0	189.0	1.0
1649	-	-	194	-	-	194.0	0.0	194.0	194.0	194.0	1.0
1650	-	-	194	-	-	194.0	0.0	194.0	194.0	194.0	1.0
1651	-	-	200	-	-	200.0	0.0	200.0	200.0	200.0	1.0
1652	204	199	203	198	136	188.0	29.18	198.0	201.0	201.0	5.0
1653	206	201	204	200	-	203.0	2.75	201.0	203.0	203.0	4.0
1654	213	207	212	208	127	193.0	37.21	207.0	210.0	210.0	5.0
1655	-	-	224	-	-	224.0	0.0	224.0	224.0	224.0	1.0
1656	102	222	225	-	-	183.0	70.16	102.0	102.0	102.0	3.0
1657	-	-	225	-	-	225.0	0.0	225.0	225.0	225.0	1.0
1658	-	-	226	-	-	226.0	0.0	226.0	226.0	226.0	1.0
1659	-	244	239	238	-	240.0	3.21	238.0	240.0	240.0	3.0
1660	-	253	248	247	140	222.0	54.73	247.0	249.0	249.0	4.0
1661	254	105	248	247	139	199.0	71.0	139.0	139.0	139.0	5.0
1662	-	-	250	-	-	250.0	0.0	250.0	250.0	250.0	1.0
1663	-	-	253	-	70	342.0	125.16	253.0	253.0	253.0	2.0
1664	264	-	257	257	66	301.0	83.4	257.0	259.0	259.0	4.0
1665	-	-	260	-	-	260.0	0.0	260.0	260.0	260.0	1.0
1666	-	-	265	-	59	342.0	108.89	265.0	265.0	265.0	2.0
1667	-	-	267	-	-	267.0	0.0	267.0	267.0	267.0	1.0
1668	-	-	272	-	-	272.0	0.0	272.0	272.0	272.0	1.0
1669	-	-	278	278	47	321.0	74.48	278.0	278.0	278.0	3.0
1670	-	-	278	-	-	278.0	0.0	278.0	278.0	278.0	1.0
1671	294	-	289	-	36	326.0	60.38	289.0	292.0	292.0	3.0
1672	-	228	300	-	113	214.0	94.32	113.0	113.0	113.0	3.0
1673	-	-	300	-	113	26.0	122.33	300.0	300.0	300.0	2.0
1674	-	-	301	-	112	26.0	120.92	301.0	301.0	301.0	2.0
1675	-	-	301	-	112	26.0	120.92	301.0	301.0	301.0	2.0
1676	-	-	301	-	112	26.0	120.92	301.0	301.0	301.0	2.0
1677	-	-	302	-	111	26.0	119.5	302.0	302.0	302.0	2.0
1678	-	-	302	-	111	26.0	119.5	302.0	302.0	302.0	2.0
1679	-	-	303	-	111	27.0	118.79	303.0	303.0	303.0	2.0
1680	-	-	303	-	110	26.0	118.09	303.0	303.0	303.0	2.0
1681	-	-	303	-	110	26.0	118.09	303.0	303.0	303.0	2.0
1682	-	-	303	-	110	26.0	118.09	303.0	303.0	303.0	2.0
1683	-	-	304	-	109	26.0	116.67	304.0	304.0	304.0	2.0
1684	-	-	304	-	109	26.0	116.67	304.0	304.0	304.0	2.0
1685	-	-	304	-	109	26.0	116.67	304.0	304.0	304.0	2.0
1686	-	-	304	-	109	26.0	116.67	304.0	304.0	304.0	2.0
1687	-	-	305	-	107	26.0	114.55	305.0	305.0	305.0	2.0
1688	-	-	305	-	107	26.0	114.55	305.0	305.0	305.0	2.0
1689	-	-	305	-	-	305.0	0.0	305.0	305.0	305.0	1.0
1690	-	-	305	-	-	305.0	0.0	305.0	305.0	305.0	1.0
1691	-	-	305	-	-	305.0	0.0	305.0	305.0	305.0	1.0
1692	228	-	306	-	-	267.0	55.15	228.0	228.0	228.0	2.0
1693	-	-	306	302	-	304.0	2.83	302.0	304.0	304.0	2.0
1694	309	129	309	-	-	249.0	103.92	129.0	129.0	129.0	3.0
1695	-	-	316	-	-	316.0	0.0	316.0	316.0	316.0	1.0
1696	-	-	316	-	-	316.0	0.0	316.0	316.0	316.0	1.0
1697	-	-	321	-	-	321.0	0.0	321.0	321.0	321.0	1.0
1698	333	328	328	326	14	338.0	20.4	328.0	329.0	329.0	5.0
1699	-	-	339	-	-	339.0	0.0	339.0	339.0	339.0	1.0
1700	-	-	339	-	-	339.0	0.0	339.0	339.0	339.0	1.0
1701	-	341	341	338	2	346.0	11.09	341.0	340.0	340.0	4.0
1702	-	-	343	340	0	348.0	10.79	340.0	342.0	342.0	3.0
1703	-	-	344	-	-	344.0	0.0	344.0	344.0	344.0	1.0
1704	-	-	349	-	-	349.0	0.0	349.0	349.0	349.0	1.0
1705	-	-	354	-	251	302.0	72.83	251.0	251.0	251.0	2.0
1706	-	-	360	-	343	352.0	12.02	343.0	343.0	343.0	2.0
1707	-	216	219	-	-	218.0	2.12	216.0	218.0	218.0	2.0
1708	-	306	299	-	183	263.0	69.08	183.0	183.0	183.0	3.0
1709	-	-	304	-	108	26.0	115.97	304.0	304.0	304.0	2.0
1710	-	-	360	-	-	360.0	0.0	360.0	360.0	360.0	1.0
1711	-	-	12	11	319	354.0	30.32	319.0	319.0	319.0	3.0
1712	15	-	-	15	-	15.0	0.0	15.0	15.0	15.0	2.0
1713	-	-	-	18	-	18.0	0.0	18.0	18.0	18.0	1.0
1714	-	-	-	42	291	346.0	78.49	291.0	291.0	291.0	2.0
1715	-	-	-	60	275	348.0	102.53	275.0	275.0	275.0	2.0
1716	-	-	-	77	-	77.0	0.0	77.0	77.0	77.0	1.0
1717	76	76	75	77	-	76.0	0.82	76.0	76.0	76.0	4.0
1718	-	-	-	85	251	168.0	117.38	85.0	85.0	85.0	2.0
1719	-	98	96	100	237	133.0	69.52	98.0	98.0	98.0	4.0
1720	-	-	-	104	233	168.0	91.22	104.0	104.0	104.0	2.0
1721	194	190	183	127	212	181.0	32.14	183.0	186.0	186.0	5.0
1722	168	163	169	142	197	168.0	19.64	163.0	167.0	167.0	5.0
1723	-	-	-	143	-	143.0	0.0	143.0	143.0	143.0	1.0
1724	-	-	-	145	-	145.0	0.0	145.0	145.0	145.0	1.0
1725	-	-	-	154	-	154.0	0.0	154.0	154.0	154.0	1.0
1726	-	149	-	155	183	162.0	18.15	149.0	152.0	152.0	3.0
1727	148	143	-	163	177	158.0	15.39	148.0	146.0	146.0	4.0
1728	-	-	-	166	-	166.0	0.0	166.0	166.0	166.0	1.0
1729	-	-	-	166	-	166.0	0.0	166.0	166.0	166.0	1.0
1730	-	129	-	177	-	153.0	33.94	129.0	129.0	129.0	2.0
1731	-	-	-	188	-	188.0	0.0	188.0	188.0	188.0	1.0
1732	-	-	-	191	143	167.0	33.94	143.0	143.0	143.0	2.0
1733	-	109	115	191	-	138.0	45.71	109.0	112.0	112.0	3.0
1734	111	105	-	194	140	138.0	40.65	111.0	108.0	108.0	4.0
1735	-	-	-	195	139	167.0	39.6	139.0	139.0	139.0	2.0
1736	-	-	-	200	134	167.0	46.67	134.0	134.0	134.0	2.0
1737	108	207	212	208	-	184.0	50.55	207.0	209.0	209.0	4.0
1738	-	-	-	215	-	215.0	0.0	215.0	215.0	215.0	1.0
1739	-	-	-	221	-	221.0	0.0	221.0	221.0	221.0	1.0
1740	-	-	-	221	-	221.0	0.0	221.0	221.0	221.0	1.0
1741	-	-	-	224	-	224.0	0.0	224.0	224.0	224.0	1.0
1742	-	-	-	227	-	227.0	0.0	227.0	227.0	227.0	1.0
1743	-	-	-	227	-	227.0	0.0	227.0	227.0	227.0	1.0
1744	-	-	248	247	-	248.0	0.71	247.0	248.0	248.0	2.0
1745	-	-	248	247	139	211.0	62.64	139.0	139.0	139.0	3.0
1746	254	105	-	248	139	186.0	75.8	139.0	139.0	139.0	4.0
1747	-	-	-	255	-	255.0	0.0	255.0	255.0	255.0	1.0
1748	-	-	-	265	-	265.0	0.0	265.0	265.0	265.0	1.0
1749	271	28	27	265	304	323.0	60.72	271.0	268.0	268.0	5.0
1750	-	-	-	301	-	301.0	0.0	301.0	301.0	301.0	1.0
1751	-	-	-	301	-	301.0	0.0	301.0	301.0	301.0	1.0
1752	-	306	306	302	-	305.0	2.31	302.0	305.0	305.0	3.0
1753	309	312	312	309	327	314.0	7.53	309.0	310.0	310.0	5.0
1754	320	315	-	312	96	351.0	70.24	315.0	316.0	316.0	4.0
1755	321	316	-	313	-	317.0	4.04	313.0	317.0	317.0	3.0
1756	-	316	-	313	349	326.0	19.97	313.0	314.0	314.0	3.0
1757	-	-	-	317	-	317.0	0.0	317.0	317.0	317.0	1.0
1758	333	-	328	326	14	340.0	22.69	328.0	329.0	329.0	4.0
1759	-	328	-	326	14	343.0	27.15	326.0	327.0	327.0	3.0
1760	-	-	-	332	7	350.0	24.75	332.0	332.0	332.0	2.0
1761	-	-	-	343	-	343.0	0.0	343.0	343.0	343.0	1.0
1762	-	-	-	346	-	346.0	0.0	346.0	346.0	346.0	1.0
1763	-	-	-	346	-	346.0	0.0	346.0	346.0	346.0	1.0
1764	-	-	-	346	-	346.0	0.0	346.0	346.0	346.0	1.0
1765	-	-	-	346	-	346.0	0.0	346.0	346.0	346.0	1.0
1766	-	-	-	346	-	346.0	0.0	346.0	346.0	346.0	1.0
1767	-	-	-	347	-	347.0	0.0	347.0	347.0	347.0	1.0
1768	-	-	-	347	-	347.0	0.0	347.0	347.0	347.0	1.0
1769	-	-	-	347	95	41.0	76.37	347.0	347.0	347.0	2.0
1770	-	-	-	347	95	41.0	76.37	347.0	347.0	347.0	2.0
1771	-	-	-	347	-	347.0	0.0	347.0	347.0	347.0	1.0
1772	355	355	355	355	347	353.0	3.58	355.0	353.0	353.0	5.0
1773	-	-	-	216	-	216.0	0.0	216.0	216.0	216.0	1.0
1774	345	129	340	338	2	15.0	64.53	340.0	341.0	341.0	5.0
1775	-	328	328	326	14	339.0	23.35	328.0	327.0	327.0	4.0
1776	333	-	-	326	14	344.0	25.93	326.0	330.0	330.0	3.0
1777	-	-	-	-	21	21.0	0.0	21.0	21.0	21.0	1.0
1778	-	-	-	-	24	24.0	0.0	24.0	24.0	24.0	1.0
1779	-	-	-	-	61	61.0	0.0	61.0	61.0	61.0	1.0
1780	-	-	-	-	61	61.0	0.0	61.0	61.0	61.0	1.0
1781	254	-	-	-	76	165.0	125.87	76.0	76.0	76.0	2.0
1782	-	-	-	-	98	98.0	0.0	98.0	98.0	98.0	1.0
1783	-	-	103	-	100	102.0	2.12	100.0	102.0	102.0	2.0
1784	-	-	-	-	100	100.0	0.0	100.0	100.0	100.0	1.0
1785	-	-	-	-	103	103.0	0.0	103.0	103.0	103.0	1.0
1786	-	216	-	-	105	160.0	78.49	105.0	105.0	105.0	2.0
1787	231	216	-	-	105	184.0	68.83	105.0	105.0	105.0	3.0
1788	228	236	-	-	106	190.0	72.86	106.0	106.0	106.0	3.0
1789	-	-	-	-	107	107.0	0.0	107.0	107.0	107.0	1.0
1790	-	-	-	-	107	107.0	0.0	107.0	107.0	107.0	1.0
1791	-	-	-	-	108	108.0	0.0	108.0	108.0	108.0	1.0
1792	-	-	-	-	108	108.0	0.0	108.0	108.0	108.0	1.0
1793	-	-	-	-	109	109.0	0.0	109.0	109.0	109.0	1.0
1794	-	-	-	-	109	109.0	0.0	109.0	109.0	109.0	1.0
1795	231	231	303	-	110	219.0	80.05	231.0	231.0	231.0	4.0
1796	-	-	-	-	111	111.0	0.0	111.0	111.0	111.0	1.0
1797	-	-	97	-	113	105.0	11.31	97.0	97.0	97.0	2.0
1798	-	-	-	-	114	114.0	0.0	114.0	114.0	114.0	1.0
1799	-	-	-	-	114	114.0	0.0	114.0	114.0	114.0	1.0
1800	-	-	-	-	115	115.0	0.0	115.0	115.0	115.0	1.0
1801	221	216	219	216	119	198.0	44.32	216.0	218.0	218.0	5.0
1802	-	-	-	-	122	122.0	0.0	122.0	122.0	122.0	1.0
1803	-	-	-	-	124	124.0	0.0	124.0	124.0	124.0	1.0
1804	108	207	212	-	127	164.0	53.72	127.0	127.0	127.0	4.0
1805	206	201	-	200	134	185.0	34.27	200.0	202.0	202.0	4.0
1806	-	-	-	-	136	136.0	0.0	136.0	136.0	136.0	1.0
1807	-	-	-	248	139	194.0	77.07	139.0	139.0	139.0	2.0
1808	-	-	-	-	139	139.0	0.0	139.0	139.0	139.0	1.0
1809	111	253	248	194	140	189.0	63.42	140.0	140.0	140.0	5.0
1810	-	109	115	191	143	140.0	37.39	115.0	112.0	112.0	4.0
1811	-	-	-	-	151	151.0	0.0	151.0	151.0	151.0	1.0
1812	-	-	-	-	153	153.0	0.0	153.0	153.0	153.0	1.0
1813	-	-	-	-	153	153.0	0.0	153.0	153.0	153.0	1.0
1814	-	-	-	-	154	154.0	0.0	154.0	154.0	154.0	1.0
1815	-	-	-	-	154	154.0	0.0	154.0	154.0	154.0	1.0
1816	-	-	-	-	172	172.0	0.0	172.0	172.0	172.0	1.0
1817	-	149	-	-	183	166.0	24.04	149.0	149.0	149.0	2.0
1818	-	-	299	155	183	212.0	76.35	155.0	155.0	155.0	3.0
1819	-	-	-	-	184	184.0	0.0	184.0	184.0	184.0	1.0
1820	-	-	-	-	184	184.0	0.0	184.0	184.0	184.0	1.0
1821	-	-	-	-	193	193.0	0.0	193.0	193.0	193.0	1.0
1822	177	172	-	-	206	185.0	18.36	172.0	174.0	174.0	3.0
1823	183	177	-	127	212	175.0	35.31	177.0	180.0	180.0	4.0
1824	-	-	183	-	223	203.0	28.28	183.0	183.0	183.0	2.0
1825	-	-	-	-	224	224.0	0.0	224.0	224.0	224.0	1.0
1826	-	-	-	-	224	224.0	0.0	224.0	224.0	224.0	1.0
1827	246	-	354	-	251	284.0	60.96	246.0	248.0	248.0	3.0
1828	-	-	-	-	259	259.0	0.0	259.0	259.0	259.0	1.0
1829	-	-	-	-	302	302.0	0.0	302.0	302.0	302.0	1.0
1830	-	-	-	-	311	311.0	0.0	311.0	311.0	311.0	1.0
1831	-	-	-	-	320	320.0	0.0	320.0	320.0	320.0	1.0
1832	-	-	-	-	320	320.0	0.0	320.0	320.0	320.0	1.0
1833	-	-	-	-	320	320.0	0.0	320.0	320.0	320.0	1.0
1834	-	-	-	-	321	321.0	0.0	321.0	321.0	321.0	1.0
1835	-	-	-	-	330	330.0	0.0	330.0	330.0	330.0	1.0
1836	-	-	-	-	331	331.0	0.0	331.0	331.0	331.0	1.0
1837	-	-	-	-	331	331.0	0.0	331.0	331.0	331.0	1.0
1838	-	-	-	-	332	332.0	0.0	332.0	332.0	332.0	1.0
1839	-	-	-	-	342	342.0	0.0	342.0	342.0	342.0	1.0
1840	-	-	-	-	343	343.0	0.0	343.0	343.0	343.0	1.0
1841	-	-	-	-	359	359.0	0.0	359.0	359.0	359.0	1.0
1842	-	-	-	-	359	359.0	0.0	359.0	359.0	359.0	1.0
